date,id,variant,time,pre_rating,rating,difference,result,points,color,opponent,op_username,op_difference,moves_count,moves,opening
2025-01-01,0FG8hohA,bullet,07:38,1029,1033,4,win,1,white,952,Kk1410,-81,24,e4 e5 Nf3 Nc6 Bb5 Bc5 c3 f6 d3 a6 Bxc6 bxc6 b4 Ba7 Na3 g5 Nc4 Ne7 Be3 h6 Bxa7 Rxa7 O-O f5 Ncxe5 fxe4 dxe4 d6 Ng4 h5 Nf6+ Kf7 Qd4 c5 bxc5 Rh6 Ne5+ Kxf6 Nc6+ Kg6 Nxd8 dxc5 Qxc5 Ra8 Qxe7 Bb7 Qf7#,C64
2025-01-01,P2a9QkkT,bullet,15:02,1033,1027,-6,loss,-1,black,1025,normalfarm,-2,16,e4 e5 Nf3 Nc6 Bb5 a6 Ba4 Nf6 d3 Bc5 Nc3 O-O Bg5 h6 Bh4 d6 Nd5 Bg4 Nxf6+ gxf6 h3 Nd4 hxg4 Nxf3+ Qxf3 c6 Bxf6 Qd7 Qh3 Bxf2+ Kxf2 Kh7 Qxh6+,C77
2025-01-01,Bu6IHTzK,bullet,23:01,1027,1023,-4,loss,-1,black,1097,bebel75,74,36,e4 e5 Nf3 Nc6 Bb5 a6 Ba4 f6 Nh4 Bc5 Qh5+ g6 Nxg6 Bxf2+ Kxf2 hxg6 Qxh8 Kf8 Bb3 d5 Bxd5 Qxd5 exd5 Nd4 Na3 f5 Qf6+ Nxf6 Rf1 e4 c3 Nxd5 cxd4 g5 d3 e3+ Ke2 f4 g3 Bg4+ Ke1 Re8 Nc4 e2 Rf2 Kg7 gxf4 gxf4 Ne5 Ne3 Nxg4 Nxg4 Rxf4 Nxh2 Rf2 Rh8 Rxe2 Nf3+ Kf2 Nxd4 Re4 Rh2+ Ke3 Nc2+ Kf3 Nxa1 Rg4+ Kf6 Bg5+ Kf5 Bf4,C70
2025-01-02,kCDoZBiG,bullet,20:59,1023,1027,4,win,1,white,945,erikosuch,-82,10,e4 e5 Nf3 Nc6 Bb5 Nf6 d3 d5 Bg5 d4 Nxe5 a6 Nxc6 bxc6 Bxc6+ Ke7 Bxa8 Qd6 Qe2 Bg4 Qxg4,C65
2025-01-03,7CHwqKB3,bullet,08:41,1027,1022,-5,loss,-1,black,1038,parthsharma13,16,22,e4 e5 Nf3 Nc6 Bb5 a6 Ba4 f6 d3 Bc5 Be3 Bxe3 fxe3 d6 Nc3 Bd7 Nd5 b5 Bb3 Nh6 a3 Ng4 O-O Kf8 Nh4 Ra7 Nf5 Bxf5 exf5 Nh6 e4 Nd4 Ba2 c6 Nb4 c5 Nd5 c4 dxc4 Nc6 cxb5 axb5 b4 Rxa3 Bb3,C70
2025-01-04,Wb5If1lZ,bullet,15:25,1022,1027,5,win,1,white,984,Kawaija,-43,10,e4 e5 Nf3 Nc6 Bb5 Nf6 d3 d5 Bg5 dxe4 Nxe5 Qd5 Bxc6+ bxc6 Bxf6 gxf6 Ng4 exd3 Nxf6+,C65
2025-01-05,XtOsC5pZ,bullet,18:09,1027,1033,6,win,1,white,1071,fiddlers_green,38,20,e4 c5 Nf3 e6 Bb5 a6 Be2 Nc6 c3 Nf6 d3 Qc7 Bg5 Be7 Bxf6 Bxf6 d4 O-O e5 Bd8 O-O Ne7 Na3 d6 Nc4 Nf5 Nxd6 Nxd6 exd6 Qxd6 dxc5 Qxc5 Qc2 Bc7 Ng5 g6 Ne4 Qh5 Nf6+,B40
2025-01-06,IqmYOyzx,bullet,19:30,1033,1026,-7,loss,-1,black,941,eclimpson931,-85,22,d4 d5 Bf4 Nc6 Nf3 a6 e3 e6 c4 Nf6 Nc3 Bb4 Bd3 Bxc3+ bxc3 Ng4 Ne5 Ncxe5 dxe5 Nh6 O-O Nf5 Qg4 g6 Bh6 Qh4 Bxf5 Qxh6 Bc2 Qg7 Rab1 Qxe5 Ba4+ c6 Qh4 Qxc3 Rfc1 Qe5 f4 Qxe3+ Kh1 Qc5 Qf6,D00
2025-01-06,d05hCtlA,bullet,20:01,1026,1033,7,win,1,white,1086,guille09999,53,26,e4 c5 Nf3 e6 Bb5 Nf6 d3 a6 Bc4 d5 exd5 Nxd5 Bxd5 exd5 Nc3 d4 Ne4 b6 Bg5 f6 Bh4 g5 Bg3 Nc6 Qe2 Be7 Nxf6+ Kf7 Ne5+ Kxf6 Nxc6 Qe8 Qe5+ Kf7 O-O Bf6 Qd5+ Be6 Ne5+ Kg7 Qb7+ Kh6 Nf3 a5 Qxb6 Rb8 Qxc5 Rxb2 Be5 Bxe5 Qxe5 Bxa2 Qxg5#,B40
2025-01-06,BOMAmNCW,bullet,20:41,1033,1028,-5,loss,-1,black,1083,alibulls3y3,55,26,e4 e5 Nf3 Nc6 d4 a6 d5 Nce7 Nxe5 f6 Qh5+ g6 Nxg6 Nxg6 e5 Qe7 Bf4 Qb4+ Nc3 Qxf4 exf6 Qxf6 Qe2+ Be7 Ne4 Qxb2 Rd1 Nf6 Nxf6+ Qxf6 g3 d6 Bg2 Bf5 O-O O-O-O Be4 Ne5 Bxf5+ Qxf5 c4 Rhf8 a4 Rd7 f4 Ng6 Rfe1 Qh3 Qg2 Qxg2+ Kxg2 h5 Re4,C44
2025-01-07,1Z6Vzq6p,bullet,22:09,1028,1035,7,win,1,black,1089,walidd,54,28,e4 e5 Nf3 Nc6 Bc4 Nf6 O-O Bc5 Re1 d6 c3 a6 h3 O-O d4 Ba7 Bb3 Be6 Bc2 h6 d5 Bxh3 gxh3 Ne7 Kh2 Ng6 Be3 Nh5 Bxa7 Rxa7 Nxe5 Nxe5 Qxh5 Qf6 Rg1 Nf3+ Kh1 Nxg1 Kxg1 Qg6+ Qxg6 fxg6 Nd2 g5 Kg2 h5 Nf3 g4 Nh4 Kh7 e5+ Kh6 e6 Kg5 Kg3 Raa8,C55
2025-01-08,PCFlU7nJ,bullet,18:19,1035,1040,5,win,1,black,996,palaksingh2418,-44,30,e4 e5 Nf3 Nc6 Bc4 Nf6 Nc3 Bc5 d3 d6 h3 O-O O-O h6 Be3 b6 a3 Bxe3 fxe3 a5 Nd5 Be6 d4 Bxd5 exd5 Ne7 dxe5 Ne4 e6 Ng6 Bd3 Ng3 exf7+ Rxf7 Bxg6 Nxf1 Bxf7+ Kxf7 Qxf1 Qf6 Qf2 Kg8 Rf1 Qxb2 Nh4 Qxa3 Qf7+ Kh8 Qxc7 Qxe3+ Kh1 Qg3 Rf7 Rg8 Ng6+ Qxg6 Rd7 Qxc2 Rxd6 Qxc7,C50
2025-01-08,wFrROpla,bullet,21:30,1040,1045,5,win,1,white,1015,CountTimmy,-30,28,e4 e5 Nf3 Nc6 Bb5 a6 Bxc6 dxc6 d3 Bd6 Nc3 Nf6 a3 b5 Bg5 O-O Ne2 Re8 Ng3 Be7 Bxf6 Bxf6 Nf5 Bxf5 exf5 e4 dxe4 Qxd1+ Rxd1 Rxe4+ Kf1 Bxb2 Rd7 Bxa3 Ng5 Rae8 g3 Re1+ Kg2 Rxh1 Kxh1 Rf8 Rxc7 c5 Ne4 c4 Nc3 Bb4 Nd5 a5 Nxb4 axb4 Rb7 Rd8 Rxb5 Rd2 Rb8+,C68
2025-01-09,bbUvnjs8,bullet,09:10,1045,1038,-7,loss,-1,white,954,jintuyo,-84,32,e4 c5 Nf3 Nc6 Bb5 e6 c3 Nge7 Bxc6 Nxc6 d4 cxd4 Nxd4 Nxd4 cxd4 Bb4+ Bd2 Bxd2+ Qxd2 O-O O-O Qb6 Nc3 d5 e5 Bd7 b3 Rfc8 Ne2 Bb5 Rfe1 Rc7 h3 Rac8 Nf4 Rc2 Qe3 R8c3 Nd3 Rxd3 Qf4 Rxd4 Qg5 Bd3 a3 Bf5 b4 Rdd2 b5 Qxf2+ Kh2 Qxg2+ Qxg2 Rxg2+ Kh1 Rh2+ Kg1 Rcg2+ Kf1 Rf2+ Kg1 Rfg2+ Kf1 Bd3+,B30
2025-01-09,TsvxKhlR,bullet,09:52,1038,1031,-7,loss,-1,black,949,Ataka_Tema,-82,40,e4 e5 Nf3 Nc6 c3 a6 d4 Bd6 d5 Nb8 c4 c6 Bd3 Nf6 Nc3 Bb4 O-O Bxc3 bxc3 c5 Bg5 d6 Rb1 h6 Be3 Nbd7 h3 Qa5 a4 Qxc3 Rc1 Qa5 Bd2 Qd8 Ne1 Nf8 f4 Ng6 f5 Nh4 Be2 Nxe4 Bg4 Nxd2 Qxd2 Qg5 Nf3 Qxd2 Nxd2 g5 Nf3 Nxf3+ Rxf3 f6 Bh5+ Ke7 Kf2 Bd7 Ke3 Bxa4 Ra1 b5 cxb5 axb5 Rf2 c4 Rfa2 c3 Bd1 c2 Bxc2 Bxc2 Rxa8 Rxa8 Rc1 Ra2 Kd2 Bb3+ Kc3,C44
2025-01-09,ocVvDQPt,bullet,11:08,1031,1037,6,win,1,white,1039,Kerberos10,2,16,e4 c6 d4 d5 e5 c5 h3 Bf5 Nf3 e6 Nc3 cxd4 Nxd4 Bg6 Be3 Bb4 a3 Bxc3+ bxc3 Qa5 Qd2 Ne7 Bg5 Nf5 Bb5+ Nc6 Bxc6+ bxc6 Nxc6 Rc8 Nxa5,B12
2025-01-09,mnRaFd1G,bullet,11:47,1037,1044,7,win,1,white,1095,ChityalaCnivas,51,34,e4 e5 Nf3 Nc6 Bb5 Nd4 Nxd4 exd4 d3 Bc5 O-O Nf6 c3 O-O Bg5 dxc3 bxc3 Be7 Bxf6 Bxf6 d4 d6 Nd2 Bd7 Bxd7 Qxd7 Nf3 Rad8 Re1 Be7 h3 c5 e5 Qc6 d5 Qb6 c4 f6 e6 Qb4 Qd3 a6 Rab1 Qa5 Rxb7 Rfe8 Rb2 Rb8 Rxb8 Rxb8 a3 h6 Nh4 Qxe1+ Kh2 Qxf2 Ng6 Re8 Qc3 Qf5 Nxe7+ Rxe7 Qa5 Qe5+ g3 Qe2+ Kg1,C61
2025-01-09,gLeoVw3P,bullet,12:34,1044,1050,6,win,1,black,1065,reformedJugler_xD,15,8,e4 e5 Nf3 Nc6 Bc4 Nf6 Ng5 d5 exd5 Na5 Bb5+ c6 Bd3 cxd5 Qf3 Bg4,C58
2025-01-09,6o80q3vI,bullet,16:39,1050,1054,4,win,1,black,1074,Pkumardemo123,20,12,e4 e5 d3 Nc6 Nf3 d6 d4 Bg4 h3 Bxf3 gxf3 Nxd4 f4 Qh4 Rh2 Nf6 c3 Nxe4 cxd4 exf4 Nd2 Ng3 Nf3 Qe7+,C20
2025-01-09,T3Z9rWLh,bullet,17:21,1054,1046,-8,loss,-1,black,918,oubeid23,-128,22,Nf3 Nc6 e3 e5 d4 e4 Nfd2 d5 Bb5 Bd7 O-O a6 Be2 Nf6 a3 h6 b4 b5 Bb2 Bd6 Nc3 g5 f3 h5 fxe4 dxe4 Ncxe4 Bxh2+ Kxh2 Ng4+ Kg1 Nxe3 Qe1 Nxc2 Qb1 Ne3 Rf2 Qe7 d5 Nd8 Bxh8 g4 Bf6,A04
2025-01-09,rmPaCl2P,bullet,19:55,1046,1040,-6,loss,-1,black,1020,MrStealYourDurum,-20,34,e4 e5 Qh5 Nc6 Bc4 g6 Qf3 Nf6 Ne2 Bc5 d3 d6 h3 Qe7 Bg5 Be6 Nbc3 Bxc4 dxc4 O-O-O Nd5 Nd4 Nxd4 Qd7 Bxf6 Bxd4 Bxh8 Bxb2 Rb1 Bd4 Bg7 Qa4 O-O Qxc2 Qb3 Qxb3 Rxb3 b6 a4 c6 Ne3 Rg8 Bh6 g5 h4 gxh4 Nf5 Rg6 Nxd4 exd4 Bd2 h3 Kh2 Rxg2+ Kxh3 Rg6 f4 Re6 e5 dxe5 fxe5 Rxe5 Rxf7 Re2 Bf4 Rf2 Rb1,C20
2025-01-09,oI0cCcJy,bullet,21:42,1040,1045,5,win,1,white,968,Kvaister,-77,26,e4 e5 Nf3 Nc6 Bb5 f6 c3 a6 Bxc6 dxc6 d3 Bc5 O-O Bg4 h3 Be6 Qe2 Ne7 Be3 Bd6 d4 O-O Rd1 Nc8 dxe5 fxe5 Nxe5 Qf6 Ng4 Bxg4 Qxg4 Re8 Nd2 Rf8 Nf3 Ne7 Bg5 Qf7 Bxe7 Bxe7 Rd2 Bd6 Ng5 Qg6 Re1 Bf4 Rd7 Bxg5 e5 Qe6 Qxe6+,C60
2025-01-10,ErTLLsDf,bullet,08:35,1045,1049,4,win,1,black,974,Rajneeshkumarsingh,-75,33,e4 e5 Bc4 Nf6 d3 Bc5 Bg5 Nc6 Nc3 h6 Bxf6 Qxf6 Qf3 Qxf3 Nxf3 d6 Nd5 O-O Nxc7 Rb8 Nd5 Be6 Nc7 Bxc4 dxc4 Bd4 Rd1 Rbc8 Nb5 Bxb2 Rxd6 Nb4 Nxa7 Nxc2+ Kd1 Rxc4 Nxe5 Bxe5 Rd5 Rxe4 Kxc2 Rc8+ Nxc8 Re2+ Kd3 Rxf2 Rxe5 Rxg2 Re7 Rxa2 Rxb7 Ra3+ Kc4 Ra4+ Kb5 Ra2 Rf1 Rc2 Rfxf7 Rxc8 Rxg7+ Kf8 Rbf7+ Ke8 Re7+ Kd8,C24
2025-01-10,1Xk4bNSg,bullet,16:23,1049,1044,-5,loss,-1,black,1058,Zurrael,14,40,e4 e5 Nf3 Nc6 Bb5 a6 Bxc6 dxc6 Nc3 f6 d3 Bb4 a3 Bxc3+ bxc3 b5 O-O Bg4 h3 Bxf3 Qxf3 Ne7 Bb2 c5 a4 b4 c4 a5 c3 Rb8 cxb4 Rxb4 Bc3 Rb3 Bxa5 Rxd3 Qe2 Qd4 Rfd1 Rxd1+ Rxd1 Qxd1+ Qxd1 O-O Bxc7 Ng6 a5 Nf4 a6 Ra8 Qa4 Ne2+ Kh2 Kf7 Qd7+ Kg6 Qc6 Rc8 a7 Nd4 a8=Q Nxc6 Qxc8 Nd4 Qd7 Ne2 Qf5+ Kf7 g4 Nf4 Kg3 g6 Qd7+ Kg8 Qe8+ Kg7 Qe7+ Kh6 Qf8+ Kg5 Qg8,C68
2025-01-10,eCCUbKLZ,bullet,19:34,1044,1049,5,win,1,white,989,Seko159,-60,22,e4 e5 Nf3 Nf6 Nc3 Bb4 a3 Ba5 d3 d6 Bd2 Nc6 Nd5 Nxd5 exd5 Bxd2+ Qxd2 Nd4 Nxd4 exd4 Be2 O-O O-O Re8 Bh5 b6 Bf3 Bb7 Qb4 Re5 Qxd4 Qe8 c4 c5 Qc3 Rg5 Qd2 Qe5 Rae1 Qf6 Re4 Bc8 Re8#,C42
2025-01-11,Z0JQsPlP,bullet,12:23,1049,1042,-7,loss,-1,white,957,MaxusCrassus,-85,22,e4 e5 Nf3 Nc6 Bb5 d5 Nxe5 Qd6 Bxc6+ bxc6 Nf3 dxe4 Ng5 Nf6 O-O Bf5 Nc3 Be7 h3 O-O Re1 Nd5 Ncxe4 Bxe4 Nxe4 Qd7 Ng3 Rfe8 d3 Bd6 Nf5 Rxe1+ Qxe1 Re8 Nh6+ gxh6 Qd2 Bf4 Qc3 Nxc3 Bxf4 Ne2+ Kh2 Nxf4,C60
2025-01-11,XlscTmnJ,bullet,12:38,1042,1047,5,win,1,white,1038,facured12,-9,28,e4 d5 e5 Bf5 d4 Nc6 Nf3 e6 Bb5 Qd7 Bxc6 Qxc6 Nc3 Bb4 Bd2 Ne7 O-O Ng6 a3 Bxc3 bxc3 O-O Rb1 Qa4 Rb3 b5 Qe2 c6 Rc1 a5 Rcb1 Bxc2 Rxb5 Bxb1 Rxb1 Qxa3 h3 Rab8 Rxb8 Rxb8 Bg5 Rb1+ Kh2 f6 exf6 gxf6 Bxf6 Nf4 Qe3 Ng6 Qxe6+ Kf8 Ng5 Nf4 Qf7#,B01
2025-01-11,z3cKkRTC,bullet,13:08,1047,1053,6,win,1,black,1024,Mesak009,-29,24,e4 e5 Nf3 Nc6 Nc3 Nf6 Bb5 a6 Bxc6 bxc6 d3 Bb4 Bd2 Bxc3 Bxc3 d6 O-O Bg4 Re1 O-O h3 Bxf3 Qxf3 Qe7 a3 c5 b4 cxb4 Bxb4 Rab8 c4 Nd7 Qd1 c5 Bc3 Nb6 a4 Nd7 a5 Nf6 f3 Qe6 Qe2 Nh5 Qf2 Nf4 g3 Nxh3+,C48
2025-01-11,zHXACsYO,bullet,15:59,1053,1059,6,win,1,white,1066,ajk0,7,16,e4 e6 Nf3 d5 e5 c5 d4 Nc6 Bb5 Qb6 Bxc6+ bxc6 c3 cxd4 Nxd4 Ne7 Nd2 Nf5 N2b3 Nxd4 cxd4 Bb4+ Bd2 Bxd2+ Qxd2 O-O O-O Bb7 Nc5 Rac8 Nd7 Qa5 Qxa5,C02
2025-01-11,49konqLi,bullet,16:20,1059,1053,-6,loss,-1,black,1043,SicMvndvsIgnacio06,-10,24,e4 e5 Nf3 Nc6 Bc4 Nf6 d3 Bc5 Be3 Bxe3 fxe3 O-O d4 d6 dxe5 dxe5 Qxd8 Rxd8 Nc3 h6 O-O Be6 Bxe6 fxe6 Rad1 Rxd1 Rxd1 a6 a4 b5 axb5 axb5 Nxb5 Nxe4 Nxc7 Ra2 Nxe6 Rxb2 Rd7 Rxc2 Rxg7+ Kh8 h3 Re2 Nh4 Rxe3 Ng6#,C50
2025-01-11,Dj8y2ZfR,bullet,17:29,1053,1047,-6,loss,-1,black,1030,ColognE1991,-17,48,d4 d5 c4 dxc4 Nc3 Bf5 e3 b5 Nxb5 Qd5 Nc3 Bd3 Nxd5 Bxf1 Kxf1 c3 bxc3 Nc6 Qc2 Kd7 Ke2 e6 Nf3 Bd6 Nb4 Nf6 Nxc6 Kxc6 Bb2 g6 h3 Nd5 Rhe1 f5 Kf1 Nf6 Rad1 Kd7 Ne5+ Ke7 Nc6+ Kf7 Qa4 Ne4 Qc2 h5 f3 Ng3+ Kg1 f4 exf4 Bxf4 Ne5+ Kf6 Nd3 Nf5 Nxf4 g5 Nxe6 Rhe8 g4 Rxe6 Rxe6+ Kxe6 gxf5+ Kd5 f6 Re8 Qf2 Rf8 Qg3 Rxf6 Qxg5+ Ke6 Re1+ Kf7 Re5 Rg6 Qxg6+ Kxg6 Rc5 h4 Rxc7 Kf5 Rxa7 Kf4 c4 Kxf3 c5 Kg3 c6 Kxh3 d5 Kg3 Be5+,D20
2025-01-12,qdu4tv0G,bullet,13:10,1047,1042,-5,loss,-1,white,1066,SimonKatein,24,50,e4 e5 Nf3 Nc6 Bb5 Nf6 d3 Bc5 O-O d6 h3 Bd7 Bxc6 Bxc6 Nc3 O-O Bg5 h6 Bxf6 Qxf6 Qe2 b5 a3 b4 axb4 Bxb4 Ra6 Bb7 Ra4 Bxc3 bxc3 Bc6 Rc4 Bd7 Rxc7 Rfe8 Rxd7 Qe6 Rb7 Qc8 Rb3 a5 c4 a4 Ra3 Qb8 Rfa1 Qb4 Nh4 Reb8 Nf5 g6 Ne7+ Kh7 Nd5 Qb2 Nc7 Ra7 Nb5 Rxb5 cxb5 Qxb5 Qf3 Kg7 Qe2 Qb2 R1a2 Qb1+ Kh2 Rb7 Rxa4 Rb2 R2a3 Rxc2 Qf3 Qb2 Ra7 Rxf2 Qg3 Rxg2+ Qxg2 Qxg2+ Kxg2 Kf6 R3a6 h5 Rd7 g5 Rdxd6+ Kg7 Rd5 g4 Rxe5 gxh3+ Kxh3 h4 Kxh4 f6 Rf5 Kg6,C65
2025-01-12,lPKrVq2R,bullet,14:31,1042,1047,5,win,1,white,1036,Kpking,-11,18,e4 c5 Nf3 Nc6 Bb5 a6 Bxc6 dxc6 d4 cxd4 Qxd4 Nf6 Qxd8+ Kxd8 e5 Nd5 c4 Nb6 b3 f6 O-O fxe5 Nxe5 Be6 Nd2 g5 Ne4 Bg7 Bb2 Kc7 Nc5 Nd7 Nxe6+ Kd6 Nxg7,B30
2025-01-12,v6oktWuJ,bullet,14:46,1047,1041,-6,loss,-1,white,1028,hokq,-13,29,e4 e5 Nf3 Nc6 Bb5 d6 c3 Bd7 Bxc6 Bxc6 d3 Be7 Be3 Nf6 Nbd2 O-O O-O Ng4 h3 Nxe3 fxe3 f5 Qe1 fxe4 dxe4 Qd7 Qg3 d5 Nxe5 Qd6 Rxf8+ Rxf8 Rf1 dxe4 Rxf8+ Kxf8 Ng6+ Qxg6 Qxg6 hxg6 Nc4 Bg5 a3 b5 Ne5 Bxe3+ Kh2 Bf4+ g3 Bxe5 h4 b4 axb4 e3 Kg1 e2 Kf2 Bb5,C62
2025-01-12,ONZB43Tu,bullet,15:32,1041,1036,-5,loss,-1,black,1089,Yaboo69,53,30,e4 e5 Nf3 Nc6 Bc4 Nf6 Nc3 a6 a3 Bc5 Ba2 O-O Nd5 d6 O-O Nxe4 d3 Nf6 Nxf6+ Qxf6 Bg5 Qf5 Bd5 Nd4 Nxd4 Qxg5 Nf3 Qf5 Be4 Qf6 b4 Ba7 c4 c6 b5 axb5 cxb5 cxb5 Qb3 Bd7 Bxb7 Rab8 Bd5 Be6 Bxe6 fxe6 Qb4 d5 Qd6 h6 Nxe5 Bxf2+ Kh1 Rbd8 Nd7 Rxd7 Qxd7 Qd8 Qxe6+,C47
2025-01-12,k3uh3HNW,bullet,15:51,1036,1040,4,win,1,black,932,Vidhvansh,-108,29,e4 e5 Nf3 Nc6 Nc3 Nf6 Bc4 Bc5 h3 d6 a3 a6 Ba2 O-O b4 Ba7 Bb2 h6 Qe2 Nh5 g3 Qf6 O-O-O Bxf2 Qxf2 Nd4 Nd5 Qxf3 Qxf3 Nxf3 Nxc7 Rb8 g4 Ng3 Rhf1 Nxf1 Rxf1 Nh4 d4 Ng6 dxe5 dxe5 Nd5 Be6 Kb1 Bxd5 Bxd5 Nf4 Bb3 Kh7 Rf3 f6 c4 Rbd8 Bc1 Rd3 Bc2 Rxf3,C50
2025-01-12,ZyvX6Usn,bullet,16:48,1040,1034,-6,loss,-1,white,1004,bravissimo21,-30,30,e4 c5 Nf3 d6 Bc4 Nc6 Bb5 Nf6 d3 Bd7 Bxc6 Bxc6 Nc3 e6 O-O Be7 Re1 Qc7 e5 dxe5 Rxe5 O-O Ng5 Bd6 Nxe6 fxe6 Rxe6 Bxh2+ Kf1 Bd7 Re7 Qd6 Re3 Bf4 Rh3 Bxc1 Rxc1 Bxh3 gxh3 Qf4 Ne2 Qh2 Ng3 Qxh3+ Ke2 Rae8+ Kd2 Qg2 Qg1 Qxg1 Rxg1 Nd5 Nh5 g6 Ng3 Rxf2+ Ne2 Rexe2+ Kc1 Rxc2+,B50
2025-01-12,krKLOGHn,bullet,19:12,1034,1039,5,win,1,white,1000,asteroydestroyer,-39,16,e4 e5 Nf3 Nc6 Bb5 a6 Bxc6 dxc6 d3 Bd6 Nc3 Nf6 Bg5 Bg4 h3 Bh5 O-O h6 Bxf6 Qxf6 Qe2 g5 a3 g4 Nh2 Rg8 hxg4 Bg6 Qf3 Qh4 Ne2 O-O-O Ng3,C68
2025-01-12,7Yr58PFB,bullet,19:37,1039,1045,6,win,1,black,1037,Scalp78,-8,4,e4 e5 Nf3 Nc6 Bb5 a6 Bxc6 dxc6,C68
2025-01-12,NJfW6iU9,bullet,20:27,1045,1040,-5,loss,-1,black,1072,koyaanasqatsi,32,26,e4 e5 Nf3 Nc6 Bb5 a6 Ba4 f6 Bb3 Nge7 O-O d5 exd5 Nxd5 d4 Nb6 dxe5 Qxd1 Rxd1 Bg4 exf6 gxf6 Re1+ Be7 Nh4 O-O-O Be6+ Kb8 Nc3 Bxe6 Rxe6 Nd4 Rxe7 Nxc2 Rb1 Nc4 Bf4 Nd6 Rc1 Nd4 Nd5 f5 Nxf5 N6xf5 Bxc7+ Ka7 Bxd8 Rxd8 Nb4 Rd6 Rcc7 Rb6 Nd5,C70
2025-01-13,fdxCxXie,bullet,10:49,1040,1035,-5,loss,-1,black,1092,SerhiiMuzichuk,57,30,e4 e5 Nf3 Nc6 Bc4 Nf6 Ng5 d5 exd5 Na5 Bb5+ c6 dxc6 bxc6 Be2 h6 Nf3 e4 Ne5 Qd5 d4 Bd6 O-O Bxe5 dxe5 Qxe5 Nc3 O-O Bd2 Nb7 Re1 Be6 Bd3 Nc5 b4 Nxd3 cxd3 Qd4 dxe4 Qxb4 Nd5 Nxd5 Bxb4 Nxb4 f4 Rad8 Qa4 Nd3 Red1 Nxf4 Rxd8 Rxd8 Qxc6 Ne2+ Kh1 Nf4 Qc7 Rd2 Qxf4 Bxa2 Qxd2,C59
2025-01-13,X30V0fWD,bullet,19:23,1035,1041,6,win,1,white,1031,Mrcrinkles,-10,26,e4 e5 Nf3 f5 exf5 e4 Qe2 Be7 Qxe4 Nf6 Qc4 d5 Qa4+ Bd7 Qd4 c5 Qd3 O-O Ne5 Nc6 Qg3 Nxe5 Qxe5 Ng4 Qxd5+ Kh8 Be2 b6 Bxg4 Rc8 Nc3 Bc6 Qe5 Bxg2 Rg1 Bb7 Bf3 Bf6 Qg3 Ba6 Ne4 Qd4 Nd6 Rcd8 Ne4 Rfe8 d3 Qe5 Bf4 Qxf5 O-O-O,C40
2025-01-14,pthDKwB3,bullet,08:35,1041,1047,6,win,1,white,1100,GauravDevdhekar,53,6,e4 c6 Nf3 d5 e5 c5 d4 cxd4 Nxd4 e6 Nc3,B10
2025-01-14,biCzfWTf,bullet,19:24,1047,1053,6,win,1,black,1024,houjai,-29,30,e4 e5 Nf3 Nc6 Bc4 Nf6 d3 d6 c3 a6 Bb3 b5 Bc2 Bg4 h3 Bxf3 Qxf3 b4 c4 Nd4 Qd1 c5 O-O a5 Be3 Ne6 Ba4+ Nd7 Qg4 Be7 Nd2 Bf6 Nf3 O-O Bxd7 Qxd7 Bg5 Qe7 Bxf6 Qxf6 Nh4 Ng5 Nf5 h6 h4 Ne6 Nxd6 Rad8 Nf5 Rxd3 Rad1 Nf4 Rxd3 Nxd3 Rd1 Rd8 Qe2 Nf4 g3 Nxe2+,C55
2025-01-14,73zpaE5r,bullet,19:47,1053,1058,5,win,1,white,990,blunderingismyhobby,-68,34,e4 e6 Nf3 d5 e5 Nc6 d4 a6 a3 Nge7 Nc3 Nf5 Bd3 Nfxd4 Bxa6 Rxa6 Nxd4 Bd7 Nf3 Bc5 Be3 Ra5 b4 Bxe3 bxa5 Bf4 Qe2 Nxa5 Rb1 b6 a4 Qb8 Nb5 Bxb5 Qxb5+ c6 Qxb6 Qxb6 Rxb6 Kd7 Ra6 Nc4 a5 Rc8 Ra7+ Kd8 a6 Nxe5 Nxe5 Bxe5 Rxf7 Ra8 a7 Ke8 Rb7 Kf8 O-O c5 Re1 Bf6 Rxe6 c4 Rb8+ Rxb8 axb8=Q+ Kf7 Qe8#,C00
2025-01-14,C1NnyZSU,bullet,21:12,1058,1052,-6,loss,-1,black,1059,mostafaommati,7,16,e4 e5 Bc4 Nf6 f3 Bc5 c3 d6 Ne2 O-O d4 Bb6 Be3 a6 Nd2 Be6 Bf2 Nbd7 d5 Bxf2+ Kxf2 Nxe4+ Nxe4 Qh4+ g3 Qh5 dxe6 fxe6 Bxe6+ Kh8 g4 Qxg4 Bxg4,C20
2025-01-15,uUY1Q13C,bullet,09:42,1052,1047,-5,loss,-1,white,1083,DukeDiamond,36,17,e4 g6 Nf3 Bg7 e5 d6 d4 dxe5 Be3 exd4 Nxd4 Nf6 Bc4 O-O c3 a6 O-O c6 Bg5 Qc7 Qb3 b5 Bd3 Qe5 Be3 Nbd7 Nxc6 Qd6 Bxb5 axb5 Qxb5 Ba6 Qc4 Bxc4,B06
2025-01-15,w915Ks5g,bullet,10:40,1047,1039,-8,loss,-1,black,923,A-KASMI,-116,34,e4 e5 f4 exf4 Bc4 Qh4+ g3 fxg3 hxg3 Qxh1 Kf1 d6 Qf3 Bh3+ Kf2 Qxf3+ Kxf3 Be6 Be2 Nf6 b3 Nc6 Nc3 Nd4+ Kf2 Nxc2 Rb1 Nd4 Ke3 c5 Bb2 O-O-O Nd5 Bxd5 exd5 Re8+ Kf2 Rxe2+ Nxe2 Ng4+ Ke1 Nc2+ Kd1 Nb4 a3 Nf2+ Ke1 Nbd3+ Kf1 Be7 a4 Re8 Bxg7 Bg5 Bc3 f6 Re1 Rg8 Nf4 Bxf4 gxf4 Nxf4 Re4 N4d3 Re2 Rg3 Bxf6,C33
2025-01-15,8MkV9Eyk,bullet,13:22,1039,1034,-5,loss,-1,white,1041,DrGreenthumbs,7,23,e4 e5 Nf3 Nc6 Bb5 d6 c3 a6 Bxc6+ bxc6 d4 Bg4 h3 Bxf3 Qxf3 Nf6 Bg5 Be7 Bxf6 Bxf6 O-O O-O Rd1 d5 Nd2 Rb8 Nf1 Rxb2 Ng3 g6 dxe5 Bxe5 Qg4 Bxc3 Nf5 Qf6 Nh6+ Kg7 Nf5+ Kh8 exd5 gxf5 dxc6 fxg4 Rd7 Qxf2+,C62
2025-01-15,3bBgIPY6,bullet,15:54,1034,1039,5,win,1,white,1023,ChiefHenk,-16,46,e4 c6 Nf3 d5 e5 h6 d4 Bf5 Bd3 Bxd3 Qxd3 e6 a3 Nd7 O-O Qc7 Be3 O-O-O Nbd2 g5 Nb3 f6 Rae1 fxe5 dxe5 Nxe5 Nxe5 Qxe5 Bd4 Qf4 Bxh8 Bd6 g3 Qg4 Re3 Ne7 Bd4 Nf5 Rxe6 Nh4 Rxh6 Nf3+ Kg2 Nxd4 Nxd4 Rf8 Rxd6 Rh8 Qf5+ Qxf5 Nxf5 Kc7 Rg6 Rf8 Rxg5 Kb6 Nd6 a5 b3 Kc5 Nxb7+ Kd4 Nxa5 Kc3 Nxc6 Kxc2 Rxd5 Kxb3 Rb1+ Kc4 Rh5 Rc8 Rh4+ Kd5 Ne7+ Ke6 Nxc8 Kf5 Rbb4 Ke5 g4 Kd5 g5 Kc5 g6 Kc6 g7 Kd5 g8=Q+ Ke5 Qg6 Kd5 Rh5#,B10
2025-01-15,GuVSVvv2,bullet,18:59,1039,1034,-5,loss,-1,black,1047,jamix77,13,38,e4 e5 Qf3 Nc6 Bc4 Nf6 c3 Bc5 d3 d6 h3 a6 a3 b5 Bg5 O-O Bb3 h6 Bxf6 Qxf6 Qxf6 gxf6 Nf3 Ne7 Nh4 Kg7 Nd2 h5 O-O Kh6 Kh2 Rg8 g3 f5 Nxf5+ Bxf5 exf5 Nxf5 Ne4 Kg6 f4 Ne3 Rf3 Nf5 fxe5 h4 g4 Ne3 exd6 cxd6 Nxc5 dxc5 Rxe3 Rae8 Rxe8 Rxe8 Rf1 f6 Bc2 Re2+ Kg1 Rxc2 d4 cxd4 cxd4 Rxb2 Rd1 Rb3 d5 Rxa3 d6 Re3 d7 Rg3+ Kh2,C20
2025-01-15,FzSZbmeu,bullet,20:08,1034,1029,-5,loss,-1,black,1059,virtualme,30,30,b3 e5 Bb2 f6 e3 d5 g3 Nc6 Bg2 Be6 f4 Bd6 fxe5 Bxe5 Bxe5 Nxe5 Nf3 Ne7 Nxe5 fxe5 Qh5+ g6 Qxe5 Qd6 Qxh8+ Kd7 Qxa8 Nf5 Qxa7 Qb4 c3 Qg4 Qxb7 Nd6 Qa6 Ne4 Bf1 Qf3 Rg1 Qf2+ Kd1 Qxg1 c4 Qxf1+ Kc2 Bf5 Qb5+ c6 Qb7+ Kd6 Qb4+ Nc5+ Kb2 Qd3 cxd5 Qxd5 a4 Qe5+ Ka3,A01
2025-01-15,kQukHfc2,bullet,21:20,1029,1024,-5,loss,-1,white,1082,akki744,58,17,e4 e5 Nf3 Nc6 Bc4 Bc5 d3 h6 O-O Nf6 h3 O-O Nc3 d6 Re1 Be6 Be3 Bb6 b3 d5 exd5 Bxd5 Bxd5 Nxd5 Nxd5 Qxd5 d4 exd4 Bxd4 Nxd4 Re5 Nxf3+ gxf3 Qxe5,C50
2025-01-16,FqKeQO4U,bullet,14:06,1024,1018,-6,loss,-1,black,1051,ioReldneh,33,42,d4 d5 Nf3 e6 Nc3 Bb4 a3 Bxc3+ bxc3 Nf6 e3 Nc6 c4 a6 cxd5 Qxd5 Bb2 Qa5+ Nd2 Ne4 Be2 Ne7 f3 Nxd2 Qxd2 Qxd2+ Kxd2 b5 d5 Nxd5 Bxg7 Rg8 e4 Nf4 g3 Nh5 Bd4 Rg6 g4 Nf4 Ke3 Ng2+ Kf2 Nh4 Rhd1 f6 e5 fxe5 Bd3 Rg5 Be3 Rg7 c4 Rf7 Be2 Ng6 cxb5 axb5 Rd2 Ba6 Rad1 e4 f4 Nxf4 Bxf4 Rxf4+ Ke3 Rf7 Rd4 Bb7 Bxb5+ Kf8 Rd7 Kg7 Rxf7+ Kxf7 Rd7+ Kf6 Rxc7 Bd5 Kd4 Kg5 h3,D02
2025-01-16,uJnK6Adr,bullet,15:44,1018,1014,-4,loss,-1,white,1092,Aletreng,78,12,e4 e5 Nf3 Nc6 Bc4 Bc5 O-O d6 Bxf7+ Kxf7 d3 Nf6 Bg5 h6 Bxf6 Qxf6 Nc3 Be6 Nb5 Qd8 Nd2 a6 Qf3+ Ke7 Nc3,C50
2025-01-16,Hkffacit,bullet,16:53,1014,1006,-8,loss,-1,black,864,Piece701,-142,8,e4 e5 Nf3 Nc6 d4 exd4 Bc4 Bc5 Ng5 d5 Qf3 f6 Bxd5 fxg5 Qf7#,C44
2025-01-16,pUwMNMab,bullet,18:47,1006,1002,-4,loss,-1,black,1082,DouglasBD4,80,30,e4 e5 Nf3 Nc6 Nc3 Nf6 d4 d6 d5 Nb4 a3 Nxc2+ Qxc2 Bg4 Qa4+ Nd7 Ng5 a6 f3 Bh5 Nb5 Be7 Nxc7+ Qxc7 Nh3 O-O g4 Nc5 Qc2 Bg6 b4 Bh4+ Kd1 Rac8 bxc5 Bxe4 fxe4 Qd7 Be3 Qxg4+ Qe2 Qxe4 Nf2 Bxf2 Qxf2 Qxh1 Ke2 Qxd5 Rd1 Qc4+ Ke1 Qc3+ Qd2 Qxd2+ Rxd2 Rc6 cxd6 Rd8 Bg5 Rc1+ Ke2,C47
2025-01-16,zKaTkV0X,bullet,20:03,1002,996,-6,loss,-1,black,985,Kaldraga,-11,16,e4 e5 d4 exd4 c3 dxc3 Bc4 Nf6 e5 Qe7 Ne2 Qxe5 O-O Ng4 g3 Qc5 Qb3 Ne5 Bd5 d6 Nbxc3 Nbd7 Be3 Nf3+ Bxf3 Ne5 Bxc5 Nxf3+ Kg2 Nd2 Qd1 Nxf1,C21
2025-01-16,TLFZtU2M,bullet,20:23,996,989,-7,loss,-1,white,919,kon-gusev,-70,33,e4 e5 Nf3 Nf6 Nc3 Bb4 a3 Bxc3 dxc3 O-O Bg5 h6 Bxf6 Qxf6 Bd3 d6 O-O Bg4 h3 Bh5 Qe2 Nd7 Qe3 Nc5 b4 Ne6 c4 Nf4 c5 d5 exd5 Nxd5 Qxe5 Bxf3 Qxf6 Nxf6 gxf3 c6 Kg2 Rad8 Kg3 Rd4 Rae1 Nh5+ Kg2 Nf4+ Kg3 Nxd3 cxd3 Rxd3 Re3 Rfd8 Rfe1 Rd2 Re4 R8d5 R1e3 Kh7 Re7 R2d3 Rxb7 Rxe3 fxe3 Rd3 Rxa7 Rxe3,C42
2025-01-17,SOTglndl,bullet,05:51,989,984,-5,loss,-1,black,1001,Carrion123,17,26,d4 d5 e3 a6 Bd3 Nf6 Nd2 e6 f4 Be7 c3 b5 b3 Nc6 Bb2 Na5 Ngf3 Nc6 Ne5 Nxe5 fxe5 Nd7 O-O g6 Qf3 f5 g4 Nb6 Rf2 Rf8 Raf1 Qd7 Qh3 Rf7 Bc1 Bg5 Nf3 Be7 Bc2 Bb7 Qh6 O-O-O Ng5 Bxg5 Qxg5 Rdf8 Ba3 Rg8 gxf5 exf5 Qg2,D00
2025-01-17,N2kAS9Nj,bullet,09:57,984,990,6,win,1,white,1042,retro2707,52,30,e4 c6 Nf3 d5 e5 Bg4 d4 c5 Be2 e6 Nc3 Nc6 a3 Bxf3 Bxf3 cxd4 Nb5 Qb6 Nd6+ Bxd6 exd6 Qd8 Bf4 e5 Bg3 Qxd6 c4 Nge7 O-O O-O b4 e4 Bxd6 exf3 Qxf3 Ng6 cxd5 Rfe8 Bc5 Nge5 Qg3 Rad8 dxc6 bxc6 Rad1 d3 Rfe1 f6 h3 Nc4 Rxd3 Rxe1+ Kh2 Ne5 Rxd8+ Kf7 Qb3+ Kg6 Qc2+ Kf7 Rd6,B10
2025-01-17,n5sB04OT,bullet,10:19,990,985,-5,loss,-1,white,984,Barsuk_Mz,-1,21,e4 e5 Nf3 Nc6 Bb5 Nf6 d3 Bc5 Bg5 h6 Bxf6 Qxf6 Nc3 O-O Nd5 Qd8 O-O Nb4 Nxb4 Bxb4 c3 Ba5 Nxe5 a6 Ba4 b5 Bb3 d5 Bxd5 Rb8 Nc6 Qd6 Nxb8 Bb7 Bxb7 Rxb8 Bd5 c6 Bb3 Bc7 d4 Qxh2#,C65
2025-01-18,KXzobumL,bullet,12:35,985,989,4,win,1,white,908,Gigafrede,-81,22,e4 e5 Nf3 Nc6 Bb5 g6 c3 Bg7 d3 b6 Nbd2 Bb7 Bxc6 dxc6 Nc4 Qd7 Ncxe5 Bxe5 Nxe5 Qe6 Bf4 O-O-O Qa4 c5 Rc1 f6 Nf3 Qg4 O-O a5 Be3 f5 Ne5 Qe2 Nf7 Nf6 Nxd8 Rxd8 Bg5 Rf8 Bxf6 Rxf6 Qe8#,C60
2025-01-19,pJTJS8dg,bullet,16:32,989,995,6,win,1,black,992,Miguelangel1000,-3,8,d4 d5 Nf3 Nc6 e3 Bg4 Nbd2 f6 c4 e5 cxd5 Qxd5 dxe5 Nxe5 Nxe5 Bxd1,D02
2025-01-19,MLJmza08,bullet,17:09,995,1000,5,win,1,black,942,lucasramil,-58,25,e4 e5 Nf3 Nc6 Bb5 a6 Ba4 Nf6 Nc3 Bb4 a3 Bxc3 dxc3 O-O O-O d6 Bg5 b5 Bb3 Ne7 Nh4 Ng6 Nf5 Bxf5 exf5 Nf4 Bxf4 exf4 Qf3 Qd7 Qxf4 h6 Rad1 Rae8 c4 Re4 Qf3 Re5 cxb5 Rxf5 bxa6 Rxf3 a7 Rxb3 cxb3 Qc6 f4 Qc5+ Rf2 Qxa7,C77
2025-01-19,9UFIMXGy,bullet,18:13,1000,1006,6,win,1,white,1023,noobie92,17,30,e4 e5 Nf3 Nc6 Bb5 d6 Nc3 Nf6 d3 a6 Bxc6+ bxc6 Bg5 Be7 Bxf6 Bxf6 O-O O-O h3 Rb8 b3 Bb7 Ne2 c5 Ng3 c6 c4 Qe7 Nf5 Qe8 Nxd6 Qd7 Nf5 Bc8 Qd2 Qc7 Nxg7 Bxg7 Qg5 Bxh3 gxh3 Qd7 Kh2 Kh8 Qg2 Rg8 Rg1 Bh6 Qf1 Bf4+ Kh1 Rxg1+ Kxg1 Qxh3 Qxh3 Rg8+ Kf1 Rg1+ Kxg1,C62
2025-01-20,s85z9Lkg,bullet,16:07,1006,999,-7,loss,-1,black,900,cyprien64,-99,26,d4 d5 Nf3 Nc6 Bf4 a6 c3 Bg4 Nbd2 e6 e3 f6 h3 Bxf3 Nxf3 Bd6 Bd3 Nge7 O-O Qd7 Re1 g5 Bxd6 Qxd6 Qc2 O-O-O Nh2 f5 e4 fxe4 Bxe4 dxe4 Qxe4 Nf5 Ng4 Ng7 Nf6 Nf5 Qxe6+ Qxe6 Rxe6 h5 Rae1 g4 hxg4 hxg4 Nxg4 Ng7 Re7 Nxe7 Rxe7 Nf5 Re5,D02
2025-01-21,TUCNPwCB,bullet,10:00,999,1004,5,win,1,white,961,KKM014_B15L_RUVINESH,-43,36,e4 e5 Nf3 Nc6 Bb5 a6 Bxc6 dxc6 d3 Bg4 h3 Bxf3 Qxf3 Nf6 Bg5 h6 Bxf6 Qxf6 Qxf6 gxf6 Nd2 Bb4 O-O-O Bxd2+ Rxd2 O-O-O b3 Rd5 a4 Rd6 g4 Rg8 f3 Rg5 c4 h5 Kc2 h4 Kc3 c5 a5 b6 Ra2 bxa5 Rxa5 Rb6 Rxc5 Kd7 Ra1 f5 Rxe5 f6 Rxf5 Rg7 Raa5 Rf7 Rfd5+ Ke6 Rf5 Kd6 Rad5+ Ke7 b4 c6 Rd4 c5 bxc5 Rc6 Rd6 a5 Rxc6 a4 Ra6,C68
2025-01-21,jfV03Puu,bullet,15:18,1004,1011,7,win,1,black,1085,IGOR_K_F,74,13,e4 e5 Nf3 Nc6 Nc3 Nf6 d4 exd4 Nxd4 Nxd4 Qxd4 b6 Bg5 Bc5 Qc4 Qe7 Bd3 Bxf2+ Kxf2 Ng4+ Kg1 Qxg5 Nd5 Qd8 e5 O-O,C47
2025-01-21,kSjWBbbk,bullet,17:52,1011,1005,-6,loss,-1,black,1009,abase4,4,34,e4 e5 Nf3 Nc6 Bc4 Nf6 O-O Bc5 d3 d6 Bg5 h5 Nc3 Bg4 Nd5 Bxf3 Qxf3 Nd4 Nxf6+ gxf6 Qxf6 Ne2+ Kh1 Qxf6 Bxf6 Nf4 Bxh8 O-O-O Bf6 Rg8 g3 Nh3 Kg2 Bxf2 Rxf2 Nxf2 Kxf2 Rg4 Rf1 Rg6 Kg2 Kd7 Bxf7 Rh6 Bb3 Kc6 Bg5 Kc5 Rf6 Rxf6 Bxf6 Kd4 Bf7 h4 Bxh4 Ke3 g4 Kd2 g5 Kxc2 g6 Kxd3 g7 Kxe4 g8=Q Kd4 Bh5,C55
2025-01-21,po3DsmZW,bullet,20:58,1005,1011,6,win,1,white,978,MarcosRasmu,-33,24,e4 d5 Nf3 dxe4 Ne5 Qd5 d4 f6 Nc3 Qd6 Nb5 fxe5 Nxd6+ cxd6 dxe5 dxe5 Qh5+ g6 Qxe5 Nf6 Bg5 Rg8 Bxf6 Nd7 Bb5 a6 Bxd7+ Bxd7 O-O-O Rd8 Bg5 Kf7 Qd5+ e6 Qxe4 h6 Be3 h5 Qxb7 Bg7 Rxd7+ Rxd7 Qxd7+ Kf6 Bd4+ Kg5 Bxg7,A06
2025-01-22,GtLFkOlo,bullet,08:17,1011,1005,-6,loss,-1,white,1019,abase4,14,47,e4 e5 Nf3 Nc6 Bb5 d6 c3 Nf6 d3 a6 Bxc6+ bxc6 Bg5 Be7 Bxf6 Bxf6 Nbd2 O-O Nf1 Bg4 Ng3 Qd7 Qe2 d5 Qe3 Bxf3 Qxf3 dxe4 Nxe4 Qe6 b3 Rfd8 Nc5 Qd6 Rd1 e4 Nxe4 Re8 O-O Qe5 Nxf6+ Qxf6 Qxf6 gxf6 Rde1 Kh8 Rxe8+ Rxe8 d4 Re2 a4 Rc2 c4 Kg7 h3 a5 Kh2 Rc3 Rb1 Kg6 g3 Kf5 f3 Rxf3 Kg2 Ke4 d5 cxd5 cxd5 Rd3 Re1+ Kxd5 Kf2 Rd2+ Re2 Rxe2+ Kxe2 Kd4 g4 Kc3 Ke3 Kxb3 Kd4 Kxa4 Kc4 Ka3 Kb5 a4 h4 Kb3 Ka5 a3 h5 a2,C62
2025-01-22,4hz9RbXN,bullet,09:19,1005,1010,5,win,1,black,969,HectorYamamoto,-41,28,e4 e5 Nf3 Nc6 Bc4 Nf6 c3 Bc5 Qb3 O-O Ng5 Bxf2+ Kxf2 Ng4+ Ke1 Qxg5 Bxf7+ Rxf7 Qc4 Qh4+ g3 Qh3 Qf1 Qh5 Qe2 Rf2 Qxf2 Nxf2 Rf1 Qf3 d4 Nd3+ Kd2 Qxf1 Kc2 Nf2 Nd2 Qe2 d5 Qd3+ Kb3 Na5+ Ka4 b6 b4 Nxe4 bxa5 Nxd2 Bxd2 Qxd2 Rb1 Qxc3 Rb3 Qc4+ Ka3 b5,C54
2025-01-22,rbhdct7E,bullet,11:19,1010,1004,-6,loss,-1,black,993,mmmg7363,-11,18,e4 e5 d3 d5 exd5 Qxd5 Nc3 Qd8 Qh5 Nc6 Nf3 Nf6 Qh4 Be7 Bg5 Be6 O-O-O Nd5 Bxe7 Ndxe7 Ne4 Bxa2 Qg3 Ng6 b3 Qe7 Kb2 Nb4 Re1 O-O-O Neg5 Nxd3+ Kxa2 Nc5 Rxe5,C20
2025-01-22,Vrlw3buR,bullet,11:54,1004,1005,1,draw,0,black,1077,pokot0,72,46,d4 d5 Bf4 Nc6 e3 a6 Nf3 Nf6 Nc3 e6 a3 Bd6 Bxd6 Qxd6 Bd3 h6 Qe2 Bd7 h3 Ne7 Na4 Ng6 Nc3 O-O Bxg6 fxg6 Ne5 Ne4 Nxe4 dxe4 Nxg6 e5 Nxe5 Qf6 Nxd7 Qxf2+ Qxf2 Rxf2 Kxf2 Rd8 Ne5 Rf8+ Ke2 b5 Rhf1 Re8 Rf7 c5 Raf1 cxd4 exd4 Rc8 c3 Kh7 R1f4 b4 axb4 Ra8 Rxe4 a5 Nc6 a4 Ree7 Rg8 Ra7 h5 Rxa4 Kg6 Rfa7 Re8+ Kd3 Kf5 R4a5+ Kf4 Rxg7 Re3+ Kc4 Re2 Rf7+ Kg3 Rg5+ Kh4 Rfg7 Rxb2 Ne5 Rxg2 Nf3+ Kxh3 Rxg2 h4 R7g4,D00
2025-01-22,vXMYBCpO,bullet,14:28,1005,1011,6,win,1,white,989,Nath-Alie,-22,22,e4 e5 Nf3 Nc6 Bb5 Bd6 Nc3 Nf6 d3 h6 a3 a6 Bxc6 bxc6 Be3 O-O b4 Be7 d4 exd4 Qxd4 d6 O-O d5 h3 Re8 e5 Nh5 Ne2 Be6 c3 Bg5 Ng3 Nxg3 fxg3 Bxe3+ Qxe3 Bf5 Nh4 Be4 Qf4 Qe7 Nf5 Qxe5 Nxh6+,C60
2025-01-22,cxLOT9H7,bullet,16:40,1011,1006,-5,loss,-1,white,1082,Vodookid,76,50,e4 d5 e5 e6 d4 Nc6 Nf3 Bb4+ Bd2 Bxd2+ Nbxd2 b6 Bb5 Bb7 Nb3 Ne7 O-O O-O Qd3 Nf5 Bxc6 Bxc6 Nbd2 Qd7 a4 a6 b3 b5 a5 b4 Rfe1 Bb5 c4 dxc4 bxc4 Bc6 Nf1 Bb7 Ng5 Qxd4 Qxd4 Nxd4 Ng3 Nc2 Nxh7 Rfe8 Ng5 Nxa1 Rxa1 Red8 h3 Rd2 Rb1 c5 N3e4 Ra2 Nxc5 Bc6 Rxb4 Ra1+ Kh2 Rd8 Nf3 Rf1 Kg3 Bxf3 Kxf3 Rd2 Ne4 Rd3+ Ke2 Rfd1 Rb6 R1d2+ Nxd2 Rd8 Rxa6 Rc8 Rb6 g5 Rb4 Kg7 g4 Kg6 f3 Rd8 Ke3 f6 Ne4 f5 gxf5+ exf5 Nd6 f4+ Ke4 Ra8 c5 Rxa5 Rb6 Rxc5,C02
2025-01-22,rACqBAsH,bullet,21:03,1006,1013,7,win,1,black,1166,Franek_777,153,16,e4 e5 Bc4 Nf6 d3 d5 exd5 Nxd5 Nc3 Nxc3 bxc3 Be6 Bxe6 fxe6 d4 Nc6 dxe5 Qxd1+ Kxd1 Nxe5 Nf3 O-O-O+ Bd2 Nc4 Re1 Nb2+ Kc1 Ba3 Be3 Nd3+ Kd2,C24
2025-01-23,YolksoWA,blitz,09:50,1243,1235,-8,loss,-1,black,1276,Serrrega1975,41,40,Nf3 Nc6 d4 d5 e3 Bg4 Be2 Bxf3 Bxf3 e6 O-O Bd6 Nd2 Nf6 a3 O-O c4 Ne7 c5 Bxh2+ Kxh2 c6 Be2 Qc7+ Kg1 Ng6 Nf3 Ne4 Bd3 Nf6 Bxg6 fxg6 Nh2 h5 b4 e5 Bb2 e4 f3 Rae8 fxe4 Nxe4 Rxf8+ Rxf8 Nf3 Ng3 Qe1 Ne4 Qe2 Ng3 Qf2 h4 Rf1 g5 Qe1 Ne4 Ne5 Rxf1+ Qxf1 a6 Qe2 Ng3 Qf3 Qc8 Bc1 Ne4 Qf7+ Kh7 Qg6+ Kh8 Nf7+ Kg8 Qh5 Qe6 Ne5 Ng3 Qxg5 Ne2+ Kf2 Nxc1 Qd8+,D02
2025-01-23,z4Gx0pDR,bullet,11:05,1013,1008,-5,loss,-1,white,1078,thametej,70,56,e4 e5 Nf3 d5 Nc3 d4 Nd5 Nc6 d3 Be6 Bg5 f6 Bd2 Bxd5 exd5 Qxd5 b3 O-O-O Be2 Bd6 O-O h5 Nh4 g5 Nf5 Nge7 Bxh5 Nxf5 Bg4 Ne7 Bxf5+ Nxf5 Qg4 Qe6 h3 Rh4 Qd1 e4 Re1 e3 Ba5 exf2+ Kxf2 Bg3+ Kg1 Bxe1 Qxe1 Qe3+ Kh2 g4 Bd2 Qxe1 Rxe1 gxh3 gxh3 Rdh8 Bb4 Rxh3+ Kg2 Rg3+ Kf2 Rh2+ Kf1 Ne3+ Rxe3 dxe3 Ke1 e2 Kd2 Rg1 Ke3 e1=Q+ Bxe1 Rxe1+ Kd4 Kd7 Kc3 c6 d4 b6 Kc4 a6 b4 b5+ Kc5 Kc7 c3 f5 d5 cxd5 Kxd5 f4 c4 Rd1+ Kc5 Re2 cxb5 f3 bxa6 Kb8 Kb6 Rc1 a7+ Ka8 b5 Rc8 Ka6 Re6+ b6 Rxb6+ Kxb6 Rd8,C40
2025-01-23,Ie4FOPMs,bullet,11:49,1008,1002,-6,loss,-1,white,967,Anna_Targeryan,-35,10,e4 d5 Nf3 dxe4 Ne5 Qd5 Nxf7 Qxf7 Qe2 Nf6 b3 Nc6 c4 Bf5 Ba3 Nd4 Qd1 e3 dxe3 Nc2+,A06
2025-01-23,T0Q8UZne,bullet,12:24,1002,1008,6,win,1,black,1008,mostafaommati,0,23,e4 e5 Bc4 Nf6 f3 Bc5 c3 d6 d4 exd4 cxd4 Bb4+ Nc3 Nc6 a3 Bxc3+ bxc3 Be6 d5 Na5 Qa4+ Bd7 Qxa5 Nh5 Qb4 Qh4+ Kf1 O-O Ne2 Bh3 Qxb7 Bxg2+ Kxg2 Nf6 Qxc7 Nxe4 fxe4 Qxe4+ Kf1 Qxh1+ Kf2 Qxh2+ Ke1 Rfe8 Qxd6 Qxd6,C20
2025-01-23,swNDlvIo,bullet,15:34,1008,1002,-6,loss,-1,white,1039,JJchessov,37,17,e4 c5 Nf3 e6 Bb5 a6 Ba4 b5 Bxb5 axb5 Qe2 Qb6 e5 Bb7 O-O Qc6 d3 Be7 Bf4 f6 Nbd2 Nh6 Bxh6 gxh6 Ne4 Rg8 g3 f5 Ned2 h5 c3 h4 Nxh4 Qh1#,B40
2025-01-23,ORWtRP0e,bullet,16:36,1002,998,-4,loss,-1,white,1054,Leo_kzn,56,29,e4 e5 Nf3 Nc6 Bb5 Nf6 d3 d6 Bg5 h6 Bxf6 Qxf6 Nc3 a6 Bxc6+ bxc6 d4 Bg4 d5 cxd5 Nxd5 Qd8 Qd3 c6 Nc3 Be7 Nd2 O-O f3 Bh5 O-O-O Bg5 Kb1 Rb8 Nb3 Be7 g4 Bg6 h4 d5 h5 Bh7 Qxa6 d4 Ne2 Ra8 Qxc6 Qb8 Qd5 Rd8 Qc4 Qa7 Ng3 Qxa2+ Kc1 Rdc8 Qd3 Rab8,C65
2025-01-23,5d3wTsGH,bullet,17:06,998,990,-8,loss,-1,white,878,AbuOmar83,-112,1,e4 e5,C20
2025-01-23,LOfx9pYZ,bullet,19:07,990,996,6,win,1,white,991,andreaeiou,-5,26,e4 e5 Nf3 Nc6 Bb5 Qf6 Nc3 a6 Nd5 Qd6 Bxc6 bxc6 Nc3 Qe6 d3 d5 b3 d4 Na4 Bb7 Nb2 Bb4+ Bd2 Bd6 Nc4 Be7 Ba5 Rc8 Ncxe5 c5 Nc4 Nf6 O-O O-O Ng5 Qg4 Nf3 Nxe4 Nce5 Qe6 dxe4 f6 Nd3 Bxe4 Re1 f5 Nf4 Qf6 Nd5 Qf7 Nxc7,C60
2025-01-23,31OMwpW5,bullet,19:14,996,989,-7,loss,-1,black,948,xxlstuhlgang,-41,24,e4 e5 Nf3 Nc6 Bb5 a6 Ba4 Nf6 O-O Bc5 h3 O-O Bxc6 dxc6 d4 exd4 c3 Nxe4 cxd4 Ba7 Re1 Nf6 Bg5 h6 Bh4 Qd6 Nc3 Nh5 Ne4 Qb4 a3 Qb5 b4 Nf4 Qc1 Nd3 Qe3 Nxe1 Qxe1 Bf5 g4 Bg6 Ne5 Bxe4 Qxe4 Qd5 Qf4 Bxd4 Bf6,C78
2025-01-24,K5DZYf2E,bullet,08:03,989,983,-6,loss,-1,white,960,tocker,-23,24,e4 c6 Nf3 d5 e5 Bf5 d4 e6 Bd3 Ne7 Bg5 Bxd3 Qxd3 Qc7 Nc3 Nd7 Na4 Nf5 O-O Be7 Bxe7 Nxe7 Ng5 Nf5 c3 g6 g4 Ng7 Qf3 O-O h3 Nb6 Nc5 Nc4 Rad1 Nxb2 Rd2 Nc4 Rc2 Ne8 Qd1 Qe7 Nf3 f6 Rc1 fxe5 Nxe5 Nxe5,B12
2025-01-25,I9tVErHt,bullet,16:41,983,979,-4,loss,-1,black,1061,LoRDMikhael,82,14,e4 e5 Nf3 Nc6 Bc4 Nf6 d4 exd4 Nxd4 Nxd4 Qxd4 b6 e5 Bc5 Qh4 O-O exf6 Qxf6 Qxf6 gxf6 Nc3 d6 O-O Re8 Nd5 Re4 Nxf6+,C44
2025-01-25,pMgoOPe9,bullet,17:09,979,984,5,win,1,white,951,tancici_sachy,-33,26,e4 c6 Nf3 d5 e5 c5 d4 Nc6 Bb5 Bg4 h3 Bxf3 Qxf3 a6 Bxc6+ bxc6 c3 e6 Nd2 Qb6 Nb3 Ne7 Nxc5 Nf5 Nb3 a5 O-O a4 Nc5 Bxc5 dxc5 Qxc5 Qg4 O-O Bd2 a3 b3 Rfb8 Rae1 d4 c4 Qe7 Bg5 Qe8 Qf3 Kh8 Re4 h6 Bc1 Rd8 Rd1 d3 Rxd3,B10
2025-01-25,xIO0UYpw,bullet,18:16,984,991,7,win,1,black,1073,alembasi,82,27,d4 d5 e4 e6 Nc3 Bb4 Nf3 Nc6 Bd2 a6 a3 Bxc3 Bxc3 Nf6 exd5 Qxd5 b3 O-O Bc4 Qd8 O-O Ne4 Qd3 Nf6 h3 Qd6 Bb4 Qf4 Bxf8 e5 dxe5 Nxe5 Nxe5 Qxe5 Qd8 Ne8 Bb4 Bxh3 Qh4 Bxg2 Kxg2 Nf6 Rfd1 h6 Re1 Qf5 Qh2 Qg4+ Qg3 Kh7 Qxg4 Nxg4 Re7 Rf8,C15
2025-01-25,JNjvlGmE,bullet,19:04,991,985,-6,loss,-1,black,972,sosokasparov,-13,44,e4 e5 Nf3 Nc6 Bb5 a6 Bxc6 dxc6 O-O Bg4 h3 Bxf3 Qxf3 Nf6 d3 Bc5 Be3 b6 Bxc5 bxc5 a3 Rb8 b3 a5 Nd2 Qd4 Nc4 O-O Nxa5 Qd6 Nc4 Qe6 Qf5 Qxf5 exf5 Nd5 Nxe5 Rb6 Nd7 Rd8 Nxb6 cxb6 c4 Nf4 b4 Nxd3 bxc5 Nxc5 Rad1 Rxd1 Rxd1 h6 g4 Kh7 f3 f6 Rd6 Nb3 Rxc6 Nd2 c5 b5 Kg2 Nc4 Rc7 Nxa3 c6 Nc4 Rb7 Nd6 Rb6 Nc8 Rxb5 Kg8 Rb8 Kf7 Rb7+ Ke8 c7 Kd7 Rb2 Kxc7 Rc2+ Kd7 Kg3 Nd6 Kf4,C69
2025-01-25,KYxLoJs9,bullet,23:29,985,992,7,win,1,white,1032,SoiCowboy5,40,22,e4 a6 Nf3 b5 e5 Bb7 d4 e6 Bf4 c5 c3 cxd4 cxd4 Bb4+ Nbd2 Ne7 Qb3 Ba5 Bd3 Bxf3 gxf3 Nbc6 Be3 Nf5 O-O-O Nxe3 fxe3 Rc8 Kb1 Qg5 Rde1 Nb4 Qa3 Nxd3 Qxd3 Qe7 Ne4 Bxe1 Nd6+ Kf8 Nxc8 Qb4 Qa3 Qxa3 bxa3,B00
2025-01-26,JYCJi3Z5,bullet,06:59,992,985,-7,loss,-1,black,948,SIDXYZ,-37,30,d4 d5 Bf4 Nc6 e3 a6 Bd3 Nf6 Nf3 e6 Nbd2 Bd6 Bg3 Bd7 O-O Ne7 e4 Ng6 e5 Ng4 exd6 cxd6 h3 Nf6 Bxd6 e5 Bxg6 fxg6 dxe5 Ne4 Nxe4 dxe4 Nd2 Qh4 Re1 Bc6 c3 g5 Qc2 g4 Nxe4 gxh3 g3 h2+ Kg2 Bxe4+ Rxe4 Qh6 Rh1 O-O-O Rxh2 Qe6 f3 Rxd6 exd6 Qxd6 Qe2 Qc5 Re8+,D00
2025-01-26,VxdC0Pnj,bullet,12:08,985,993,8,win,1,white,1112,jurassicworld3000,119,20,e4 e5 Nf3 Nc6 Bb5 Nf6 d3 Bb4+ Bd2 Bxd2+ Qxd2 d6 Qg5 a6 Qxg7 Rf8 Bxc6+ bxc6 Nc3 Bg4 Ng5 Qb8 Qxf6 Qxb2 O-O Qxc3 Nxh7 Rg8 Ng5 Be2 Qxf7+ Kd8 Qxg8+ Kd7 Qf7+ Kc8 Rfb1 Rb8 Qe8#,C65
2025-01-26,10tdcXQu,bullet,13:12,993,998,5,win,1,black,961,saisantoshbaratam,-37,26,d4 d5 e3 e6 Nf3 Bb4+ c3 Bd6 Be2 Nf6 Ne5 Bxe5 dxe5 Ne4 O-O Nc6 Bh5 Qg5 Qf3 O-O Nd2 f5 c4 dxc4 Nxc4 Bd7 b3 Nc3 e4 Nd4 Qxc3 Ne2+ Kh1 Qxh5 Qe3 Nxc1 Raxc1 Qg6 exf5 exf5 Qf3 Bc6 g3 Bxf3+ Kg1 Qg4 Ne3 Qh3 Rfd1 f4 Nf1 Qg2#,D00
2025-01-26,XiCgvggb,bullet,14:34,998,1004,6,win,1,black,1005,UwU_chessoner,1,23,e4 e5 Nf3 Nc6 Nc3 a6 d4 Bb4 d5 Bxc3+ bxc3 Nce7 Bg5 f6 Bh4 Ng6 c4 d6 Qe2 Bg4 h3 Bxf3 Qxf3 Qd7 g3 O-O-O Be2 Qa4 c3 N8e7 O-O Kb8 Qd3 Nc8 Bd1 Qd7 a4 Nb6 a5 Na4 Bxa4 Qxh3 c5 Nxh4 g4 Qg2#,C46
2025-01-26,1UommWP6,blitz,15:40,1235,1227,-8,loss,-1,black,1234,EDSONTAVARES,7,44,e4 e5 Nf3 Nc6 d4 exd4 Nxd4 Nxd4 Qxd4 Nf6 e5 Qe7 Be3 b6 exf6 Qb4+ Qxb4 Bxb4+ c3 Bc5 Bxc5 bxc5 Nd2 gxf6 O-O-O d6 Nf3 Bg4 Rd3 Bxf3 Rxf3 O-O-O Rxf6 Rd7 Bb5 Re7 Kd2 Kb7 Rd1 Kb6 a4 a6 Bc4 Rf8 Re1 Rd7 f4 h5 h4 Kb7 Bd3 d5 Bxa6+ Ka7 Bb5 Rd6 Rxd6 cxd6 Re2 Kb6 Kd3 Ka5 b3 Rg8 Rf2 Rg3+ Kc2 Rg4 g3 Rxg3 Be2 c4 Bxh5 d4 cxd4 cxb3+ Kb2 Kxa4 Bxf7 Rd3 h5 Kb4 h6 Rxd4 h7 Re4 h8=Q Re7 Qc3+,C44
2025-01-26,F5d7n5RI,bullet,16:59,1004,1000,-4,loss,-1,white,1085,bananaflip,85,36,e4 c6 Nf3 d5 e5 Bf5 d4 e6 Nc3 c5 Bg5 Qb6 Bb5+ Nc6 O-O h6 Be3 Qc7 a3 a6 Bxc6+ bxc6 Na4 cxd4 Bxd4 Ne7 Nc5 Bh7 b4 Nf5 c3 Nxd4 cxd4 Be7 h3 O-O a4 Bxc5 bxc5 Rab8 Qe2 a5 Ne1 Rb4 Qd1 Rfb8 Nc2 Rc4 Na3 Rcb4 Qf3 Rxd4 Qg3 Rxa4 Nb5 Qb7 Nd6 Qb4 Rxa4 Qxa4 Qf3 Rf8 Rb1 Qd4 Rb8 f6 Rxf8+ Kxf8 exf6 Kg8 f7+ Kf8,B12
2025-01-26,iFLvtJcY,bullet,22:40,1000,1005,5,win,1,white,959,rafaelopezdiaz,-46,26,e4 e5 Nf3 Nc6 Bb5 Nf6 d3 Bc5 Bg5 h6 Bxf6 Qxf6 Nc3 O-O Nd5 Qd6 Qd2 a6 Bxc6 Qxc6 a3 a5 d4 exd4 Nxd4 Bxd4 Qxd4 Qxc2 O-O c6 Ne7+ Kh8 Nf5 f6 Ne3 Qb3 Rac1 Qe6 Rc5 a4 Rh5 Kh7 Nf5 g6 Nxh6 gxh5 Nf5 Qa2 Qe3 Rg8 Qh6#,C65
2025-01-29,uREA3xOO,bullet,14:14,1005,1005,0,draw,0,white,1051,alegonzaleza,46,53,e4 e5 Nf3 Nc6 Bb5 Bd6 Nc3 Nf6 d3 O-O Bg5 h6 Bxf6 Qxf6 Nd5 Qe7 Nxc7 Bxc7 O-O Nd4 Nxd4 exd4 Qf3 Qb4 Bc4 Qxb2 Bb3 a5 Rab1 Qc3 Ba4 b5 Bxb5 Bb7 Rb3 Qxc2 Bc4 Bc6 Rbb1 Kh8 Bxf7 Be5 Qh5 Qxd3 Qxe5 Rxf7 Rbd1 Qxe4 Qxe4 Bxe4 Rxd4 Bg6 Rg4 Rf6 h3 h5 Rg5 a4 Rd5 Bf5 f3 Be6 Rd4 Bxa2 Rf2 a3 Rxa2 d6 Rd3 Kh7 Rdxa3 Rxa3 Rxa3 d5 Kf2 d4 Ke2 Rd6 Kd3 g5 Ra4 Kg6 Rxd4 Rxd4+ Kxd4 Kf5 Ke3 h4 Kf2 Kf4 Kf1 Kg3 Kg1 Kf4 Kf2 Ke5 g3 hxg3+ Kxg3 Kf5 h4 gxh4+ Kxh4 Kf4 Kh3 Kxf3,C60
2025-01-29,vLT9pGbM,bullet,15:03,1005,1012,7,win,1,black,1031,Narsingraog_energy,19,29,e4 e5 d4 exd4 Nf3 c5 Ng5 f6 Nf3 d6 h3 Ne7 Bc4 Ng6 Bd5 Nc6 Qd3 Nce5 Nxe5 Nxe5 Qb3 Qe7 Qb5+ Qd7 Qe2 Qa4 O-O Be7 Qg4 Bxg4 hxg4 Nxg4 Nd2 Qd7 Nf3 Rb8 c4 b5 b3 bxc4 bxc4 Qa4 Bf4 Rb2 Bg3 Rxa2 Rab1 Qa6 Rb8+ Bd8 Rb7 Re2 Rxg7 Nh6 Bb7 Qxb7 Rxb7 d3,C21
2025-01-30,jSyl28Da,bullet,09:26,1012,1006,-6,loss,-1,black,1020,altar7,14,22,d4 d5 Bf4 e6 e3 a6 Nf3 Nf6 c4 Bb4+ Nc3 Ne4 Rc1 Qd7 a3 Bxc3+ bxc3 Nc6 cxd5 exd5 Ne5 Nxe5 Bxe5 Qg4 Qxg4 Bxg4 c4 Ng5 Bxg7 Rg8 Be5 O-O-O cxd5 Rxd5 Bg3 Ne6 Bc4 Nxd4 Bxd5 c6 Bxf7 Re8 Bxe8,D00
2025-01-30,C2LInOjL,bullet,09:58,1006,1012,6,win,1,white,987,DevDavo,-25,28,e4 e5 Nf3 d6 h3 Nc6 Bb5 Bd7 Bxc6 Bxc6 d3 Qf6 Bg5 Qg6 Nc3 h6 Be3 Qxg2 Ke2 O-O-O Qd2 b6 Rag1 Qxg1 Rxg1 Nf6 Kd1 Bd7 Rg3 Be6 b3 d5 Nxe5 dxe4 d4 Bb4 Kc1 Bxc3 Qxc3 Nd5 Qb2 Nb4 Rxg7 f5 Bf4 Rxd4 Qxd4 Nxa2+ Kb2 Rd8 Qa4 Bxb3 Qxb3 Rd4 Qxa2 Rb4+ Kc1,C41
2025-01-30,Tef1ZdzM,bullet,10:40,1012,1016,4,win,1,white,923,alexander0311,-93,42,e4 e5 Nf3 Nc6 Bb5 d6 h3 Nf6 d3 a6 Bxc6+ bxc6 Bg5 Be7 Bxf6 Bxf6 Nbd2 c5 Nf1 O-O Ng3 Qd7 Nf5 Qb5 Ng3 Qxb2 O-O Qb4 a4 Qa5 Qc1 Bd7 Qa3 Rab8 c3 Bc6 Nd2 Rb7 Nc4 Rb3 Nxa5 Rxa3 Rxa3 Bd7 Nb7 Bg5 a5 Bb5 d4 Bxf1 Kxf1 Bd2 dxc5 dxc5 Nxc5 Bc1 Ra2 Rd8 Nxa6 Rd1+ Ke2 Rd6 Nxc7 Rc6 Nd5 Bf4 a6 Rxc3 Nxc3 Bg5 a7 g6 a8=Q+ Kg7 Ra7 Kh6 Qg8 Bc1 Rxf7 Bb2 Qxh7+ Kg5 h4+ Kg4 Qxg6+,C62
2025-01-30,Ou77ER1Y,bullet,14:31,1016,1024,8,win,1,black,1141,Pierre2495,117,30,e4 e5 Nf3 Nf6 Nxe5 Qe7 d4 Nxe4 Qe2 d5 c4 Qb4+ Nc3 Bd6 a3 Nxc3 Nc6+ Nxe2+ Nxb4 Nxd4 cxd5 Bxb4+ axb4 Nb3 Rb1 Bf5 Bb5+ c6 dxc6 bxc6 Ba4 Bxb1 Bxb3 Bd3 Kd2 Bg6 Re1+ Kd7 Kc3 Na6 Rd1+ Kc7 Bf4+ Kb6 Be3+ c5 Rd6+ Kb5 Bc4+ Ka4 Bxa6 cxb4+ Kd2 b3 Bd3 Rad8 Ra6+ Kb4 Kd1 Rxd3+,C42
2025-01-30,A9P1GgH1,bullet,17:59,1024,1018,-6,loss,-1,white,1030,Sekar_Ningrum_2,12,35,e4 d5 Nf3 dxe4 Ne5 Bf5 Bc4 e6 Nc3 Nf6 Nb5 Nc6 Nxc6 bxc6 Nc3 Bc5 b3 O-O d3 Ng4 O-O e3 fxe3 Bxe3+ Kh1 Nf2+ Rxf2 Bxf2 Qf3 Qd4 Bb2 Rfd8 Nb5 cxb5 Bxd4 bxc4 Bxf2 cxd3 cxd3 Rxd3 Qg3 Rad8 h3 Rd1+ Rxd1 Rxd1+ Kh2 h5 Bd4 f6 Bxa7 c6 Qb8+ Kh7 Be3 Re1 Qf4 g5 Qc7+ Kg6 Bf2 Rf1 Kg3 Ra1 Qxc6 Rxa2 Qe8+ Kh6 Bd4 e5,A06
2025-01-31,v9djyb8v,blitz,19:40,1227,1217,-10,loss,-1,black,1199,rook1935,-18,40,e4 e5 Bc4 Nf6 Nf3 Nc6 Ng5 d5 exd5 Na5 Be2 Qxd5 Nf3 e4 Nh4 Be7 d3 exd3 Bxd3 Ne4 O-O Bxh4 Re1 Bxf2+ Kh1 Bxe1 Qxe1 Bf5 Nc3 Qc6 Nxe4 O-O Ng5 Bxd3 cxd3 Qg6 Nf3 Nc6 Qd2 Rad8 b4 Rxd3 Qb2 Rd1+ Ng1 Qf5 Qb3 Rxg1+ Kxg1 Nd4 Qd1 Nc2 Rb1 Qe4 Bb2 Nxb4 h3 Nd3 Qc2 Qe3+ Kh2 Nf4 Bc1 Qe5 Rxb7 Ne2+ Kh1 Qd5 Rxc7 Qd4 Qxe2 h6 Re7 Qf6 Bb2 Qg6 Qf3 Kh7 a4 a5 Qe4,C58
2025-01-31,VjJ5xdkN,blitz,20:35,1217,1224,7,win,1,black,1165,YuriyLap,-59,26,e4 e5 Nc3 Nc6 Nf3 Nf6 Bc4 Bc5 Ng5 O-O Bxf7+ Rxf7 Nxf7 Kxf7 O-O d6 d3 Bd4 Kh1 Bxc3 bxc3 Kg8 f4 Qe7 d4 Bd7 d5 Nd8 f5 Nf7 c4 Nh6 Bxh6 gxh6 Qf3 Be8 Qg3+ Kh8 Qh4 Bh5 g4 Bxg4 Rg1 Rg8 Qxh6 Bf3+ Rg2 Bxg2+ Kg1 Bxe4+ Kf2 Ng4+,C50
2025-02-01,jzt0BhXw,bullet,12:25,1018,1019,1,draw,0,white,1061,Nilaagavas,42,50,e4 e5 Nf3 Nc6 Bb5 d6 c3 Bg4 h3 Bxf3 Qxf3 Qf6 Qg4 a6 Bxc6+ bxc6 d3 h6 Nd2 d5 O-O Bc5 b4 Bd6 Bb2 Ne7 d4 Ng6 Nf3 O-O dxe5 Nxe5 Nxe5 Bxe5 Qd7 Bxc3 Bxc3 Qxc3 Rac1 Qxb4 Rxc6 Rac8 Qxd5 Rfd8 Qb3 Qxb3 axb3 Rd3 Rxa6 Rxb3 e5 c5 Rc1 c4 Ra4 c3 Rf4 c2 e6 fxe6 Kh2 Rb1 Rxc2 Rxc2 Re4 Rxf2 Rxe6 Rbb2 Rg6 Kh7 Rg3 g5 h4 gxh4 Rg4 h3 Kxh3 Rxg2 Rxg2 Rxg2 Kxg2 Kg6 Kg3 Kg5 Kh3 h5 Kg3 h4+ Kh3 Kh5 Kh2 Kg4 Kg2 h3+ Kh2 Kh4 Kg1 Kg3 Kh1 h2,C62
2025-02-01,9RQHSxFT,bullet,15:06,1019,1026,7,win,1,white,1124,gladdybag,98,24,e4 e5 Nf3 Nc6 Bb5 d6 c3 Bd7 Bxc6 Bxc6 d4 Bxe4 Ng5 Bg6 dxe5 dxe5 Qf3 Qf6 Qxb7 Rd8 Qb5+ Rd7 Qb8+ Rd8 Qxc7 Bc5 Qxc5 Ne7 Qb5+ Rd7 Qb8+ Rd8 Qxa7 O-O O-O Bd3 Re1 h6 Nf3 e4 Qe3 Qf5 Nbd2 Ng6 Nb3 Rfe8 Nbd4,C62
2025-02-01,gbhvyYc3,bullet,17:14,1026,1023,-3,loss,-1,black,1150,Stike78,127,32,e4 e5 Nf3 Nc6 Bc4 Nf6 d3 a6 Ng5 d5 exd5 Nxd5 Qf3 f6 Qxd5 Qxd5 Bxd5 fxg5 Bxc6+ bxc6 O-O Bb7 Bxg5 c5 Re1 Bd6 Bf4 O-O Bxe5 Rfe8 Nd2 Bxe5 Nc4 Bf6 Kf1 Bd5 Rab1 Rab8 b3 Bc3 Rxe8+ Rxe8 Ne3 Bc6 Rd1 Bd4 Nc4 Bb5 Nd2 Bc6 Nc4 Bb5 Nd2 Bc6 h3 Rf8 f3 Rf6 Ne4 Bxe4 dxe4 Rd6 Ke2 Kf7 Rd3,C55
2025-02-01,8VryabTK,bullet,17:50,1023,1027,4,win,1,white,955,Gumbex,-72,30,e4 e6 Nf3 d5 e5 c5 d4 cxd4 Qxd4 Nc6 Qd1 Nge7 Bb5 a6 Bxc6+ Nxc6 c3 g6 Bg5 Be7 Bxe7 Qxe7 O-O Qc7 Re1 b5 Nbd2 Bb7 Nb3 Rd8 Nc5 Bc8 Ng5 Nxe5 Rxe5 Qxe5 Qf3 Qxg5 Re1 Qe7 b4 O-O Nd3 Bb7 Ne5 d4 Qg3 d3 Nxd3 Kg7 Nf4 h6 Nh5+ Kh7 Nf4 Ba8 h3 f6 Nxe6,C02
2025-02-01,L4TRCE8C,bullet,21:14,1027,1023,-4,loss,-1,black,1143,Migueblack,120,20,e4 e5 Nf3 Nc6 d4 exd4 Nxd4 Nxd4 Qxd4 Qe7 e5 b6 Bc4 Qc5 Qxc5 Bxc5 O-O Ne7 Be3 Bxe3 fxe3 d5 exd6 cxd6 Rxf7 Kd7 Rxg7 Re8 e4 Kc6 Nc3 Rg8 Rxe7 Bh3 g3 Raf8 Bxg8 Rxg8 Rd1 d5 exd5+,C44
2025-02-02,20OId9iI,bullet,15:16,1023,1019,-4,loss,-1,white,1088,iwens123,69,23,e4 c5 e5 g6 Nf3 Bg7 d4 cxd4 Qxd4 Nc6 Qd1 Nxe5 Nxe5 Bxe5 Qe2 Qa5+ Bd2 Qb6 Qxe5 Nf6 Be3 Qb4+ c3 Qxb2 Bg5 Qxa1 Bxf6 Qxb1+ Kd2 O-O Bxe7 Qxa2+ Kd3 Qb1+ Kc4 Qa2+ Kd4 Qa4+ Bc4 Re8 Qf6 d5 Kxd5 Be6+ Kd4 Qxc4+,B20
2025-02-02,EAfqFy2c,bullet,16:16,1019,1014,-5,loss,-1,black,1086,us271,72,28,d4 d5 Bf4 e6 e3 a6 Nf3 Nc6 c3 Nf6 Bd3 h6 Nbd2 g5 Bg3 Bd6 Ne5 Bxe5 Bxe5 Nxe5 dxe5 Nd7 Nf3 Qe7 h3 b5 a4 Qc5 Rc1 Bb7 b4 Qc6 O-O bxa4 Qc2 a3 Ra1 g4 hxg4 h5 g5 h4 g6 O-O-O Rxa3 Nb6 Bxa6 Bxa6 Rxa6 Qb7 Rfa1 Kd7 Ra7 Qc6 gxf7 Rhf8 Ng5,D00
2025-02-02,Y5aiSOYL,bullet,16:26,1014,1020,6,win,1,black,1028,Old_Alex,8,10,e4 e5 Nf3 Nc6 d4 exd4 c3 d6 cxd4 Bg4 Qb3 Bxf3 Qxf3 Nxd4 Qc3 c5 Bb5+ Nxb5 Qa3,C44
2025-02-02,QGOAzAHg,bullet,16:48,1020,1015,-5,loss,-1,black,1045,prabhakar9440,30,28,e4 e5 Bc4 Nf6 Nf3 Nc6 d3 Bc5 c3 d6 O-O Bg4 Bg5 h6 Bxf6 Qxf6 Nbd2 Ne7 Qb3 Be6 Bxe6 Qxe6 Qxb7 Rc8 d4 exd4 cxd4 Bb6 Nc4 Qxc4 e5 Bxd4 exd6 cxd6 Nxd4 Qxd4 Rfe1 O-O Qxe7 Qxb2 Qxd6 Rc2 Qf4 Rc3 Qd4 Kh7 Rab1 Qa3 g3 Rc7 Re2 Qa6 Qe4+ g6 Rb3,C54
2025-02-05,cGiiNiZo,bullet,09:46,1015,1022,7,win,1,white,1123,geosocio,101,28,e4 c5 Nf3 Nc6 Bb5 Qb6 Bxc6 Qxc6 d3 Nf6 Nc3 g6 O-O Bg7 Bg5 d6 a3 O-O h3 b5 Bxf6 Bxf6 Nd5 Qd7 b4 Bxa1 Qxa1 f6 bxc5 dxc5 d4 c4 c3 Bb7 Re1 Bxd5 exd5 Rad8 Qb1 Qxd5 Qb4 Rd7 Nd2 a6 Ne4 Kf7 Nc5 Ra7 Nxa6 Rxa6 Qxe7+ Kg8 Qb4 Rfa8 Re7,B30
2025-02-05,5K99g5V7,bullet,09:56,1022,1016,-6,loss,-1,white,987,hosseindaghigh444,-29,31,e4 Nc6 Nf3 Nf6 e5 Nd5 d4 e6 Bb5 g6 c4 Nde7 c5 a6 Bxc6 bxc6 Nc3 Bg7 Ne4 O-O Bg5 d5 Nf6+ Bxf6 Bxf6 Qd7 Bxe7 Qxe7 Qd2 Kg7 Ng5 f6 Nf3 fxe5 Nxe5 a5 Qe3 Ba6 Nxc6 Qf6 Nxa5 Bb5 a4 Rxa5 b3 Bc6 O-O Qf4 Qc3 Raa8 Rae1 Rae8 Qa5 Re7 Qa6 Qxd4 Qxc6 Qb2 Qa6 Qxb3 Rxe6 Rxe6,B00
2025-02-05,716V96m3,bullet,17:49,1016,1021,5,win,1,black,996,mohammedaasifm,-25,26,e4 e5 Bc4 Nf6 Nf3 d6 O-O Bg4 Ng5 d5 Bb5+ c6 f3 Qb6+ Kh1 Bxf3 Nxf3 Qxb5 Nxe5 dxe4 Nxf7 Kxf7 d3 Nd7 dxe4 Bc5 e5 Nxe5 Bf4 Rhd8 Qe2 Qxe2 Nc3 Qxc2 Ne4 Nxe4 Rfe1 Nd3 Rxe4 Nxf4 Rxf4+ Ke6 Re1+ Kd5 Re5+ Kd6 Rff5 Qc1+ Re1 Qxe1+ Rf1 Qxf1#,C42
2025-02-05,Hb3Ohrn7,bullet,18:03,1021,1028,7,win,1,white,1118,post_tenebras,90,34,e4 e5 Nf3 Nc6 Bb5 d6 c3 Bd7 Bxc6 Bxc6 d3 Nf6 Bg5 Be7 Bxf6 Bxf6 Nbd2 O-O Nc4 a6 O-O d5 Ncd2 b5 Re1 Bb7 Nf1 Re8 Ng3 g6 Qb3 c6 d4 Qd6 Rad1 a5 dxe5 Bxe5 Nxe5 Qxe5 exd5 Qxd5 Rxe8+ Rxe8 Rxd5 cxd5 Qxb5 Re1+ Nf1 Bc8 Qxd5 Ba6 Qd8+ Kg7 Qd4+ f6 c4 h5 h3 g5 b3 Kg6 Qd2 Re4 Ne3 g4 Qd3,C62
2025-02-05,Sx3o1Ou0,blitz,22:22,1224,1214,-10,loss,-1,black,1182,kbognar,-32,18,d4 d5 e3 e6 Bd3 a6 a3 Nf6 Nc3 Nc6 h3 Bd6 Nf3 Bd7 e4 Be7 Be3 O-O e5 Nh5 g4 Ng3 fxg3 Bg5 Bxg5 f6 Be3 fxe5 dxe5 Nxe5 Nxe5 Qf6 Nxd7 Qf7 Nxf8 Rxf8 Rf1,D00
2025-02-05,P0Vf6Kot,blitz,22:28,1214,1222,8,win,1,white,1188,Timur77707,-34,20,e4 d5 e5 f6 d4 fxe5 dxe5 Nc6 Nf3 Nh6 Bxh6 gxh6 Bb5 Bg7 Bxc6+ bxc6 O-O Bg4 Re1 Bxf3 Qxf3 Qb8 e6 Bxb2 Nd2 Bxa1 Rxa1 Qb2 Rb1 Qxc2 Qf4 Rf8 Qxc7 Rd8 Rb8 Qd1+ Nf1 Qxf1+ Kxf1 Rxb8 Qd7#,B01
2025-02-06,JdnH5mPw,blitz,16:19,1222,1214,-8,loss,-1,white,1237,as00_1,23,46,e4 e5 Nf3 Nc6 Bb5 a6 Bxc6 dxc6 d3 f6 h3 Bc5 Nc3 Ne7 O-O Be6 Re1 O-O Be3 Bxe3 Rxe3 Ng6 Ne2 Qd7 c4 b5 b3 f5 Qc1 f4 Nxf4 exf4 Re2 Bxh3 Ng5 f3 Nxh3 fxe2 Qe3 Qf7 Re1 Nf4 Nxf4 Qxf4 Qxf4 Rxf4 Rxe2 Rff8 g3 Rad8 Re3 h6 f4 g6 e5 Rf5 e6 Re8 e7 Kf7 g4 Rxf4 Kg2 Rxg4+ Kh3 Rg5 Rf3+ Kxe7 Kh4 Rf8 Re3+ Kd6 Re4 Kc5 d4+ Kb6 d5 cxd5 Re6+ Kb7 c5 c6 Re7+ Kb8 Re4 Rd8 Rg4 Rxg4+ Kxg4 d4 Kf3 d3,C68
2025-02-06,lPWMz5LE,bullet,17:37,1028,1023,-5,loss,-1,black,1064,Mohamed_Amr,41,26,e3 e5 g3 e4 Bg2 d5 Nh3 Nf6 O-O Bd6 b3 Nc6 Bb2 Bxh3 Bxh3 O-O Bxf6 Qxf6 Qg4 Qxa1 Nc3 Qb2 Nxd5 Qe5 Nf4 Ne7 d4 Qf6 Qd7 Rad8 Qg4 Bxf4 exf4 Rxd4 Bg2 Qg6 Qh3 Rd2 Qh4 Rxc2 Qxe7 Rxa2 Bxe4 Ra3 Bxg6 fxg6 Qxa3 g5 fxg5 Kh8 Qxf8#,A00
2025-02-06,zq8yEOjD,bullet,17:51,1023,1030,7,win,1,black,1106,gprgprgpr,76,23,e4 e5 Bc4 Nc6 d3 Nf6 Nc3 Bc5 Nf3 Bxf2+ Kxf2 d5 exd5 Nd4 Re1 O-O Nxd4 exd4 Ne4 Bf5 Nxf6+ Qxf6 Kg1 Rae8 Rxe8 Rxe8 Bd2 Qg6 Qf3 Bg4 Qg3 Re2 Qxc7 h6 Bb4 Rxc2 d6 Qf6 Rf1 Qe5 Bxf7+ Kh7 Qxb7 Qe2 Qe7 Qxg2#,C50
2025-02-06,FlhHHQbK,bullet,18:20,1030,1037,7,win,1,white,1082,Schmusebaerchen,45,38,e4 e5 Nf3 Nc6 Bb5 a6 Bxc6 dxc6 d3 f6 Nc3 Bg4 a3 Qe7 h3 Be6 Ne2 O-O-O Ng3 Nh6 Be3 Qf7 Qd2 g5 Ba7 Bd6 Qa5 Qe7 c3 Nf7 b4 c5 bxc5 Bxc5 Bxc5 Qd7 d4 exd4 cxd4 Nd6 d5 Bf7 Bd4 Qe7 O-O Rhe8 Rfc1 Rd7 Bb6 Nxe4 Rxc7+ Rxc7 Bxc7 Qxc7 Qxc7+ Kxc7 Re1 Nxg3 Rxe8 Bxe8 fxg3 Kd6 g4 Kxd5 Kf2 Ke4 Ke2 Bb5+ Kf2 f5 g3 fxg4 hxg4 Bc6 Nxg5+ Kd5 Nf7,C68
2025-02-07,Gbcd5T90,bullet,19:31,1037,1044,7,win,1,black,1111,miCHaElharriSon1984,67,26,e4 e5 b3 Nc6 Bb2 Nf6 Nf3 Bd6 d3 O-O Nc3 Re8 Be2 Nd4 Nxd4 exd4 Nb5 a6 Nxd6 cxd6 O-O Qb6 f4 d5 e5 Qe6 Bxd4 Ne4 dxe4 dxe4 h3 b5 Qe1 Bb7 Qh4 e3 Rad1 Qd5 Bf3 Qe6 Bxb7 e2 Bxa8 exf1=Q+ Rxf1 Rxa8 c3 Qd5 Qg4 b4 f5 f6,C20
2025-02-08,ZaXbVMz9,bullet,08:40,1044,1038,-6,loss,-1,black,1045,Bad_Puppy,7,32,e4 e5 Bc4 Nf6 d3 Bc5 h3 Nc6 Nf3 a6 Bg5 O-O Nc3 Nb4 Nd5 Nbxd5 Bxd5 d6 O-O c6 Bb3 d5 exd5 cxd5 Nxe5 Be6 Nf3 h6 Be3 Nd7 Bxc5 Nxc5 Nd4 Nxb3 Nxe6 fxe6 axb3 Qb6 Qe2 Rac8 Rac1 d4 Rfe1 Rf6 Qe4 Rd8 Rf1 Rd6 f4 Qc5 Rf2 e5 fxe5 Rxf2 Kxf2 Re6 Qxb7 Qxe5 Qe4 Qf6+ Kg1 Rxe4 dxe4,C24
2025-02-08,BO4Y2u5U,bullet,19:06,1038,1043,5,win,1,white,1038,Zodin,-5,28,e4 e5 Nf3 Nc6 Bb5 a6 Bxc6 bxc6 Nxe5 d6 Nxc6 Qd7 Nd4 Bb7 d3 Nf6 Nc3 Be7 a3 O-O h3 c5 Nf3 Rfe8 Bg5 Rab8 b3 d5 Bxf6 Bxf6 Qd2 dxe4 dxe4 Qxd2+ Kxd2 Rbd8+ Nd5 Bxa1 Rxa1 Bxd5 exd5 Rxd5+ Kc3 Re2 Rf1 Kf8 a4 a5 Ne1 Ree5 Nd3 Re8 f4 Rf5 g3,C68
2025-02-09,xWjqHb1J,bullet,10:51,1043,1038,-5,loss,-1,white,1055,tapanrekha,17,35,e4 e5 Nf3 Nc6 Bb5 d6 c3 Bd7 Bxc6 Bxc6 d3 Nf6 Bg5 Be7 Bxf6 Bxf6 h3 h6 Nbd2 a6 Nf1 Bb5 Ng3 Qd7 Nf5 g6 Ng3 Bh4 Ne2 Be7 Qd2 f5 Ng3 fxe4 dxe4 O-O-O Qe3 Kb8 b3 Bc6 a4 g5 Nh5 g4 Nd2 Bg5 Qe2 gxh3 g3 Qf7 Nf3 Qxh5 Nxg5 Qxe2+ Kxe2 hxg5 f3 Rdf8 g4 Rh4 Rag1 Rfh8 Rg3 b5 Kf2 bxa4 bxa4 Bxa4 Ke3 Bb5,C62
2025-02-09,jyk0FDG5,bullet,17:01,1038,1032,-6,loss,-1,black,1018,Charlie59400,-14,20,e4 e5 Nf3 Nc6 d4 exd4 Nxd4 Nxd4 Qxd4 Nf6 Nc3 b6 Bg5 c5 Qd3 Bb7 O-O-O h6 Bxf6 Be7 Bxg7 Rg8 Bxh6 Rg6 Bf4 Bg5 Bxg5 Rxg5 h4 Re5 f3 Qxh4 Qxd7+ Kf8 Qd6+ Qe7 Qxe7+ Rxe7 Rh8+ Kg7 Rxa8,C44
2025-02-09,MdaqTiwJ,blitz,17:07,1214,1208,-6,loss,-1,black,1297,keziae4,89,36,d4 d5 Nf3 Nc6 Nc3 Nf6 Bg5 h6 Bh4 e6 g3 Bb4 Bxf6 Qxf6 Bg2 a6 O-O Bxc3 bxc3 Ne7 Qd3 Ng6 c4 c6 cxd5 exd5 e3 Bf5 Qb3 O-O-O Rab1 Rd7 Ne5 Nxe5 dxe5 Qxe5 Rfe1 Be4 Bxe4 Qxe4 Qb6 Rc7 Qa7 Kd7 Rxb7 Rxb7 Qxb7+ Kd6 Qxf7 Qb4 Rf1 Qc3 Qf4+ Kc5 Qf5 Rb8 Qf4 Rb4 Qf8+ Kc4 Qc8 Kc5 Qxa6 Qxc2 a3 Ra4 Qc8 Rxa3 Qf8+ Kc4 Qxa3 c5 Rc1,D02
2025-02-09,BBBlrzRh,bullet,17:15,1032,1026,-6,loss,-1,white,1015,Dauke83,-11,14,e4 e5 Nf3 Nc6 Bb5 Nf6 Nc3 d6 d3 Bg4 h3 Bh5 Qe2 Be7 Bg5 O-O Bxf6 Bxf6 Qe3 Nd4 Nxd4 exd4 Qd2 dxc3 Qxc3 Bxc3+ bxc3,C48
2025-02-10,tFLHaNnS,bullet,23:04,1026,1032,6,win,1,white,1016,Oginbogin,-16,10,e4 e5 Nf3 Nc6 Bb5 Nge7 c3 a6 Bxc6 Nxc6 d4 exd4 Nxd4 Bc5 Nxc6 bxc6 O-O d5 Qh5 g6 Qe5+,C60
2025-02-11,L80QrloY,bullet,16:13,1032,1037,5,win,1,white,988,ESCORPION1957,-49,18,e4 e5 Nf3 Nc6 Bb5 a6 Bxc6 dxc6 h3 Bd6 a3 Nf6 d3 Be6 Bg5 h6 Bxf6 Qxf6 Nc3 g5 Qe2 g4 Nd2 gxh3 gxh3 O-O-O O-O-O Qh4 Qe3 Kb8 Nf3 f5 Nxh4 f4 Qf3,C68
2025-02-11,1ItnnCM0,bullet,17:11,1037,1030,-7,loss,-1,black,995,nicoryberg,-35,50,d4 d5 Bf4 e6 e3 a6 Nf3 Nc6 Nbd2 Nf6 Ne5 Bd6 Ndf3 Ne4 c3 Nxe5 Nxe5 Bxe5 Bxe5 f6 Bg3 Qd7 Bd3 Nd6 Qc2 Nf7 h4 e5 O-O-O e4 Be2 Nh6 f3 f5 Be5 Rg8 Rdf1 Nf7 g4 Nxe5 dxe5 b5 f4 g6 Rhg1 Qe7 gxf5 Bxf5 Bg4 Qxh4 Bxf5 Qh5 Bg4 Qh4 Be2 Qe7 Kb1 O-O-O b3 Qc5 c4 Qb4 cxd5 Rxd5 Rd1 Rxd1+ Rxd1 Qc5 Qc4 Qxc4 bxc4 Rd8 cxb5 Rxd1+ Bxd1 axb5 Kb2 c5 Kc3 Kc7 a3 Kc6 Kb3 c4+ Kb4 Kb6 Be2 h6 a4 h5 axb5 c3 Kxc3 h4 Bg4 Kxb5 e6 Kc6 e7,D00
2025-02-11,BjBVtG3C,bullet,17:23,1030,1025,-5,loss,-1,white,1034,Szym0n,9,31,e4 e6 Nf3 d5 e5 Bc5 d4 Ne7 Bg5 Bb6 Nc3 c5 Bb5+ Nbc6 dxc5 Bxc5 Be3 Qb6 Bxc6+ bxc6 Bxc5 Qxc5 Nd4 Ba6 Na4 Qb4+ Nc3 Qxb2 Na4 Qb4+ c3 Qb7 Nc5 Qc8 Qa4 Bb5 Nxb5 cxb5 Qxb5+ Nc6 Nb3 O-O Rc1 Rb8 Qd3 Nxe5 Qg3 f6 O-O Qa6 Nd4 Qxa2 Nc6 Nxc6 Qd6 Qa6 Qxe6+ Kh8 Qxd5 Rbd8 Qf3 Ne5,C00
2025-02-12,23z68d7R,bullet,12:47,1025,1029,4,win,1,black,955,mattari_hukuro7,-74,13,e4 e5 Nf3 Nc6 Bc4 Nf6 d3 a6 O-O Bc5 c3 d6 b4 Ba7 d4 Nxe4 dxe5 Nxc3 Nxc3 Nxb4 exd6 Qxd6 Ba3 Qxd1 Re1+ Qxe1+,C54
2025-02-12,gdiu5O5w,bullet,19:07,1029,1024,-5,loss,-1,black,1050,Pauldwarfy,26,26,d4 d5 c4 e6 e3 Bb4+ Bd2 Nf6 Bxb4 Ne4 Nf3 Qf6 Bd3 c5 Bxc5 Nxc5 dxc5 Nc6 Nc3 d4 Nxd4 O-O Nxc6 bxc6 O-O Ba6 b3 Qxc3 Rc1 Qf6 Qc2 g6 g3 Rad8 Rfd1 e5 Qc3 Bc8 f4 Qe6 fxe5 Qg4 Bf1 Qf3 Qc2 Qxe3+ Qf2 Qxe5 Rxd8 Rxd8 Re1 Qf6 Qxf6,D30
2025-02-12,yMBMPpMv,bullet,21:01,1024,1032,8,win,1,white,1137,panngaron,105,42,e4 e5 Nf3 Nc6 Bb5 a6 Bxc6 dxc6 Nc3 Bg4 d3 Bb4 h3 Bxf3 Qxf3 Qf6 O-O Qxf3 gxf3 O-O-O Ne2 Nf6 Ng3 g6 Bg5 Rd6 a3 Bc5 b4 Bd4 Rac1 Bb2 Rcd1 Bxa3 c3 Bb2 Bxf6 Rxf6 c4 Bd4 c5 h5 Ne2 Rxf3 Nxd4 exd4 Kg2 Rf6 Kg3 Rd8 h4 Re6 f3 f5 Kf4 fxe4 fxe4 Rf6+ Kg5 Rxf1 Rxf1 Rg8 Rf6 Kd7 Rxg6 Rxg6+ Kxg6 Ke7 Kxh5 Kf7 Kg5 Kg7 h5 Kh7 e5 b6 e6 Kg7 h6+ Kh7 e7 Kg8 e8=Q+,C68
2025-02-13,Y25mLikX,bullet,19:14,1032,1026,-6,loss,-1,white,1043,robertoperozo53,17,29,e4 d6 d4 f6 Nf3 Be6 d5 Bf7 Nc3 a6 a4 g6 Bc4 Bg7 O-O Qc8 h3 h5 Re1 Nd7 Ra3 Nb6 b3 Nxc4 bxc4 e5 a5 Ne7 Ra1 O-O Ne2 Rd8 Rb1 Rb8 c3 f5 Ng3 fxe4 Nxe4 Nf5 Neg5 Qd7 Nxf7 Qxf7 Bg5 Rd7 Qc2 Re8 Rxb7 c5 dxc6 Rxb7 cxb7 Qxb7 c5 dxc5 Qb3+ Qxb3,B00
2025-02-13,BAa9xM7Q,bullet,19:54,1026,1031,5,win,1,black,939,stevechessman522,-92,19,e4 e5 Bc4 Nf6 d4 Nc6 Nf3 d6 dxe5 Nxe4 Qd5 Nxe5 Nxe5 Be6 Qxe4 Qf6 Bxe6 Qxe6 f4 f5 Qa4+ c6 O-O dxe5 Re1 Qd6 Rxe5+ Be7 Nc3 O-O Qb3+ Kh8 Re6 Qc5+ Kh1 Qf2 Rxe7 Qf1#,C56
2025-02-14,Of8EfLVv,bullet,17:17,1031,1025,-6,loss,-1,white,1025,SIGMA__SCAVAGE,0,26,e4 e5 Nf3 d6 Bc4 c5 Nc3 a6 a3 h6 d3 b5 Ba2 Nc6 Bd5 Bb7 Be3 Nf6 Bxc6+ Bxc6 O-O Be7 h3 g5 b4 c4 a4 Qc8 a5 Bd7 Nd2 h5 Bxg5 Nh7 Bxe7 Kxe7 Qxh5 Qg8 Nd5+ Kd8 Nb6 Rb8 Qh4+ Kc7 Nd5+ Kb7 Qe7 Qc8 Qxf7 Ng5 Qe7 Nxh3+,C41
2025-02-14,CivM4eRA,bullet,17:26,1025,1031,6,win,1,black,1043,stefg,12,17,e4 e5 Nc3 Nf6 Bc4 Bc5 d3 d6 h3 O-O Bg5 h6 Bh4 Nc6 Nd5 Bxf2+ Kxf2 Nxe4+ dxe4 Qxh4+ Kf1 Qxe4 Qd3 Qxd3+ cxd3 Nd4 Bb3 Bf5 Ne2 Bxd3 Re1 Kh7 Kg1 Bxe2,C26
2025-02-14,mGNyC0hy,bullet,19:58,1031,1026,-5,loss,-1,white,1075,Bro4erezBedro,49,44,e4 e5 Nf3 Nc6 Bb5 d6 d3 a6 Bxc6+ bxc6 Nc3 Nf6 Bg5 Bg4 h3 Bxf3 Qxf3 h6 Bxf6 Qxf6 Qxf6 gxf6 O-O h5 a3 a5 Ne2 d5 Ng3 d4 Nf5 Rb8 b3 Ra8 a4 Rb8 Rab1 c5 Rfc1 c6 c4 Kd7 Nh4 Bh6 Rc2 Ke6 Nf5 Rbg8 Ng3 Bf4 Ne2 Bh6 b4 cxb4 c5 f5 Ng3 fxe4 Nxe4 Kd5 Nf6+ Ke6 Nxg8 Rxg8 Re2 Kd5 Re4 f6 Rh4 Rg5 Re1 Kxc5 Ree4 Kd5 f3 c5 g4 f5 Re2 fxg4 fxg4 Bg7 Rxh5 Rxh5 gxh5 b3 Rb2 c4,C62
2025-02-15,y4zUrhtN,bullet,06:44,1026,1030,4,win,1,black,972,stomyexe,-58,40,e4 e5 f4 Nc6 Nf3 d6 Nc3 Bg4 Be2 Bxf3 Bxf3 Nf6 d3 Nd4 Nd5 Nxd5 exd5 Nxf3+ Qxf3 Qf6 O-O exf4 Qxf4 Qxf4 Bxf4 O-O-O c4 f6 b4 g5 Be3 Bg7 Rae1 h6 c5 f5 cxd6 Rxd6 Bc5 Rxd5 Re3 f4 Re7 Bd4+ Kh1 Bxc5 bxc5 Rxd3 Rc1 Rd7 Rxd7 Kxd7 Rd1+ Kc6 Rc1 a5 g3 f3 Rf1 g4 Rc1 Re8 Kg1 Re2 Kf1 Rxh2 Ke1 Rh1+ Kf2 Rxc1 Ke3 Rxc5 Kd4 f2 Ke3 f1=Q Ke4 Qf3+ Kd4 Qxg3,C30
2025-02-15,RBO5lVgD,bullet,07:34,1030,1037,7,win,1,black,1079,konstantinovevgeniy,42,17,e4 e5 Nf3 Nc6 Bc4 Nf6 Ng5 d5 exd5 Na5 Bb5+ c6 dxc6 bxc6 Be2 h6 Nf3 e4 Ne5 Qd5 Nxf7 Kxf7 Bh5+ Nxh5 c4 Nxc4 Nc3 Qf5 O-O Nf4 d3 Nxd3 Nxe4 Qxe4,C59
2025-02-15,okFPIfsN,bullet,10:56,1037,1043,6,win,1,white,1069,Tanzim3,26,64,e4 e5 Nf3 Nc6 Bb5 a6 Bxc6 dxc6 d3 Bc5 h3 Bd7 Nc3 Nf6 Bg5 h6 Bxf6 Qxf6 Qe2 O-O Nd1 Bd4 c3 Bb6 Ne3 Bxe3 Qxe3 Qg6 d4 exd4 Qxd4 Rad8 Ne5 Qe6 O-O-O c5 Qxc5 Rfe8 Qxc7 Qxe5 Qxe5 Rxe5 Rhe1 f5 f3 fxe4 Rxe4 Rxe4 fxe4 Kf7 e5 Ke7 c4 Bc6 Re1 Bxg2 h4 Bc6 b3 Kf7 e6+ Ke7 a4 Rd6 Rg1 Rxe6 Rxg7+ Kf6 Rh7 Kg6 Rh8 Kg7 Rd8 Re4 h5 Rh4 Rd6 Rxh5 Kd2 Rc5 Kc3 Rf5 Kb4 Rf6 Rd4 Rd6 Rxd6 Kf7 c5 Ke7 a5 b5 axb6 Bb5 b7 Bd7 b8=Q Kf7 Qb7 Ke7 Qxd7+ Kf8 Qe7+ Kxe7 Ka5 Kf7 Kxa6 Ke7 Kb7 h5 Rh6 h4 Rxh4 Ke6 c6 Ke5 c7 Kf5 c8=Q+ Kg5 Qg4+ Kf6 Rh5 Ke7 Qg6 Kd7 Rh7+ Kd8 Qg8#,C68
2025-02-15,l4E7rKz1,bullet,19:04,1043,1049,6,win,1,black,1047,f4salt,-2,28,d4 d5 Nf3 e6 e3 a6 Bd3 Nc6 O-O Nf6 Nbd2 Bd6 b3 Ne7 Bb2 Ng6 c4 Bb4 c5 Bxd2 Qxd2 c6 a4 Bd7 b4 Qe7 b5 e5 bxc6 Bxc6 dxe5 Nxe5 e4 Nxf3+ gxf3 dxe4 fxe4 O-O f3 Rad8 Qe3 Nh5 Kf2 Qh4+ Ke2 Qxh2+ Rf2 Qh4 Qd4 Nf4+ Ke3 Rxd4 Bxd4 Nxd3 Rd1 Nxf2,D02
2025-02-16,q4vJcspr,bullet,09:39,1049,1044,-5,loss,-1,white,1072,Laflaish,28,22,e4 e5 Nf3 d6 h3 Be7 Nc3 h6 b3 c6 Bb2 Nf6 Bc4 Be6 Bxe6 fxe6 d3 O-O Ne2 d5 Ng3 dxe4 Nxe5 exd3 cxd3 Bb4+ Kf1 Qa5 d4 Bc3 Bxc3 Qxc3 Rc1 Qa5 Ng6 Rf7 Qc2 Qb5+ Kg1 Nbd7 Ne4 Qf5 Nxf6+ Qxf6,C41
2025-02-16,KWjlBZwf,bullet,09:46,1044,1038,-6,loss,-1,white,1071,dh_aus_nh,33,24,e4 e5 Nf3 Nc6 Bb5 a6 Bxc6 dxc6 d3 Bg4 h3 Bxf3 Qxf3 Qf6 Qe3 b6 c3 Bc5 d4 exd4 Qg3 dxc3 Be3 Bxe3 Nxc3 Bf4 Qf3 Be5 Qe2 Bxc3+ bxc3 Qxc3+ Qd2 Qxa1+ Ke2 Qxh1 Qf4 Qxg2 Qe5+ Ne7 Qxc7 Qxe4+ Kf1 Qc4+ Kg2 Qe6 Qxb6 O-O,C68
2025-02-16,2gUrI4SG,bullet,10:03,1038,1033,-5,loss,-1,black,1078,blodauks,45,32,d4 d5 Nf3 Nc6 c4 e6 e3 a6 Bd3 g6 Bd2 f5 O-O Bd6 Nc3 Qf6 Rc1 Nge7 Re1 Ng8 e4 Qf7 e5 Be7 cxd5 Nb4 Qa4+ c6 Bc4 a5 Be3 Bd7 Nd2 cxd5 Qb3 dxc4 Qxc4 Bb5 Qb3 Nd3 a4 Nxc1 Rxc1 Be2 Nxe2 Bb4 h3 Ne7 Rc7 Nd5 Rxf7 Kxf7 Nc4 Rhc8 Nd6+ Ke7 Nxc8+ Rxc8 Nc1 Nxe3 Nd3 Rc1+ Kh2,D02
2025-02-16,NPvEZNbh,bullet,10:09,1033,1031,-2,loss,-1,white,1209,shahjiyan,178,45,e4 e5 Nf3 f6 Nc3 d6 h3 Be7 d3 c6 Be3 Bd7 Be2 g6 a3 h6 b4 b6 Nh4 g5 Ng6 Rh7 Bh5 Bf8 Nxe5+ Ke7 Ng6+ Kf7 Nh8+ Kg7 Ng6 Kf7 Ne5+ Ke6 Ng6 Bg7 Bg4+ f5 Bxf5+ Kf7 Qf3 Bxf5 Qxf5+ Ke8 Ne5 Ne7 Qxh7 Bxe5 Bd2 Bxc3 Bxc3 Nd5 Qg8+ Kd7 exd5 cxd5 Qg7+ Qe7+ Qxe7+ Kxe7 O-O b5 Rae1+ Kd7 Bf6 Nc6 Bg7 Nxb4 axb4 Rg8 Bxh6 Rh8 Bxg5 Rg8 Re7+ Kc6 Bh4 Rxg2+ Kxg2 a5 Re8 axb4 Rc8+ Kd7 Rd8+ Kc6 Rb1 Kc5 Rb2 Kd4,C40
2025-02-16,x9saJWU1,bullet,10:30,1031,1026,-5,loss,-1,black,1101,vishnud_reddy,75,30,e4 d5 exd5 Qxd5 Nc3 Qd8 Nf3 Bg4 Be2 Bxf3 Bxf3 c6 Nb5 e5 d4 Qb6 Qd3 cxb5 dxe5 Nd7 Bg4 Nxe5 Qe4 Bd6 f4 Nf6 Qe2 Nxg4 fxe5 Bxe5 Qxg4 O-O Bh6 Rae8 O-O-O Qxh6+ Kb1 Qf6 Rhf1 Qg6 Qd7 f6 Qxb7 Bxh2 Rd7 Rf7 Rfd1 Rxd7 Rxd7 h6 b3 Re1+ Kb2 Be5+ Ka3 Re2 Qxb5 Rxc2 Rxa7 Bd6+ b4,B01
2025-02-16,ZBtA41K1,bullet,10:43,1026,1020,-6,loss,-1,white,1030,a74h,10,34,e4 e5 Nf3 d6 Bc4 Nf6 d3 h6 h3 Be7 Nc3 O-O Be3 Nc6 a3 Na5 Qd2 Nxc4 dxc4 Bd7 Bxh6 Nh7 Be3 Bf6 Nd5 c6 Nxf6+ Qxf6 b3 Be6 a4 c5 Qa5 b6 Qb5 Rfd8 Qc6 Bd7 Qb7 Qe7 a5 Rdb8 Qd5 Be6 Qd2 bxa5 Qxa5 Qd8 Qc3 Qe7 Ra6 Rb6 Qa5 Qd8 Rxb6 axb6 Qxa8 Qxa8 O-O Qxe4 Re1 Qxc2 Ng5 Nxg5 Bxg5 Qxb3 Ra1 Kf8,C41
2025-02-16,oQf17kGl,bullet,10:50,1020,1015,-5,loss,-1,black,1051,Serotonin777,36,22,e4 e5 Bc4 Nf6 d3 Bc5 Nf3 d6 Bg5 Bg4 h3 Bxf3 Qxf3 h6 Bxf6 Qxf6 Qxf6 gxf6 Nc3 Nc6 Nd5 f5 Nxc7+ Ke7 Nxa8 fxe4 Nc7 exd3 Bxd3 Rg8 g4 h5 gxh5 Rg2 O-O-O Bxf2 h6 Nd4 h7 Be3+ Kb1 Nxc2 Bxc2,C24
2025-02-16,jXZ6MHln,bullet,10:54,1015,1020,5,win,1,white,951,Viktor72783121,-69,26,e4 e5 Nf3 Nc6 Bb5 d6 c3 Bd7 Bxc6 Bxc6 d3 h6 Be3 Nf6 Nbd2 Be7 Qb3 O-O a4 Nh7 c4 Kh8 Qc3 f5 exf5 Rxf5 Ne4 Bxe4 dxe4 Rxf3 gxf3 Bg5 Rg1 Qf6 Ke2 Rf8 Rg3 Bf4 Bxf4 Qxf4 c5 Ng5 Ra3 Nxe4 fxe4 Qxf2+ Kd3 Qf1+ Kc2 Rf3 Rxf3,C62
2025-02-16,4bCB2ofR,bullet,12:45,1020,1013,-7,loss,-1,black,891,Humaid10,-122,12,e4 e5 Nf3 Nc6 Bc4 Nf6 Ng5 d5 exd5 Na5 Bb3 Nxb3 axb3 Nxd5 Qf3 Qxg5 Qxd5 Bd6 d4 Be6 Qxb7 O-O Bxg5 Bb4+ Qxb4,C58
2025-02-16,bYuUGwbM,bullet,15:15,1013,1008,-5,loss,-1,black,1042,Abdul0147,34,16,d4 d5 Nf3 e6 Nc3 a6 Bf4 Bb4 e3 Nf6 Bd3 Nbd7 O-O Nf8 a3 Bxc3 bxc3 Ng4 h3 Nf6 Rb1 N8d7 Ne5 Nxe5 Bxe5 Bd7 Rxb7 O-O Bxf6 gxf6 Qg4+ Kh8 Qh5,D02
2025-02-16,5xm23Tgt,bullet,16:23,1008,1002,-6,loss,-1,black,998,mariami18,-4,28,e4 e5 f4 Nc6 Nf3 d6 d4 Bg4 Bb5 a6 Bxc6+ bxc6 fxe5 dxe5 dxe5 Qxd1+ Kxd1 O-O-O+ Bd2 Bb4 c3 Bc5 Kc2 Bxf3 gxf3 Ne7 Na3 f6 Nc4 h5 Rae1 g5 exf6 Ng6 Na5 Bf2 Nxc6 Bxe1 Na7+ Kb7 Rxe1 Nf4 e5 Rhf8 Be3 Rd5 Re2 h4 h3 Rg8 Bxf4 gxf4 Re4 Rg2+ Kb3,C30
2025-02-16,zYGUcjnn,bullet,16:45,1002,1008,6,win,1,white,1026,loveeeyourmm,18,26,e4 b6 Nf3 Bb7 Nc3 g6 d4 Bg7 e5 d6 e6 fxe6 Ng5 Qd7 d5 exd5 Qf3 Nf6 Bd3 Nc6 Nxd5 Nd4 Nxf6+ Bxf6 Qxb7 O-O Qd5+ e6 Nxe6 Nxe6 Bc4 Rfe8 O-O Rad8 Bh6 Bg7 Bg5 Rf8 Bxd8 Rxd8 Qxe6+ Qxe6 Bxe6+ Kf8 c3 Re8 Rfe1 Ke7 Rad1 Kd8 Rd3 c6 Rh3,B00
2025-02-16,ZwRCbydM,bullet,17:51,1008,1002,-6,loss,-1,black,993,Smayz2,-9,34,e4 e5 Nf3 Nc6 Bb5 a6 Bxc6 dxc6 Nxe5 Qd4 Nf3 Qxe4+ Qe2 Qxe2+ Kxe2 Bg4 Re1 Bxf3+ gxf3 Be7 Kf1 O-O-O d3 Bh4 Bf4 Nf6 Nc3 h6 Na4 Rd4 Bg3 Bxg3 hxg3 Rxa4 b3 Ra5 c4 Rh5 Kg2 b6 Re7 Rf8 g4 Rg5 a4 Nd7 b4 h5 Kh3 hxg4+ fxg4 Rh8+ Kg3 Ne5 f3 Nxd3 Rxf7 Nxb4 Rd1 c5 Rdd7 Re5 Rxc7+ Kd8 Ra7 a5 Ra8#,C68
2025-02-16,fFvzfljd,bullet,19:49,1002,1009,7,win,1,white,1043,upah,34,30,e4 c5 Nf3 d6 Nc3 e6 d4 cxd4 Qxd4 a6 Qd1 Qc7 Be3 Nf6 Bd3 b5 O-O Bb7 Ng5 Be7 Qf3 O-O Qh3 Nbd7 e5 dxe5 Bxh7+ Kh8 Be4+ Kg8 Bxb7 Qxb7 f3 Rfc8 Nce4 Nf8 Nxf6+ Bxf6 Ne4 Be7 c3 f5 Ng5 f4 Nxe6 Nxe6 Qxe6+ Kf8 Qf5+ Bf6 Bf2 Qf7 Qe4 Rd8 Bc5+ Kg8 Rae1 Qh5 Qd5+,B50
2025-02-17,ZzDBKO1q,bullet,19:13,1009,1003,-6,loss,-1,white,992,InnocenTula,-11,43,e4 e5 Nf3 Nc6 Bb5 d6 c3 a6 Bxc6+ bxc6 d4 Bg4 h3 Bxf3 Qxf3 exd4 cxd4 d5 Nc3 dxe4 Qxe4+ Qe7 Qxe7+ Bxe7 O-O Nf6 Bg5 O-O Rae1 Rae8 Bxf6 Bxf6 Rxe8 Rxe8 Rd1 Rb8 Na4 Rb4 b3 h6 Nc5 Rxd4 Rxd4 Bxd4 Ne4 Bf6 a4 Be7 f4 f5 Nd2 Kf7 Kf2 Ke6 Kf3 Kd5 g4 g6 Ke3 c5 Nc4 Bd6 g5 hxg5 fxg5 f4+ Kf3 Kd4 h4 Kc3 Na5 Be7 Kxf4 Kb4 Nc6+ Kxb3 Nxe7 Kxa4 Ke5 c4 Kd4 Kb3 Nxg6 c3 Kd3 Kb2,C62
2025-02-17,TF887h5K,bullet,20:10,1003,1009,6,win,1,black,1008,rk999,-1,31,e4 e5 Nf3 Nc6 Bb5 a6 Bxc6 dxc6 Nxe5 Qd4 Nxf7 Qxe4+ Qe2 Qxe2+ Kxe2 Kxf7 Re1 Nf6 Kf1 Bc5 c3 Ng4 d4 Bd6 f4 Nxh2+ Kg1 Ng4 Rf1 Bf5 Nd2 Ne3 Rf3 Nc2 Nc4 Nxa1 Nxd6+ Kf6 Nxf5 Kxf5 g4+ Kxg4 Rf1 Rhf8 Rf2 h5 Rg2+ Kf3 Rf2+ Ke4 Re2+ Kf5 Re5+ Kf6 Rxh5 g6 Rg5 Rg8 d5 Nc2 c4 Ne1,C68
2025-02-17,OjHDWlA0,bullet,20:41,1009,1003,-6,loss,-1,white,1045,ismayilson,42,30,e4 c5 Nf3 e5 Nxe5 Nc6 Bb5 Nf6 Nxc6 bxc6 Bd3 Bd6 b3 Be5 c3 O-O Na3 d6 Nc4 Bf4 Qf3 Bg5 Qg3 Nxe4 Bxe4 Re8 Nxd6 Rxe4+ Nxe4 Qe7 Qf3 g6 O-O Bf5 Nxg5 Qxg5 d3 Qf6 c4 Qxa1 Qxc6 Rc8 Qf3 Qxa2 Be3 Qxb3 Rd1 Bxd3 h3 Bxc4 Kh2 Qb8+ g3 Rd8 Rc1 Bd5 Qg2 Bxg2 Kxg2 Qb7+,B27
2025-02-18,WIluYONo,bullet,07:09,1003,998,-5,loss,-1,black,1014,Jeanvincent,16,36,e4 e5 Nf3 Nc6 Bb5 a6 Bxc6 dxc6 Nxe5 Qd4 Nf3 Qxe4+ Kf1 Bg4 d3 O-O-O dxe4 Rxd1+ Ne1 Rxc1 g3 Rxc2 Kg2 Rxb2 Nc3 Bc5 Nd3 Rc2 Na4 b6 Raf1 Nf6 e5 Ne4 Kg1 Rd8 Naxc5 bxc5 f3 Bxf3 Rxf3 Nd2 Kg2 Ne4+ Kh3 Ng5+ Kg4 Nxf3 Kxf3 Rxd3+ Kg4 Rc4+ Kh3 Rd5 e6 fxe6 Rf1 Rh5+ Kg2 Rc2+ Kf3 Rf5+ Kg4 Rxf1 h3 Rxa2 Kh4 Ra4+ g4 Rff4 Kh5,C68
2025-02-18,xzTeU9tJ,bullet,08:34,998,990,-8,loss,-1,black,866,morteza44,-124,36,f4 d5 Nf3 Nc6 e3 Bg4 Bb5 Bxf3 Qxf3 e6 Bxc6+ bxc6 g4 Nf6 g5 Ne4 h4 Bc5 d3 Nd6 d4 Bb6 c3 Nc4 e4 a5 b3 Nd6 e5 Nf5 h5 a4 b4 Bxd4 cxd4 Nxd4 Qd3 Nf5 O-O d4 Qe4 Ra6 Rd1 g6 hxg6 hxg6 Bb2 Rh4 Bxd4 Rg4+ Kf2 Rh4 Nc3 Rh2+ Kg1 Rh4 b5 Ng3 Kg2 Nxe4 Nxe4 Rb6 Nf6+ Ke7 Bxb6 Qh8 Rh1 Rxh1 Rxh1 Qd8 Bc5+,A03
2025-02-18,NLYD6u85,bullet,10:45,990,984,-6,loss,-1,white,957,dreamedofworld,-27,14,e4 c5 Nf3 Nc6 Bb5 e6 Nc3 a6 Bxc6 bxc6 O-O c4 d3 d5 Ne5 Qf6 Nxc6 d4 e5 Qg6 Ne4 Bb7 Nd6+ Bxd6 exd6 Bxc6 dxc4 Qxg2#,B30
2025-02-18,6sf7lh8M,bullet,16:15,984,978,-6,loss,-1,black,936,Smayz2,-42,16,e4 e5 Nf3 Nc6 Bb5 a6 Bxc6 dxc6 Nxe5 Qd4 Nf3 Qe5 Nc3 Qc5 d4 Qa5 O-O Bb4 Bd2 Bxc3 Bxc3 Qh5 d5 Bg4 Bxg7 Ne7 Bxh8 O-O-O Bf6 Bxf3 Qxf3 cxd5 Qxh5,C68
2025-02-18,29OvAxx4,bullet,17:24,978,971,-7,loss,-1,white,927,bradleystankerton,-44,42,e4 c6 e5 d5 d4 c5 Nf3 Nc6 Bb5 Bg4 h3 Bxf3 Qxf3 e6 Be3 cxd4 Bxd4 a6 Bxc6+ bxc6 O-O Ne7 Nc3 Nf5 Rad1 Qb8 Na4 c5 Bxc5 Bxc5 Nxc5 Qxb2 Rb1 Qxe5 Rfe1 Nd4 Rxe5 Nxf3+ gxf3 O-O Nd7 Rfd8 Nb6 Rab8 a4 Rd6 a5 f6 Re3 d4 Rd3 e5 c4 Rc6 Rdb3 Rxc4 Nd5 Rxb3 Rxb3 Ra4 Rb8+ Kf7 Rb7+ Ke6 Nc7+ Kd6 Nxa6 Kc6 Rc7+ Kb5 Rc5+ Kxa6 Kg2 Rxa5 Rxa5+ Kxa5 Kg3 Kb4 Kg4 Kc3 Kf5 d3 Ke4 d2,B12
2025-02-18,gpeG5NJi,bullet,17:34,971,965,-6,loss,-1,white,938,Paaampaaa,-27,23,e4 d5 e5 Nc6 d4 Bf5 Nf3 Nb4 Bd3 Qd7 Bxf5 Qxf5 O-O Nxc2 Bg5 Nxa1 Qa4+ c6 Nc3 Nc2 Ne2 e6 Ng3 Qd3 h3 Nb4 a3 Na6 Rd1 Qc4 Qa5 b6 Qxa6 Qxa6 Nh4 Qa4 Re1 Qa5 Ngf5 Qxe1+ Kh2 Qe4 Nd6+ Bxd6 f3 Qxd4,B00
2025-02-18,FDxYt51F,bullet,21:47,965,959,-6,loss,-1,black,975,Ratx126,16,30,e4 e5 Bc4 Nc6 d3 Nf6 Nf3 Bc5 h3 d6 a3 a6 Nbd2 Be6 Bxe6 fxe6 Nb3 Qd7 Nxc5 dxc5 Be3 Nd4 O-O Qd6 Ng5 h6 Nf3 O-O-O a4 Nc6 Ra3 Nd7 Ne1 Nb6 c3 Nc4 Rb3 N4a5 Ra3 c4 d4 Nb3 Nc2 exd4 cxd4 e5 d5 Rhf8 Qe2 Nbd4 Nxd4 exd4 Bd2 d3 Qe3 Ne5 Bc3 Rfe8 Rd1,C50
2025-02-19,DEYNbVp3,bullet,07:59,959,956,-3,loss,-1,white,1100,babylonian,144,33,e4 e5 Nf3 c6 h3 Bd6 Nc3 f6 d3 Bc7 Be3 d6 Be2 Be6 O-O Ne7 Nd2 O-O Nf3 Nd7 d4 Ng6 d5 cxd5 Nxd5 Bf7 Nc3 Nb6 Bb5 Qe7 Ne2 Rfd8 Ng3 d5 Nf5 Qf8 a3 dxe4 Qe2 exf3 Qxf3 Be6 Ng3 Nd5 b4 Nxe3 fxe3 Bb6 Kh1 Rab8 Ne4 Bd5 Nxf6+ gxf6 Qxf6 Qxf6 Rxf6 a6 Bd3 Bxe3 Raf1 Nf4 Rf5 Nxd3 Rxe5 Bd4,C40
2025-02-19,8qVXrKsU,bullet,15:00,956,952,-4,loss,-1,black,1042,pkasturi123,90,22,e4 e5 Nf3 Nc6 Bc4 Nf6 Ng5 d5 exd5 Na5 Qe2 Nxc4 Qxc4 Nxd5 d3 Qxg5 Bxg5 Be6 Qb5+ c6 Qxb7 Rc8 Qxa7 c5 Qa4+ Bd7 Qe4 Bc6 Qxe5+ Be7 Bxe7 Nxe7 Qxg7 Rg8 Qe5 Rxg2 Rf1 Rg6 Nd2 Bg2 Rg1 Kf8 O-O-O,C58
2025-02-19,DAdE4FKq,bullet,16:03,952,957,5,win,1,white,956,stevenax,-1,14,e4 c6 Nf3 d5 e5 Bg4 d4 e6 Be2 Nd7 Ng5 Bxe2 Qxe2 Be7 Nf3 f6 Nc3 Qc7 Bf4 O-O-O Qe3 f5 Bg5 Bxg5 Nxg5 Nb6 Nxe6,B10
2025-02-19,s4KHCb7f,bullet,17:04,957,952,-5,loss,-1,white,952,Janjan59,0,27,e4 e5 Nf3 Nc6 Bb5 a6 Bxc6 dxc6 d3 Nf6 Nxe5 Qd4 Nf3 Qb6 Nc3 Bg4 Bf4 O-O-O b3 Bb4 O-O Bxc3 Rb1 Rhe8 Be3 Bxf3 Bxb6 Bxd1 Rbxd1 cxb6 f3 Bd4+ Kh1 b5 Rfe1 Nh5 g3 Bc3 Re2 Re5 f4 Ree8 e5 g6 Kg2 Ng7 Kf3 Nf5 h4 h5 Kg2 Nd4 Re4 Nxc2,C68
2025-02-19,teMOPK8F,bullet,19:59,952,958,6,win,1,black,983,Krampus92,25,18,e4 e5 Nf3 Nc6 c3 a6 Qa4 f6 d4 Bd6 d5 Nce7 Be3 g5 Na3 Nh6 Nc4 Ng6 b4 b5 Nxd6+ cxd6 Bxb5 Ng4 Bd2 Qb6 c4 Qxf2+ Kd1 Ne3+ Bxe3 Qxe3 Re1 Qd3+ Nd2 Nf4,C44
2025-02-19,9cjSQoX7,bullet,20:05,958,951,-7,loss,-1,black,897,Dragonslayerkiller,-54,34,e3 e5 Nf3 d6 d4 Bg4 Be2 Bxf3 Bxf3 Qf6 O-O h6 Nc3 c6 d5 c5 Nb5 Na6 Re1 Ne7 e4 Ng6 g4 Nf4 Bxf4 Qxf4 Nxd6+ Bxd6 Bg2 O-O c4 Nc7 Qa4 Qxg4 Qa5 Ne8 Qc3 Nf6 Qc2 Nh5 h3 Qf4 a4 f5 f3 Qg5 Qc1 f4 b3 Ng3 a5 Be7 Ra3 Qg6 a6 Bh4 axb7 Nh5 bxa8=Q Bxe1 Qxf8+ Kxf8 Qxe1 Ng3 Rxa7 Qb6 Ra8+,A00
2025-02-19,kFg6A5mR,bullet,20:52,951,956,5,win,1,white,883,DOM-SEV,-73,56,e4 Nf6 e5 Ne4 d4 e6 Nf3 Bb4+ c3 Bxc3+ bxc3 Nc6 Bb5 Na5 Qa4 b6 Bg5 f6 Be3 Qe7 O-O O-O Bd3 Nxc3 Nxc3 Nc6 Qc2 Nb4 Qe2 Nxd3 Qxd3 Qa3 Bg5 Ba6 Qc2 Bxf1 Rxf1 c6 exf6 gxf6 Bxf6 Rxf6 Ng5 b5 Qxh7+ Kf8 Qh8+ Ke7 Qh7+ Kd6 Nf7+ Ke7 Ne5+ Kd6 Nf7+ Rxf7 Qxf7 Qxc3 Qf4+ Ke7 Rc1 Qxc1+ Qxc1 Rf8 Qc5+ Kf6 Qxf8+ Kg6 f3 Kg5 g3 Kg6 Kg2 b4 h3 b3 Qf4 bxa2 Qc1 c5 Qa1 cxd4 Qxa2 d3 Qa3 d2 Qa1 d5 Qd1 a5 Qxd2 a4 Qd3+ Kf6 g4 Ke7 Kg3 Kd6 h4 e5 f4 e4 Qd4 a3 Qb4+ Ke6 Qxa3 Kf6 Qc3+ d4 Qxd4+ Kg6 Qxe4+,B02
2025-02-19,9KipxMhg,bullet,21:26,956,962,6,win,1,black,970,neuroxaker,8,25,e4 e5 Nf3 Nc6 Bc4 a6 d3 d5 exd5 Na5 b3 b5 b4 Nb7 Bb3 Nd6 Nxe5 Qe7 Qe2 f6 Nc6 Qxe2+ Kxe2 Bg4+ f3 Bh5 Re1 Be7 Kf2 Nf5 g4 Kd7 gxf5 Bc5+ Kg2 Bd4 Nxd4 Ne7 Nc6 Nxd5 Bxd5 Kd6 Be4 Rhe8 Nd4 c6 Nc3 c5 Nde2 cxb4,C50
2025-02-20,bphuNcfM,blitz,03:20,1208,1217,9,win,1,white,1213,sebatrons,-4,16,e3 e5 Nf3 e4 Nd4 c5 Nf5 d5 Bb5+ Nc6 Ng3 Nf6 Nc3 a6 Bxc6+ bxc6 d4 Bd6 Na4 cxd4 Qxd4 Qa5+ Bd2 Qc7 O-O-O c5 Qc3 O-O Qb3 Rb8 Qc3 Ng4 Rdf1,A00
2025-02-20,tmMhMpDu,bullet,03:28,962,955,-7,loss,-1,black,912,prettyboyted,-43,36,e4 e5 d4 Nc6 d5 Nd4 c3 Nf6 cxd4 Nxe4 dxe5 Bb4+ Bd2 Bxd2+ Nxd2 Nxd2 Qxd2 Qe7 Nf3 d6 Bc4 O-O O-O dxe5 Rfe1 e4 Bd3 Bf5 Bxe4 Bxe4 Ng5 f5 Nxe4 fxe4 Qd4 Rfe8 Re3 Qe5 Qxe5 Rxe5 Rae1 Rae8 f4 Rxd5 Rxe4 Rxe4 Rxe4 Rd2 Re7 c5 Rxb7 c4 Rxa7 Rxb2 Ra8+ Kf7 Ra7+ Kf6 Ra6+ Kf5 Ra4 Rc2 g3 c3 Kf1 Rxh2 Ke1 Rh3 Ra5+ Kg4 Rg5+,B00
2025-02-20,40ZBiZ5y,bullet,04:23,955,961,6,win,1,white,968,baoshun,7,18,e4 e6 d4 d5 e5 g6 Nf3 f5 a3 b6 Nc3 c5 Be3 cxd4 Bxd4 b5 Nxb5 a6 Nd6+ Qxd6 exd6 Kd7 Bxh8 Kxd6 Be5+ Kc5 Qd4+ Kc6 Qa4+ Kb7 O-O-O Nc6 Qb3+ Ka7 Bc7 Nce7 Qb6#,C02
2025-02-20,kFApOeG0,bullet,11:32,961,967,6,win,1,white,975,GJ2023,8,28,e4 e5 Nf3 Nc6 Bb5 d6 c3 Nf6 d3 Bg4 h3 Bh5 Bg5 Be7 Bxf6 Bxf6 Nbd2 O-O Bxc6 bxc6 Qa4 Rb8 b4 c5 Qxa7 cxb4 c4 Ra8 Qe3 Ra3 Nb3 Bxf3 Qxf3 c5 O-O d5 exd5 e4 dxe4 Bxa1 Rxa1 f5 e5 Qa8 Qe2 Rxb3 e6 Rc3 e7 Re8 d6 Qe4 Qh5 Qe6 Qxe8#,C62
2025-02-20,Vi8BwX2i,bullet,15:17,967,962,-5,loss,-1,black,992,bravissimo21,30,35,e4 e5 Nf3 Nc6 Bb5 a6 Ba4 Nf6 O-O Bc5 c3 O-O Bxc6 dxc6 Nxe5 Re8 d4 Ba7 Qf3 Be6 Bg5 h6 Bxf6 Qxf6 Qxf6 gxf6 Nf3 Bc4 Re1 Rad8 Nbd2 Bd3 Nb3 Bxe4 Nbd2 Bxf3 Rxe8+ Rxe8 Nxf3 c5 Kf1 cxd4 Nxd4 Bxd4 cxd4 Rd8 Rd1 c5 d5 c4 Ke2 b5 Ke3 Rd6 Kd4 Kf8 Kc5 Ke7 Kb4 Kd7 Kc5 Kc7 b3 c3 Rc1 f5 Rxc3 Kd7 Rf3 Rxd5+,C78
2025-02-20,EmJwIZ5C,bullet,17:35,962,958,-4,loss,-1,black,1062,samf111198,104,44,d4 d5 Bf4 Nc6 Nf3 e6 e3 a6 Nbd2 Nf6 c3 Bd6 Ne5 Bxe5 dxe5 Ne4 Nxe4 dxe4 Qxd8+ Nxd8 Be2 Nc6 g4 Bd7 Bd1 O-O-O Bc2 f5 gxf5 exf5 O-O-O Be6 Bb3 Bxb3 axb3 Rde8 Rhg1 g6 Kb1 Nxe5 Bxe5 Rxe5 Ka2 a5 Rd4 b5 Ka3 c5 Rd6 Kc7 Rgd1 b4+ cxb4 axb4+ Ka4 Ra8+ Kb5 Rb8+ Kc4 Ra8 Rd7+ Kb6 Rxh7 Ra2 Rd2 Re6 Rh6 Kc6 h4 Rd6 Rxd6+ Kxd6 Rxg6+ Ke5 Rg5 Rxb2 h5 Rc2+ Kb5 c4 Kxb4 c3 h6 Rc1 Rh5 c2 h7,D00
2025-02-20,DnL17dts,bullet,17:44,958,964,6,win,1,white,1004,vaibhavkumar260702,40,24,e4 c6 Nf3 d5 e5 c5 d4 Bg4 Be2 Bxf3 Bxf3 Nc6 c3 e6 O-O Nh6 Bxh6 gxh6 Qd3 Be7 Bh5 Qd7 Qf3 O-O-O Qxf7 cxd4 Qf4 Rdf8 Qxh6 dxc3 Nxc3 Nxe5 Rac1 d4 Nb5+ Kb8 Nc7 Nd3 Rc4 b5 Nxb5 Qxb5 Qf4+ Ka8 Bf3+ Qc6 Bxc6#,B10
2025-02-20,bpaijW3j,bullet,18:31,964,959,-5,loss,-1,black,965,MChessGAgain,6,28,d4 d5 Nc3 e6 Bf4 Bb4 Qd3 Nf6 a3 Bxc3+ bxc3 Qd7 g3 a6 Nf3 Nh5 Be3 f6 g4 O-O gxh5 e5 dxe5 fxe5 Nxe5 Qe6 Nf3 Nc6 Ng5 Qh6 h4 Qxh5 Ne6 Bxe6 Bh3 Ne5 Qd4 Bxh3 Rxh3 Ng4 O-O-O Nxe3 Qxe3 Rae8 Qd3 Qh6+ e3 Rxf2 Rd2 Rf1+ Kb2 Rf6 Rhh2 Rb6+ Kc1,D01
2025-02-20,fY2jtXsy,bullet,18:39,959,954,-5,loss,-1,white,1020,DavidBrowniee,66,39,e4 d5 e5 f6 Qh5+ Kd7 Qf7 Qe8 Bb5+ c6 Qxe8+ Kxe8 Bd3 fxe5 Nf3 e4 Ne5 exd3 cxd3 Nd7 Ng4 Ngf6 Nxf6+ Nxf6 Nc3 g6 d4 Bg7 d3 Kf7 Bg5 Rf8 O-O Kg8 Rfe1 h6 Bf4 Nh5 Be5 Nf6 Ne2 Bf5 Nf4 Nd7 Bxg7 Kxg7 Rxe7+ Kg8 Rae1 Rf7 Re8+ Rxe8 Rxe8+ Kg7 Ra8 Nf6 g3 Nh5 Ne2 Bxd3 Nc3 a6 Ra7 Nf6 Na4 Ne4 Nc5 Nxc5 dxc5 Bb5 b3 Re7 a4 Bd3 b4 Be4 Kf1 Bf3,B01
2025-02-20,50NwpkZJ,bullet,18:45,954,949,-5,loss,-1,black,1016,Hopmundo,67,12,e4 e5 Nf3 Nc6 Bc4 d5 exd5 Na5 Bb5+ c6 Bd3 Qxd5 O-O Bg4 Be2 Bxf3 Bxf3 e4 Nc3 Qf5 Bxe4 Qf6 Re1,C50
2025-02-20,DtAms6CX,bullet,18:59,949,944,-5,loss,-1,white,1004,ZGil,60,15,e4 d5 e5 Nc6 d4 Bf5 Bb5 Qd7 Bxc6 Qxc6 Nc3 f6 Nf3 Qe6 O-O fxe5 Re1 e4 Ng5 Qg6 Nxd5 e6 Nxc7+ Ke7 Nxa8 h6 Nxe4 Bxe4 Nc7 Qxg2#,B00
2025-02-21,EHanUvD7,bullet,16:33,944,950,6,win,1,black,941,morteza44,-9,35,f4 d5 e3 Nc6 Bb5 a6 Bxc6+ bxc6 d4 Bf5 Nf3 f6 h3 h6 g4 Be4 O-O e6 Nh4 Bd6 f5 e5 dxe5 Bxe5 c3 Qd6 Nd2 Bh2+ Kf2 Qg3+ Ke2 Qxh4 Rf2 Qxh3 Qh1 Bxh1 Rxh2 Qxh2+ Kd3 Be4+ Nxe4 dxe4+ Kxe4 Rd8 b4 Qc2+ Kf3 Qxc3 Rb1 Qe5 Bb2 Qd5+ Ke2 Qd2+ Kf3 Ne7 Kf4 Qh2+ Kf3 Nd5 e4 Qh3+ Kf2 Nf4 Rc1 Rd2+ Ke1 Rxb2 Rxc6 Qh1#,A03
2025-02-21,0h3rIyA8,bullet,17:07,950,954,4,win,1,black,845,Onay0,-109,13,d4 d5 e3 Nc6 c4 a6 c5 Nf6 Nc3 e5 b4 Nxb4 a3 Nc6 Qa4 Bd7 Qc2 exd4 exd4 Nxd4 Qd3 Bxc5 Qe3+ Be6 Nf3 Nc2+,D00
2025-02-21,0KPBh3Lr,bullet,17:10,954,960,6,win,1,white,958,Rooked89,-2,38,e4 d5 e5 Bf5 d4 e6 Nf3 f6 a3 fxe5 Nxe5 Bd6 Qh5+ g6 Qe2 Nf6 Bg5 Be7 Qe3 Nbd7 Bb5 c6 Nxc6 bxc6 Bxc6 Rc8 Bxd7+ Qxd7 Nc3 Qb7 Qe5 Rf8 O-O Qc7 Bxf6 Qxe5 Bxe5 Bxc2 Rac1 Bb3 h3 Bc4 Rfe1 Bg5 Rc2 h5 Ne2 Bh6 Ng3 h4 Ne2 Bxe2 Rexe2 Rxc2 Rxc2 Kd7 Rc7+ Kd8 Rxa7 Rf4 Ra8+ Ke7 Ra7+ Ke8 b4 Re4 a4 Re1+ Kh2 Rb1 b5 Ra1 Ra8+ Ke7 a5 Rb1 b6,B01
2025-02-21,wwyp1nLg,bullet,17:23,960,967,7,win,1,black,1059,millerpu,92,25,e4 e5 Nf3 Nc6 c3 a6 d4 Bd6 d5 Nce7 Bd3 b5 O-O Nf6 Bg5 Ng6 Nbd2 c6 b3 O-O b4 h6 Bxf6 Qxf6 a3 Bb7 c4 c5 cxb5 cxb4 bxa6 Bxa6 Bxa6 Rxa6 Nc4 Bc5 axb4 Rxa1 Qxa1 Bxb4 Ncxe5 Nxe5 Nxe5 Bd6 Nxd7 Bxh2+ Kxh2 Qd6+ Ne5 f6,C44
2025-02-21,35UfWf5s,bullet,18:00,967,972,5,win,1,white,910,arkaba,-62,10,e4 d5 e5 Bf5 d4 e6 Nf3 c5 Be3 cxd4 Bxd4 Nc6 a3 Nxd4 Nxd4 Bg6 Bb5+ Ke7 Qd2 a6 Qb4+,B01
2025-02-21,4klhiKhM,bullet,19:29,972,968,-4,loss,-1,white,1087,ericbattlema,119,29,e4 e5 Nf3 Bc5 Nxe5 d6 Nxf7 Kxf7 d3 Nf6 Bg5 Rf8 Bxf6 Qxf6 Qf3 Kg8 Qxf6 Rxf6 Nd2 Bxf2+ Kd1 Bg4+ Be2 Bxe2+ Kxe2 Nc6 Nf3 Bb6 g4 Nd4+ Nxd4 Bxd4 c3 Bb6 d4 c5 Kd3 cxd4 cxd4 Rf3+ Kc4 Rf4 Rhe1 Rxg4 e5 Rxd4+ Kb5 Rd5+ Kc4 Rxe5 Rxe5 dxe5 Kd5 Re8 Ke4 Kf7 Rg1 Bxg1,C40
2025-02-21,WDYn2N7J,bullet,20:01,968,965,-3,loss,-1,black,1087,Viriato-Asterix,122,26,e4 e5 Nf3 Nc6 d4 exd4 Bc4 Bc5 c3 a6 cxd4 Bxd4 Nxd4 Nxd4 Qxd4 d6 Nc3 Nf6 Bg5 h6 Bh4 O-O O-O-O c5 Qd2 Qe7 Rhe1 Qe5 f4 Qh5 Bxf6 gxf6 h3 Qh4 Nd5 Be6 g4 Qxh3 Rh1 Qxg4 Rdg1 Qxg1+ Rxg1+ Kh7 Qh2 Rg8 Nxf6+ Kh8 Rxg8+ Rxg8 Qxh6#,C44
2025-02-21,lcKa0AZf,bullet,20:41,965,970,5,win,1,white,951,stenman112,-19,40,e4 e5 Nf3 Nc6 h3 Bc5 Bb5 Nf6 d3 h6 Nc3 Kf8 Bxc6 dxc6 O-O h5 Bg5 Be7 Bxf6 Bxf6 a3 Bg4 hxg4 hxg4 Nh2 Be7 Qxg4 Bc5 Qg3 Qf6 Ng4 Qg6 Ne2 Ke7 Qxe5+ Kf8 Qxc5+ Kg8 Qf5 Qh6 Ng3 Qg6 Qxg6 fxg6 Ne5 Re8 Nxg6 Rh6 Nf4 Rf8 Nh3 Kf7 Nf5 Rh7 Ng5+ Kg6 Nxh7 Kxh7 f3 g6 Nh4 g5 Nf5 Kg6 Kf2 g4 Rh1 gxf3 gxf3 Rg8 Rag1+ Kf6 Rxg8 Ke5 Ne7 Kd4 Rc8 Kc5 Rxc7 Kb6 Rd7,C44
2025-02-21,9E5DjLCa,bullet,20:51,970,965,-5,loss,-1,black,1011,ElToro63072,46,18,e4 e5 Nf3 Nc6 d4 exd4 Nxd4 Nxd4 Qxd4 b6 Nc3 Nf6 Bc4 c5 Qd3 Bb7 O-O Be7 Re1 O-O e5 Nh5 Qe3 Bg5 Qe2 Bxc1 Raxc1 Nf4 Qg4 Nxg2 f3 Nxe1 Rxe1 Qe7 Kg2,C44
2025-02-22,wJYMiHo7,bullet,12:23,965,970,5,win,1,black,936,Kishlayupadhyay,-34,31,e4 e5 Nc3 Nf6 f4 d6 d3 a6 fxe5 dxe5 Bg5 Bb4 Qd2 Nc6 O-O-O Be6 Kb1 Nd4 a3 Ba5 Bxf6 Qxf6 Be2 Qg6 g3 O-O-O b4 Bb6 Nb5 axb5 c3 Nxe2 Qxe2 Bg4 Nf3 f6 Rhg1 Rd6 h3 Bxf3 Qxf3 Qf7 Qg4+ Kb8 Rgf1 Qb3+ Kc1 Qxa3+ Kd2 Qb2+ Ke1 Qxc3+ Rd2 Qc1+ Rd1 Qb2 Qxg7 Rhd8 Rb1 Qd4 Rd1 Qe3#,C29
2025-02-22,mdkqpDqQ,bullet,13:31,970,965,-5,loss,-1,white,987,NaTeCOmniChess,22,34,e4 e5 Nf3 Nc6 Bb5 a6 Bxc6 dxc6 h3 Bd6 d3 h6 Nc3 Be6 a3 Ne7 Be3 Ng6 b4 Qd7 Ne2 Nf4 Nxf4 exf4 Bd4 O-O-O Bxg7 Rhg8 Bxh6 Rxg2 Ng5 Rg8 h4 f6 Nf3 Bg4 Qe2 Bxf3 Qxf3 Rg1+ Rxg1 Rxg1+ Ke2 Rxa1 Bxf4 Bxf4 Qxf4 Qe6 h5 Rh1 h6 Qe5 Qe3 Qh5+ f3 Rh2+ Kd1 Rh1+ Kd2 Qh2+ Kc3 Qe5+ d4 Qh5 f4 Rh3 Qxh3+ Qxh3+,C68
2025-02-22,1cxR4qEF,bullet,15:22,965,960,-5,loss,-1,white,1008,Jonathaskv,48,25,e4 c6 Nf3 d5 e5 Bf5 d4 e6 Bd3 Bxd3 Qxd3 c5 Be3 Qb6 b3 Nc6 O-O Nh6 Ng5 Nf5 Nxf7 Kxf7 c3 cxd4 cxd4 Nfxd4 Nd2 Bc5 Bxd4 Bxd4 Qf3+ Ke7 Rab1 Rhf8 Qg3 Bxe5 Qh4+ Bf6 Qxh7 Ne5 Nf3 Nxf3+ gxf3 Rac8 a4 Qd6 b4 Rh8 Qg6 Qxh2#,B12
2025-02-22,KIo2qJVa,bullet,15:32,960,955,-5,loss,-1,black,1019,sgnoorman,64,22,e4 e5 Nf3 Nc6 Bc4 Nf6 Ng5 d5 exd5 Na5 Bb5+ c6 dxc6 bxc6 Qf3 Bb7 Ba4 Qd4 Nc3 Bb4 Ne2 Bxd2+ Bxd2 Qxb2 O-O Qb6 Bxa5 Qxa5 Bxc6+ Bxc6 Qxc6+ Nd7 Qxa8+ Qd8 Qxd8+ Kxd8 Nxf7+ Ke7 Nxh8 Nc5 Ng3 Ne4 Nxe4,C58
2025-02-22,eeDt5S4x,bullet,18:43,955,949,-6,loss,-1,white,943,srgimon,-6,49,e4 c6 Nf3 d5 e5 Bf5 d4 f6 Bd3 fxe5 Bxf5 e6 Bxe6 exd4 Qxd4 Nf6 Bg5 Nbd7 Ne5 Be7 Bxf6 Bxf6 Bxd7+ Qxd7 Qe3 Qe6 f4 O-O Nc3 Rfe8 O-O Bxe5 fxe5 Qxe5 Qc5 Rf8 Rxf8+ Rxf8 Rf1 Rxf1+ Kxf1 Qf5+ Kg1 Qxc2 Qe7 Qf5 Qe8+ Qf8 Qe6+ Qf7 Qc8+ Qf8 Qxf8+ Kxf8 Ne2 Kf7 Nf4 Kf6 Kf2 Kf5 g3 g5 Nh5 h6 h3 Kg6 g4 Kf7 Ke3 Ke6 Ng7+ Ke5 Kd3 b5 Ne8 c5 Nc7 c4+ Kc3 a6 Nxa6 d4+ Kc2 Ke4 Nb4 Ke3 Nd5+ Ke2 b3 d3+ Kc1 d2+ Kb1 d1=Q+ Kb2 Qd2+ Ka3 b4+,B12
2025-02-22,tKqUgIGv,bullet,19:01,949,955,6,win,1,black,940,salleh05,-15,14,e4 e5 Nf3 Nc6 d4 exd4 Nxd4 Nxd4 Qxd4 Nf6 e5 Qe7 Be2 c5 Qc3 Nd5 Qg3 Nb4 Na3 d6 c3 Nd5 exd6 Qxd6 Qxd6 Bxd6 O-O O-O,C44
2025-02-23,eeikyXur,bullet,08:36,955,950,-5,loss,-1,black,976,criptobiotico,26,34,e4 e5 Nc3 Nf6 Nf3 Nc6 d3 d6 Bg5 h6 Bh4 Be7 Bg3 Ng4 h3 Nf6 Be2 Be6 O-O Qd7 d4 O-O-O d5 Bxd5 exd5 Nb4 a3 Nbxd5 Nxd5 Nxd5 Qxd5 Bf6 Rab1 c6 Qa5 a6 b4 Rde8 c4 Bd8 Qa4 Bb6 Rfd1 Re6 c5 f5 cxb6 f4 Bh2 g5 Bc4 d5 Ba2 e4 Nd4 Re5 Ne2 e3 fxe3 Rxe3 Nd4 f3 gxf3 Rf8 Rf1 Rf4 Rbe1,C47
2025-02-23,47gH7YLD,bullet,08:42,950,956,6,win,1,white,1007,vaibhav_balaji13,51,38,e4 e5 Nf3 Nc6 Bb5 Nf6 d3 Bd6 Bg5 h6 Bxf6 Qxf6 Nc3 O-O Nd5 Qd8 a3 a6 Bxc6 dxc6 Ne3 b5 b3 c5 Nd5 Bb7 Ne3 b4 a4 c6 Nc4 Bc8 Qe2 Be7 h3 Rb8 Ncxe5 Bd6 Nxc6 Qc7 Nxb8 Qxb8 Qe3 Qb6 Nd2 Qb8 Nc4 Bf4 Qf3 Be6 Na5 Bc7 Nc6 Qd8 Nxd8 Bxd8 O-O Bc8 e5 Bc7 Rfe1 Re8 Qd5 Rf8 Qxc5 f6 Qxc7 fxe5 Rxe5 a5 Re7 Kh7 Rxg7+ Kh8 Rh7+ Kg8 Qg7#,C65
2025-02-23,K6qzB9MN,bullet,12:17,956,963,7,win,1,white,1037,FruitSnack65,74,16,e4 c6 e5 d5 d4 Be6 Nf3 f6 Bd3 g5 Nxg5 Bh6 Qh5+ Bf7 Nxf7 Qb6 Nxh8+ Kd7 Bf5+ e6 Qf7+ Ne7 Bxe6+ Kc7 Qxe7+ Nd7 Qxd7+ Kb8 Qe8+ Kc7 Qd7+ Kb8 Qc8#,B12
2025-02-23,wCs3SEOW,bullet,12:32,963,957,-6,loss,-1,black,963,MGaskeza,6,38,d4 d5 Nf3 Nc6 Nc3 e6 e3 a6 Bd3 Bb4 a3 Bxc3+ bxc3 Nf6 Bb2 Nd7 O-O Nb6 h3 h6 g4 g5 Ne5 Nxe5 dxe5 Nd7 f4 Rg8 fxg5 Rxg5 Qf3 Nxe5 Qf4 f6 c4 h5 Bxe5 Rxe5 Bg6+ Kd7 cxd5 Rxd5 Rad1 Rxd1 Rxd1+ Ke7 Rxd8 Kxd8 Qxf6+ Kd7 gxh5 Kc6 h6 Bd7 Be4+ Kb6 h7 Bc6 Bxc6 bxc6 h8=Q Rxh8 Qxh8 Kc5 Qe5+ Kc4 h4 c5 Qxe6+ Kc3 h5 Kxc2 Qc4+ Kd2 h6,D02
2025-02-23,c5wUp94F,bullet,12:43,957,963,6,win,1,white,978,tomekspawel,15,28,e4 a6 Nf3 h6 e5 g6 d4 Bg7 Bf4 e6 h3 Ne7 Nc3 c6 Bd3 O-O Ne4 Nf5 Qd2 b5 Ng3 Nxg3 fxg3 Bb7 Bxh6 d5 Bxg7 Kxg7 Ng5 Rh8 Qf4 Qe8 Qf6+ Kg8 O-O-O Nd7 Qf4 Rh5 g4 Rxg5 Qxg5 Qf8 Rhf1 Qg7 Qe7 Rf8 Qxd7 Ba8 Bxg6 Qxg6 Kb1 a5 Qd6 a4 Qa3 b4 Qxa4,B00
2025-02-23,i8fEoxIu,bullet,13:12,963,958,-5,loss,-1,black,988,anmol98,30,24,d4 d5 Nc3 e6 Bf4 Bb4 Qd3 a6 O-O-O Nc6 a3 Bxc3 Qxc3 Nf6 f3 O-O g4 h6 h4 Re8 h5 e5 dxe5 d4 Qd2 Nxe5 g5 Nxf3 Nxf3 Ne4 Qe1 hxg5 Bd2 Bg4 Bg2 Bxf3 Bxf3 Nc5 h6 d3 cxd3 Nb3+ Kb1 Qd6 Bxg5 g6 Qc3 Re5 Bf4,D01
2025-02-23,0PmbvLoe,bullet,14:07,958,964,6,win,1,black,1001,ramangarcha,37,24,e4 e5 Nc3 Nf6 Bc4 Bc5 h3 h6 Nf3 d6 d4 exd4 Nxd4 Qe7 O-O O-O Re1 c6 Nf5 Bxf5 exf5 Qd7 Bd3 d5 Ne2 Qd6 Nf4 Nbd7 Nh5 Nxh5 Qxh5 Nf6 Qf3 Rae8 Bf4 Rxe1+ Rxe1 Qd7 Qg3 Nh5 Qh4 Nxf4 Qxf4 Qd6 Qg4 Qf6 Qe2 Qxb2,C26
2025-02-23,WYGuOpsM,bullet,14:18,964,969,5,win,1,white,903,LarsMac,-66,30,e3 d5 d4 Nc6 Nf3 Nf6 h3 b6 Bb5 Bb7 Nc3 a6 Bxc6+ Bxc6 Ne5 Bd7 Qf3 g6 Nxd5 Bg7 Nxf6+ exf6 Ng4 O-O O-O Qc8 c4 Bxg4 Qxg4 Qxg4 hxg4 Rad8 f4 Rfe8 f5 Re4 Rf4 Rxf4 exf4 Rxd4 Kf2 Rxc4 b3 Rc2+ Ke3 Rc3+ Ke4 Rc2 g3 c5 Be3 Rg2 Kf3 Rc2 a4 Rc3 Ra3 c4 Ke4 cxb3 Bxb6,D00
2025-02-23,vv1jyIoR,bullet,15:55,969,976,7,win,1,white,1014,MaksimSeryakov,38,20,e4 e5 Nf3 Nc6 Bb5 Nd4 Nxd4 exd4 d3 Qf6 Nd2 Bb4 O-O c6 Bc4 d5 exd5 Bh3 Ne4 Qg6 Ng3 Nf6 Qe2+ Be7 d6 O-O-O dxe7 Rde8 Bf4 h5 Qe5 Rxe7 Qxe7 Nd7 Bxf7 Qg4 Qd6 Nb8 Qc7#,C61
2025-02-23,f4QGU6Iy,bullet,16:39,976,969,-7,loss,-1,black,929,macterarman,-40,52,e4 e5 d3 Nf6 Bg5 h6 Bxf6 Qxf6 f3 Nc6 Nc3 Bb4 Ne2 Nd4 Nxd4 exd4 a3 Bxc3+ bxc3 dxc3 Be2 O-O O-O d6 f4 Qd4+ Kh1 f6 f5 a5 Bh5 b5 Bg6 b4 axb4 Bb7 Rxa5 Qxb4 Rxa8 Rxa8 Qb1 Qxb1 Rxb1 Ba6 Ra1 Kf8 h3 Ke7 Kh2 c6 Bh5 d5 exd5 cxd5 Bf3 Kd6 g4 Kc5 Kg3 Kd4 Kf4 Bb7 Rxa8 Bxa8 h4 Bc6 g5 Ba4 Bd1 Bd7 gxf6 gxf6 Kg4 Ke3 Bf3 d4 Be4 Kd2 Kh5 Kxc2 Kg6 Kd2 Kxf6 c2 Ke7 c1=Q f6 Qc8 f7 Be6 f8=Q Qxf8+ Kxf8 Bg4 Kg7 h5 Kg6 Ke3 Kg5 Kf2 Bf5 Kg3 Bxg4,C20
2025-02-24,jVkcfiv4,bullet,12:24,969,966,-3,loss,-1,black,1117,dzajba,151,32,e4 e5 Nf3 d6 Bc4 Nc6 Nc3 Nf6 a3 Be7 h3 O-O d3 h6 Bxh6 gxh6 Nd5 Nh5 Ng1 Nf4 Nxf4 exf4 Qh5 Bg5 h4 Nd4 O-O-O Qf6 hxg5 Qxg5 Qxg5+ hxg5 Nh3 Bxh3 Rxh3 Kg7 Rdh1 c6 Rh7+ Kf6 R1h6+ Ke5 Rxf7 Rxf7 Bxf7 Ne2+ Kb1 g4 Rh5+ Kd4 c3+ Kxd3 Bb3 Kxe4 Rh4 g3 f3+ Ke3 Kc2 Kf2 Kd2 Ng1 Rh2 gxh2 Bc4,C50
2025-02-24,HjHSIjaR,bullet,16:18,966,961,-5,loss,-1,white,1000,educal,39,42,e4 e5 Nf3 Nc6 Bb5 d6 c3 Nf6 d3 Bg4 Bg5 h6 Bxf6 Qxf6 Nbd2 Be7 Qb3 Qe6 Qxe6 fxe6 Bxc6+ bxc6 O-O O-O b4 a5 a3 Bg5 Nxg5 hxg5 Nc4 axb4 axb4 Be2 Rxa8 Rxa8 Re1 Bxd3 h3 Bxc4 Re3 d5 Rg3 Ra1+ Kh2 Rc1 Rxg5 Rxc3 Rxe5 d4 Rc5 Bb3 Ra5 d3 Ra1 d2 b5 d1=Q Rxd1 Bxd1 bxc6 Rxc6 Kg3 Rc4 f3 c5 Kf4 Rc2 Ke5 c4 Kxe6 Rxg2 e5 Rg3 Ke7 Rxf3 e6 Re3 Kd7 c3 e7 Rxe7+ Kxe7 c2,C62
2025-02-25,wAiiin5s,bullet,08:32,961,967,6,win,1,white,992,aerience,25,32,e4 d5 e5 d4 Nf3 Nc6 Bb5 e6 Bxc6+ bxc6 O-O Bb7 Re1 Ne7 d3 g6 Bg5 Bg7 Nbd2 O-O Ne4 h6 Bf6 Bxf6 Nxf6+ Kg7 Nh4 Nd5 Nh5+ Kg8 Qg4 Ne7 Nf6+ Kg7 Re4 c5 Rf4 Nf5 Nxf5+ exf5 Rxf5 Bc8 Nh5+ Kg8 Nf6+ Kg7 Nh5+ Kg8 Qf3 Bxf5 Ng3 Re8 Nxf5 Rxe5 Nxh6+ Kh8 Nxf7+ Kg7 Nxd8 Rxd8 Qh3 Rde8 Qd7+ Kh6 h3,B01
2025-02-25,x9jBsi3U,bullet,08:58,967,973,6,win,1,white,1005,mcjaime,32,16,e4 e5 Nf3 Nc6 Bb5 a6 Bxc6 bxc6 d3 d5 Nxe5 Nf6 Nxc6 Qd6 e5 Qxc6 exf6 Qxf6 Be3 Bd6 Nd2 Bb7 d4 O-O c3 Rfe8 O-O c6 Nf3 Rad8 b4 Qh6 Bxh6,C68
2025-02-25,TKgrKpZT,bullet,12:10,973,967,-6,loss,-1,black,954,R314159265359,-13,22,e4 e5 Nf3 Nc6 Nc3 Nf6 d4 d6 Bb5 a6 Bxc6+ bxc6 d5 c5 O-O Be7 Bg5 h6 Bxf6 Bxf6 h3 O-O a3 Rb8 b3 Bxh3 gxh3 Qd7 Kh2 a5 Rg1 Ra8 a4 Rab8 Ne2 Rb4 Ng3 c4 Nf5 g5 Nxh6+ Kh7 Ng4 cxb3 Nxf6+,C47
2025-02-25,tLsNLkCc,bullet,16:10,967,972,5,win,1,black,898,emilsz,-74,15,e4 e5 Nf3 Nc6 Bc4 Nf6 d3 Bc5 Ng5 d5 exd5 Na5 Bb5+ c6 dxc6 bxc6 Qf3 Bb7 Qe2 cxb5 Qxe5+ Qe7 Qxe7+ Bxe7 O-O Nc6 Re1 Nd4 a4 Nxc2,C50
2025-02-25,GrxIcrbu,bullet,18:53,972,979,7,win,1,white,1045,shtetinski,66,28,e4 e5 Nf3 Nc6 Bb5 a6 Bxc6 dxc6 d3 Bg4 h3 Bh5 Nc3 Bb4 O-O Nf6 Qe2 O-O Bd2 Bc5 a3 Bd4 Nd1 Bxb2 Nxb2 Bxf3 Qxf3 Qd4 Nc4 b5 Ne3 Nd7 Nf5 Qc5 Be3 Qxc2 Qg4 g6 Nh6+ Kg7 Qxd7 Qxd3 Qxd3 Rad8 Qb3 c5 Rad1 c4 Qb4 Rxd1 Rxd1 Ra8 Qe7 Rf8 Qxc7,C68
2025-02-26,pSOc7vc2,bullet,15:15,979,985,6,win,1,black,1016,DNCJ,31,25,e4 e5 d4 exd4 Qd2 Nc6 Qd1 Bc5 c3 d6 cxd4 Bxd4 Nf3 Bg4 Be2 Bxf3 Bxf3 Qf6 b4 O-O-O b5 Bxa1 bxc6 bxc6 O-O Ne7 Re1 Rde8 Na3 Kd7 Nc4 Nc8 e5 Bxe5 Nxe5+ Rxe5 Rxe5 Qxe5 Bg4+ f5 Be2 g6 Qe1 Re8 f4 Qxe2 Qxe2 Rxe2 Kf1 Rxa2,C21
2025-02-26,vZetaesZ,bullet,15:26,985,991,6,win,1,white,951,Dirkules_41,-40,30,e4 Nc6 Nf3 e5 Bb5 f6 Nc3 Nge7 d3 a6 Bxc6 Nxc6 Be3 d6 Qd2 Be6 a3 Be7 h3 d5 Ne2 d4 Bh6 gxh6 Qxh6 Bf7 Qg7 Kd7 Qg4+ Be6 Qh4 f5 Qh6 fxe4 dxe4 Bf8 Qd2 Na5 Qxa5 b6 Qxe5 Ke7 Qxh8 d3 Qxh7+ Ke8 Rd1 d2+ Rxd2 Qc8 Qh5+ Bf7 Qe5+ Be6 Nf4 Ke7 Ng5 Bg7 Ng6+ Ke8 Qxg7,C60
2025-02-26,x7msEeNd,bullet,16:54,991,997,6,win,1,black,1061,Viriato-Asterix,64,25,e4 e5 Nf3 Nc6 d4 exd4 Bc4 Qf6 O-O Bc5 e5 Nxe5 Nxe5 Ne7 Re1 O-O Nf3 d6 Bg5 Qg6 Bxe7 Bh3 g3 Rfe8 Nxd4 Rxe7 Rxe7 Qf6 Re1 Bxd4 Qe2 h6 c3 Bc5 Bd5 c6 Bh1 d5 Nd2 Kf8 Nf3 Bg4 Qd3 Bxf3 Qxf3 Qxf3 Bxf3 a5 a3 b5,C44
2025-02-27,iBz5L2Rg,bullet,07:36,997,1001,4,win,1,white,840,SatyakiMukherjee,-161,14,e4 e5 Nf3 Nc6 Bb5 a6 Bxc6 dxc6 d3 Bg4 h3 Bh5 Nc3 Bd6 Be3 Qd7 a3 O-O-O O-O f5 Qe2 g5 Bxg5 Rf8 Qe3 h6 Qa7,C68
2025-02-27,80SRbjSo,bullet,08:31,1001,1005,4,win,1,white,874,manolorum,-131,26,e4 e5 Nf3 Nc6 Bb5 Nf6 d3 Bb4+ Bd2 Bc5 a3 Ng4 O-O Qf6 Bg5 Qg6 Nbd2 h6 Bh4 Qh5 Bxc6 dxc6 b4 Bxf2+ Rxf2 Nxf2 Kxf2 Bg4 Bg3 Bxf3 Qxf3 Qxf3+ Nxf3 O-O Nxe5 b6 Nxc6 a5 b5 Rac8 c4 Rfe8 Ke3 Re6 Rf1 f6 Rf5 Rce8 Bxc7 Rc8 Bxb6,C65
2025-02-27,l1IZXI8w,bullet,14:14,1005,1000,-5,loss,-1,black,1041,erdemylmaz,41,14,e4 e5 Bc4 Nf6 Nf3 Nc6 O-O Bc5 c3 O-O d4 d6 dxc5 Bg4 cxd6 Nxe4 dxc7 Qxc7 Qd3 Bxf3 Qxf3 Ng5 Bxg5 e4 Qxe4 Rae8 Qg4 Re4 Qxe4,C50
2025-02-27,eg22TNjN,bullet,15:26,1000,994,-6,loss,-1,black,984,villaduchessa,-10,36,e4 e5 Nf3 Nc6 Bb5 a6 Ba4 Bc5 O-O Nf6 Re1 O-O d3 Ne7 Nxe5 d6 Nf3 Ng6 d4 Ba7 c4 Bg4 h3 Bxf3 Qxf3 Bxd4 Nc3 Be5 Nd5 Nxd5 exd5 Qf6 Qxf6 Bxf6 Rb1 Bd4 Be3 Bxe3 Rxe3 Nf4 Rbe1 h6 Kh2 Ng6 Bc2 Ne5 b3 b5 f4 Nd7 Re7 Rad8 Bf5 Nf6 Rxc7 b4 Bd7 Ra8 Bf5 a5 Rc6 Rad8 g3 Nh5 Bg4 Nf6 Bf5 Nh5 Bc2 Nf6 Kg2,C78
2025-02-27,Xcgx8DlB,bullet,16:24,994,988,-6,loss,-1,black,985,Siberia_team,-3,22,e4 e5 d4 exd4 Qxd4 Nc6 Qd3 Nf6 a3 Qe7 Nc3 Ne5 Qd4 b6 h3 c5 Qe3 Bb7 Bd3 h6 Nf3 Qd6 Qe2 Be7 Bf4 Nh5 Qe3 Nxf4 Qxf4 Bg5 Qf5 Nxd3+ cxd3 Qxd3 Nxg5 hxg5 Qxg5 O-O Rd1 Qc2 Qc1 Qa4 O-O,C22
2025-02-27,j0rpoDIW,bullet,17:17,988,994,6,win,1,white,1030,TONI7777,36,28,e4 e5 Nf3 d6 Nc3 Nc6 Bb5 Nf6 d3 Be7 h3 O-O Bxc6 bxc6 Bg5 h6 Bxf6 Bxf6 O-O c5 Nd5 Be7 Qe2 c6 Ne3 Rb8 b3 d5 Nxe5 Bf6 Nxc6 Qc7 Nxb8 Bxa1 Rxa1 Qb7 Nxd5 Qxb8 Ne7+ Kh8 Qe3 Qe5 Nd5 Qxa1+ Kh2 Qe5+ g3 Bb7 Qxc5 Rd8 Qa5 Qd6 Ne3 Qb6 Qe5,C41
2025-02-27,eVQgsdlI,bullet,21:22,994,989,-5,loss,-1,black,994,Dark_Mask001,5,16,d4 d5 c4 e6 cxd5 Qxd5 Nc3 Qd8 e4 Bb4 Bd2 Bxc3 Bxc3 Nf6 e5 Ne4 Qf3 Nxc3 bxc3 Nc6 Rb1 O-O Bd3 Qg5 Qh3 h6 Nf3 Qe7 O-O Qa3 Ng5 Qxc3 Bh7+,D30
2025-02-28,Twbh3xXA,bullet,12:17,989,983,-6,loss,-1,white,966,Mahagama,-17,51,e4 e5 Nf3 Qe7 d3 d6 Nc3 c6 Be2 f6 h3 g6 O-O Na6 a3 Nc5 Be3 Nd7 b4 a6 Qc1 g5 Nd1 Nb8 c3 g4 Nh4 gxh3 Nf5 Qf7 Bh6 Nxh6 Qxh6 Bxh6 Nxd6+ Ke7 Nxf7 Kxf7 Bh5+ Ke7 Ne3 Rg8 Ng4 Bxg4 Bxg4 Rxg4 Kh2 hxg2 Rg1 Bf4+ Kh3 Rg5 Rxg2 Rxg2 Kxg2 Nd7 Rh1 Nb6 Rxh7+ Ke6 Rxb7 Na4 f3 Nxc3 Rb6 Ne2 Rxc6+ Ke7 Kf2 Nd4 Rb6 Nb3 Rb7+ Ke6 Rb6+ Kf7 Rb7+ Kf8 Rb6 Nd4 Rxf6+ Kg7 Rb6 Rc8 Kg2 Rc2+ Kh3 Nxf3 Rxa6 Rh2+ Kg4 Nd2 Kf5 Rh5+ Ke6 Nb3 Kd5 Nd4 Ra7+ Kf6 Ra6+ Kg5,C40
2025-02-28,KyWkTrVW,bullet,13:25,983,988,5,win,1,white,947,bast0s,-41,6,e4 e6 e5 d5 d4 c5 Nf3 Nc6 Bb5 Bd7 Bxc6 Bxc6 c3,C02
2025-02-28,1glnH9Bq,bullet,20:20,988,993,5,win,1,white,932,espenhlthe,-61,42,e4 e5 Nf3 Nc6 Bb5 Nf6 Nc3 Bc5 d3 Ng4 O-O O-O Bxc6 dxc6 Nxe5 Nxe5 Bf4 Qf6 Bxe5 Qe6 Bxc7 Qe7 Bg3 a6 Qf3 b5 Ne2 f6 Nf4 Bd6 Nh5 Bxg3 Qxg3 g6 Nf4 g5 Nh5 Kh8 f4 gxf4 Rxf4 Rg8 Qh4 Be6 Nxf6 Qg7 Nxg8 Rxg8 g3 c5 Rf6 Bd7 Rxa6 c4 Rf1 cxd3 cxd3 b4 b3 Bb5 Raf6 Bxd3 R1f2 Qc7 Rf8 Qc1+ Kg2 Bxe4+ Qxe4 Rxf8 Rxf8+ Kg7 Qe7+ Kg6 Rf6+ Kg5 Qg7+ Kh5 g4+ Kh4 Qxh7+ Kxg4 Qf5+,C48
2025-02-28,F1ttqV1Y,bullet,22:27,993,987,-6,loss,-1,black,969,L_Ron_Hubi,-18,22,e4 e5 Nf3 Nc6 c3 a6 d4 Nf6 Be2 Bd6 dxe5 Bxe5 Nxe5 Nxe5 O-O d6 Bg5 h6 Bh4 O-O Re1 Be6 f4 Bc4 fxe5 Bxe2 Qxe2 dxe5 Rf1 Qe7 Bxf6 gxf6 Qg4+ Kh8 Qh4 Kh7 Rxf6 Qc5+ Kh1 Qe3 Na3 Rad8 Nc4 Rd3 Nxe3,C44
2025-02-28,3uJMnKxa,bullet,22:31,987,993,6,win,1,white,1020,Gullideckel,27,10,e4 e5 Nf3 Nc6 Bb5 d6 c3 a6 Bxc6+ bxc6 d4 exd4 Qxd4 Be6 Ng5 Nf6 e5 dxe5 Qxe5 Ng4 Qe2,C62
2025-02-28,QFcFIKSM,bullet,22:38,993,999,6,win,1,white,959,MZajac,-40,20,e4 c5 Nf3 Nc6 Bb5 e5 Bxc6 bxc6 Nxe5 Qf6 Nf3 Bd6 d3 Ne7 Nc3 O-O Bg5 Qe6 Bxe7 Bxe7 O-O d5 Re1 Qh6 h3 dxe4 Nxe4 Bd6 Neg5 Bf5 Qd2 Rae8 Rxe8 Rxe8 Re1 Rxe1+ Qxe1 Kf8 Qa5 f6 Qd8#,B30
2025-03-01,mKvGniU6,bullet,10:47,999,1005,6,win,1,black,1049,Selcuk_534,44,14,e4 e5 Nf3 Nc6 Bc4 a6 a4 d5 exd5 Na5 Ba2 Bg4 O-O Bd6 Nc3 Nf6 Re1 O-O h3 Bxf3 Qxf3 c6 dxc6 Nxc6 d3 Nd4 Qxb7 Nxc2,C50
2025-03-01,NQTHebRI,bullet,12:15,1005,1013,8,win,1,black,1132,Nail1990,119,12,d4 d5 e3 e6 Bd3 Nc6 Nf3 a6 O-O Nf6 c3 Bd6 Ng5 Bxh2+ Kxh2 Ng4+ Qxg4 e5 Qf3 Qxg5 dxe5 Nxe5 Qxd5 Ng4+,D00
2025-03-01,pw4ptsIN,bullet,13:25,1013,1007,-6,loss,-1,white,984,Ottlikd,-23,31,e4 e5 Nf3 Nc6 Bb5 d6 h3 Bd7 Bxc6 bxc6 d3 Nf6 Nc3 d5 Bg5 d4 Ne2 Bd6 c4 dxc3 bxc3 O-O d4 Qe7 dxe5 Bxe5 Nxe5 Qxe5 Bxf6 Qxf6 Qxd7 Qe5 Qxc6 Rab8 O-O Rb6 Qc4 Rc8 Rad1 g6 Rd5 Qe6 e5 c6 Nf4 cxd5 Qxd5 Qe7 c4 Rcb8 Re1 Rb1 Rxb1 Rxb1+ Kh2 Qc7 Qa8+ Kg7 e6 Qxf4+ g3 Qxf2+,C62
2025-03-01,u20wD3FJ,bullet,15:07,1007,1002,-5,loss,-1,black,1020,Vasiliy8,18,18,e4 e5 Nf3 Nc6 Bc4 Nf6 d3 Bc5 c3 d6 O-O a6 Re1 O-O d4 Bg4 dxc5 Bxf3 Qxf3 dxc5 Bg5 Nd4 cxd4 Qxd4 Bxf6 gxf6 Qxf6 Qxb2 Nc3 Qxc3 Qg5+ Kh8 Re3 Qxc4 Rg3 Qe6 Qg7#,C54
2025-03-02,OrVj5weF,bullet,06:57,1002,1007,5,win,1,white,947,yassinislam10,-60,28,e4 e5 Nf3 Nf6 d3 Nc6 Bg5 Be7 Nc3 d5 Bxf6 Bxf6 Nxd5 Bg4 Be2 Nd4 Nxd4 exd4 Bxg4 c6 Nf4 g5 Nh5 h6 Nxf6+ Qxf6 Qf3 Qe7 Bf5 h5 h3 Qb4+ c3 dxc3 bxc3 Qxc3+ Ke2 Qxa1 Rxa1 O-O Qxh5 Kg7 Qh7+ Kf6 Rb1 Rh8 e5+ Kxe5 Qxf7 Kf4 Bg4+ Ke5 Qe6+ Kd4 Rb4+ Kc3 Qb3#,C42
2025-03-02,BIni7BBv,bullet,08:33,1007,1001,-6,loss,-1,white,994,DavidBrentLovesFlan,-7,15,e4 Nf6 e5 Nd5 d4 d6 Nf3 dxe5 Nxe5 f6 Qh5+ g6 Nxg6 hxg6 Qxh8 Qd6 Qh4 Qe6+ Be3 Nxe3 fxe3 Qxe3+ Be2 Nc6 d5 Nd4 Qf2 Nxc2+ Kf1 Qc1+,B04
2025-03-02,I3Hd0iAi,bullet,08:42,1001,995,-6,loss,-1,black,992,JohnLangbein,-3,30,d4 d5 Bf4 e6 Nf3 Nc6 c3 a6 e3 Nf6 h3 Bd6 Ne5 Bxe5 dxe5 Ne4 Bd3 Nc5 Bc2 Qh4 Nd2 g5 Nf3 Qh5 Bxg5 Nxe5 Bf6 Nxf3+ Qxf3 Qxf3 gxf3 Rg8 f4 Bd7 O-O-O Rg6 Be5 Rg2 Bxc7 Rxf2 Bb6 Ne4 Rdf1 Bc6 Rxf2 Nxf2 Rh2 Ne4 Bxe4 dxe4 Bd4 Kd7 h4 f5 Kc2 h5 Kb3 Rg8 a3,D02
2025-03-03,cs90T5c8,bullet,04:43,995,990,-5,loss,-1,black,1036,ABThunderG,46,22,e4 e6 Nf3 Nc6 c3 e5 Bc4 d6 O-O Be7 Re1 Nh6 h3 Bxh3 gxh3 Bg5 d4 Bxc1 Qxc1 Qf6 Qe3 exd4 cxd4 O-O Nbd2 Rae8 e5 Qg6+ Kf1 Nf5 Qf4 dxe5 dxe5 Ncd4 Rac1 Nxf3 Nxf3 Qh5 e6 Qxh3+ Kg1 fxe6 Bxe6+ Rxe6 Rxe6,B00
2025-03-03,bY38odDk,bullet,08:37,990,995,5,win,1,white,979,ehyy,-16,28,e4 e6 d4 d5 e5 c5 Nf3 Nc6 Bb5 Bd7 Bxc6 Bxc6 Bd2 cxd4 Nxd4 Ne7 Bb4 Qc7 Bxe7 Bxe7 Nc3 Qxe5+ Nce2 Bd7 a3 O-O O-O Qc7 Qd3 Rfd8 b4 a6 Rac1 Qb6 Qf3 Bf6 Nb3 Bb5 Rfd1 Rac8 Ned4 Bc4 h3 Bxb3 Nxb3 Rc7 c4 dxc4 Rxd8+ Bxd8 Nd2 h6 Nxc4 Qd6 Nxd6,C02
2025-03-03,8ah9lM9B,bullet,09:35,995,991,-4,loss,-1,white,1090,Kiranmai48,99,31,e4 e5 Nf3 Bc5 c3 Nf6 d4 exd4 cxd4 Bb6 Bg5 h6 Bxf6 Qxf6 e5 Qg6 Bd3 Qxg2 Rg1 Qh3 Rxg7 d6 Nbd2 Nc6 Bb5 a6 Bxc6+ bxc6 e6 Kf8 Rxf7+ Ke8 Qe2 Bxe6 Ne4 Kxf7 Neg5+ hxg5 Nxg5+ Kf6 Nxh3 Rxh3 O-O-O Bxa2 Qg4 Rb3 Qh4+ Ke6 Re1+ Kd5 Qe4+ Kc4 Qxc6+ Kb4 Kc2 Rf8 Re3 Rxf2+ Kd1 Bxd4 Rxb3+ Bxb3+,C40
2025-03-03,7gUH02Pt,bullet,11:19,991,984,-7,loss,-1,black,912,charlyruiz,-72,26,e4 e5 d3 Nc6 Be2 Bc5 Nf3 Nf6 O-O O-O Bg5 d6 Nc3 Be6 Nd5 Bxd5 exd5 Nd4 c4 h6 Bh4 c6 Nd2 cxd5 cxd5 Nf5 Bxf6 Qxf6 Ne4 Qd8 Bg4 Nd4 Bh5 Qa5 Qg4 Nc2 Nf6+ Kh8 Nd7 Rg8 Bxf7 Nxa1 Bxg8 Rxg8 Rxa1 Qd2 h3 Qxf2+ Kh2 Qd2 Rf1,C20
2025-03-03,pHR2F91n,bullet,13:54,984,988,4,win,1,black,870,Edgertrud,-118,33,e4 e5 Nf3 Nc6 Bc4 Nf6 Nc3 Bb4 O-O Bxc3 dxc3 d6 Bg5 Bg4 Qd3 O-O Nh4 a6 h3 Bh5 Nf5 Bg6 Bd5 Bxf5 exf5 Ne7 Bb3 Nc6 Qf3 h6 Be3 Nh7 c4 Qf6 Ba4 Ne7 c5 Nxf5 cxd6 cxd6 Qxb7 Qg6 Qf3 Ng5 c4 Nxf3+ Kh1 N3h4 g3 Nf3 Bb3 e4 c5 d5 Bxd5 Rad8 Bxe4 Rde8 Bxf3 Nxe3 fxe3 Rxe3 Bd5 Qxg3 Rg1 Qxh3#,C47
2025-03-03,wCHFyeCI,bullet,17:48,988,983,-5,loss,-1,black,1003,xMichal,20,18,e4 e5 Bc4 Nf6 Nf3 Nc6 Ng5 d5 exd5 Na5 Qe2 Nxc4 Qxc4 Bd6 O-O O-O d3 Ng4 f4 a6 f5 Qf6 Qxg4 Bxf5 Rxf5 Qg6 c4 Bc5+ Kh1 Bd4 Qg3 Qh6 Nc3 f6 Nge4,C58
2025-03-03,goIbWbzQ,bullet,18:02,983,978,-5,loss,-1,white,1012,Aadithya2002,34,8,e4 e5 Nf3 Nc6 Bb5 a6 Bxc6 dxc6 d3 Bd6 Nc3 Nf6 Bg5 O-O Ne2 Bg4,C68
2025-03-04,H5VIXnTK,bullet,07:54,978,985,7,win,1,white,1047,majuanis,62,32,e4 c6 d4 d5 e5 c5 Nf3 cxd4 Nxd4 Nc6 Bb5 Bd7 Bxc6 bxc6 Nc3 c5 Nf3 d4 Nd5 Bg4 Nf4 e6 O-O Be7 Qd3 Nh6 Qb5+ Qd7 Qxd7+ Kxd7 Nd2 Bf5 c4 Bg5 Nb3 Kc6 Nh5 Bxc1 Raxc1 g6 Ng3 Bd3 Rfe1 Nf5 a4 Nxg3 hxg3 h5 Red1 Bf5 Na5+ Kb6 b4 cxb4 Nb3 Rac8 Rd2 d3 Nd4 Be4 Rb1 Kc5 Ne2 Kxc4 Nc1,B12
2025-03-04,pKZPL2G9,bullet,10:11,985,989,4,win,1,black,877,utku_tr,-112,19,e4 e5 Nc3 Nf6 Bd3 Bb4 Nge2 d6 O-O Bxc3 Nxc3 Nc6 Nd5 Nxd5 exd5 Nd4 c4 Bf5 Bxf5 Nxf5 Qg4 Qf6 d3 Nd4 Bg5 Qg6 f4 Qxd3 Rad1 Ne2+ Kh1 Qe4 Rg1 Qxc4 fxe5 Qxg4 h3 Qxg5,C26
2025-03-04,kjMuAyud,bullet,11:46,989,994,5,win,1,white,983,Hamidbastani4646,-11,24,e4 e5 Nf3 Nc6 Bb5 d6 d3 Bd7 Bxc6 Bxc6 Nc3 Nf6 Bg5 Be7 Bxf6 Bxf6 b3 Bd7 a4 Bg4 h3 Bh5 Nd5 O-O Ne3 d5 Nxd5 c6 Ne3 Bxf3 Qxf3 Qd4 O-O Rad8 Qg4 h6 Nf5 Qc3 Nxh6+ Kh7 Nf5 Kg8 Rac1 b5 Ne3 Rd6 Nd1,C62
2025-03-04,We3CEjht,bullet,12:07,994,990,-4,loss,-1,white,1064,iosifs,74,17,e4 e5 Nf3 d5 Nc3 d4 Nd5 Bd6 d3 c6 Bg5 f6 Bxf6 gxf6 Nh4 cxd5 Qh5+ Kd7 Nf5 Ne7 Qf7 Kc6 Nxe7+ Bxe7 Qxd5+ Qxd5 exd5+ Kxd5 g3 Bb4+ c3 dxc3 bxc3 Bxc3+,C40
2025-03-04,n69K4h9N,bullet,12:29,990,996,6,win,1,black,1036,AndresMira20,40,39,d4 d5 Bf4 Nf6 Nc3 e6 Nb5 Bd6 Nxd6+ cxd6 e3 a6 a3 Nc6 c3 Na5 Qa4+ Nc6 Nf3 Bd7 Qb3 Ne4 Qxb7 Rb8 Qxa6 Rxb2 Be2 Nxc3 Rc1 Nxe2 Nd2 O-O Kxe2 Nxd4+ exd4 Bb5+ Qxb5 Rxb5 Bxd6 Re8 Bc5 Rb2 a4 Qa5 Rhd1 Qxa4 Ra1 Qb5+ Ke1 h6 Ba3 Rb3 Bc5 Rd3 Rab1 Qc6 Ke2 Rc3 Bb4 Rc4 Nxc4 dxc4 Bc5 Qe4+ Kf1 c3 Rbc1 c2 Rd2 Rc8 Rdxc2 Qd5 f3 e5 Ke2 exd4 Ba3 Rxc2+,D01
2025-03-04,97S0Evbe,bullet,12:48,996,1000,4,win,1,white,900,cauchyunderground,-100,8,e4 d5 e5 Bf5 d4 Nc6 Nf3 e6 Bd3 Bxd3 Qxd3 Nge7 Nc3 Ng6 O-O Nf4 Bxf4,B01
2025-03-04,leZ5dLVX,bullet,15:37,1000,995,-5,loss,-1,black,1021,ayoimnerd,26,16,e4 e5 Nf3 Nc6 d4 exd4 Bc4 Bc5 c3 Qf6 Bg5 Qg6 O-O f6 cxd4 Bxd4 Nxd4 Nge7 Nxc6 Nxc6 Bf4 d6 Nc3 Bg4 f3 Bd7 Nd5 O-O-O Bb5 Be6 Bxc6 bxc6 Ne7+,C44
2025-03-04,4Csa68NM,bullet,15:55,995,1001,6,win,1,white,972,Poison_dart,-29,6,e4 e5 Nf3 Nc6 Bb5 a6 Bxc6 dxc6 d3 Bc5 Nxe5 Qg5 Bxg5,C68
2025-03-04,OGNuxLna,bullet,21:05,1001,1006,5,win,1,white,991,jose1976,-15,28,e4 e5 Nf3 Nc6 Bb5 Nf6 Nc3 Bc5 d3 a6 Bxc6 dxc6 Bg5 Qd4 Be3 Qd6 O-O Bxe3 fxe3 Ng4 Ng5 Qc5 Nxf7 Nxe3 Qh5 Nxf1+ Kh1 Ne3 Nxe5+ g6 Nxg6 Bg4 Qxc5 O-O-O Ne7+ Kb8 Qxe3 Rhf8 Ne2 Rd7 Nxc6+ bxc6 e5 Rdf7 Ng3 Bf3 gxf3 Rxf3 Qd4 Rf2 Qb4+ Kc8 Ne4 Rxc2 Qxf8+ Kb7 Nc5+,C48
2025-03-05,nre61lAn,bullet,06:36,1006,1012,6,win,1,black,1016,eltigre_01,4,15,e4 e5 Nf3 Nc6 c3 a6 d4 d6 d5 Nce7 Be3 h6 Be2 Ng6 O-O Nf6 h3 Nxe4 Nbd2 Nf6 Qc2 Bxh3 gxh3 Qd7 Nh2 Qxh3 Kh1 Nh4 Bg4 Qg2#,C44
2025-03-05,1msBCV1X,bullet,07:03,1012,1020,8,win,1,black,1136,TomasAKD,116,43,e4 e5 Nf3 Nc6 Bc4 Nf6 d3 a6 Nc3 d6 Bg5 h6 Bh4 Be7 O-O Be6 Bxe6 fxe6 d4 Qd7 dxe5 Ng4 Bxe7 Qxe7 exd6 cxd6 Re1 O-O h3 Nf6 e5 Nh5 exd6 Qf6 Qe2 Nf4 Qe3 Nxh3+ gxh3 Qxf3 Qxe6+ Kh7 Qe4+ Qxe4 Nxe4 Rae8 Rad1 Nd8 d7 Re6 Nc5 Rg6+ Kf1 Rf3 Re8 Rxh3 Rxd8 Rh1+ Ke2 Rh5 Rh8+ Kxh8 d8=Q+ Kh7 Qe8 Rgg5 Rd7 Re5+ Qxe5 Rxe5+ Kf1 Rxc5 Rd1 Rxc2 Rb1 b5 b4 Rxa2 Kg1 Ra4 Kg2 Ra3 f3 h5 Kg3 g5,C55
2025-03-05,LkRoPO6u,bullet,07:10,1020,1014,-6,loss,-1,white,1042,Asylbek141414,28,26,e4 e5 Nf3 Nc6 Bb5 Nf6 d3 a6 Bxc6 dxc6 Bg5 Be7 Bxf6 Bxf6 Nc3 Be6 a3 Qd7 h3 h6 Ne2 g5 Ng3 Bg7 c4 h5 Nxg5 h4 Nh5 Rxh5 Qxh5 O-O-O Qxh4 Qxd3 Nf3 Qxc4 Qh5 Qxe4+ Kf1 Bc4+ Kg1 Rh8 Qxf7 Bxf7 Re1 Qd5 Kh2 Bh5 Rd1 Qe6 Ng5 Qf5,C65
2025-03-05,jmIbTLoC,bullet,13:25,1014,1010,-4,loss,-1,white,1107,Wilipi,97,22,e4 a6 Nf3 b5 e5 e6 d4 Bb7 Bf4 Nc6 Nbd2 Nge7 c3 Nd5 g3 Nxf4 gxf4 Be7 Rg1 g6 Ne4 d5 Ng3 Qd7 Bd3 O-O-O b4 a5 a3 a4 Bxb5 Kb8 Qxa4 Qc8 Bxc6 Bxc6 Qxc6 Qb7 Qxb7+ Kxb7 a4 Ra8 a5 Kc6,B00
2025-03-05,LvmUecdH,bullet,15:59,1010,1005,-5,loss,-1,white,1018,stokesmi84,13,14,e4 c6 Nf3 d5 e5 e6 d4 c5 Nc3 cxd4 Nxd4 Nc6 Nxc6 bxc6 a3 Qb6 Be3 Qxb2 Bd4 Bxa3 Nxd5 Bb4+ Nxb4 Qxb4+ c3 Qb2 c4 Qb4+ Qd2,B10
2025-03-05,CADEsX5Q,bullet,16:09,1005,1012,7,win,1,black,1085,SralMies,73,24,Nf3 Nc6 d3 e5 Ng5 d5 Nxf7 Kxf7 e4 d4 Qf3+ Nf6 h4 h6 g4 Bxg4 Qf5 Bxf5 exf5 Bd6 f4 exf4 Nd2 Ng4 Nf3 Ne3 Bh3 Qf6 Kf2 Nxc2 Rb1 Ne3 h5 g5 hxg6+ Kg7 Bd2 Ne5 Nxd4 Nxd3+ Kf3 Qxd4 Bxe3 Qxe3+ Kg2 Qg3+ Kf1 Qf2#,A04
2025-03-05,wKkUSY4U,bullet,17:20,1012,1018,6,win,1,white,1068,pharaohss,50,12,e4 e5 Nf3 f5 exf5 d5 Qe2 Nc6 Qb5 Bd7 Qxd5 Nf6 Qb3 Bxf5 Ng5 Qe7 Bb5 Rd8 Bxc6+ bxc6 O-O Qc5 Qf7#,C40
2025-03-05,hEZ4cdeQ,bullet,23:55,1018,1013,-5,loss,-1,black,1056,samp64,43,46,Nf3 Nc6 d4 d5 Bf4 Bg4 Nbd2 f6 h3 Bxf3 Nxf3 e5 a3 exf4 b4 Qd7 Qd3 O-O-O e3 a5 b5 Na7 a4 b6 exf4 Bb4+ c3 Ba3 Rxa3 Ne7 Be2 Nf5 O-O Qd6 c4 dxc4 Qxc4 Nxd4 Nxd4 Qxd4 Rc3 Qxc4 Rxc4 Rd2 Bf3 Kb8 Rfc1 Rc8 Bg4 Rcd8 Rxc7 g6 f5 Rd1+ Kh2 Rxc1 Rxc1 g5 Bf3 Nc8 Rc6 Nd6 Kg3 Nxf5+ Kg4 Nd4 Rxf6 Nxf3 Kxf3 Rd4 g4 Rf4+ Rxf4 gxf4 Kxf4 Kc7 Kf5 Kd6 Kf6 Kd5 f4 Ke4 f5 Kf4 Kg7 h5 f6 hxg4 hxg4 Kxg4 f7,D02
2025-03-06,VGxVSsc7,bullet,11:06,1013,1008,-5,loss,-1,black,1033,oriolol,25,34,e4 e5 Nf3 Nc6 Bb5 a6 Bxc6 dxc6 Nxe5 Qd4 O-O Qxe5 Re1 Nf6 d4 Qe6 d5 cxd5 exd5 Qe7 Rxe7+ Bxe7 Nc3 O-O Bg5 Bg4 Qe1 Rae8 Ne4 Nxe4 Qxe4 Bd7 Bxe7 g6 Re1 Bf5 Qe3 Rxe7 Qxe7 Bxc2 d6 cxd6 Qxd6 Ba4 b3 Bc6 a4 Re8 Rxe8+ Bxe8 Qd8 Kf8 Qb8 b5 axb5 axb5 Qg3 Bc6 f4 Kg7 Qh4 f5 Qe7+ Kh6 Qf8+ Kh5 h3,C68
2025-03-07,TFbfJaDZ,bullet,10:29,1008,1004,-4,loss,-1,white,1131,Netopir,127,19,e4 c5 Nf3 Nc6 Bb5 Na5 d4 a6 Bd3 cxd4 Nxd4 Nc6 Be3 e5 Nf5 d6 Nc3 Be6 Qg4 g6 Bg5 Qd7 Nxd6+ Qxd6 Qh4 Bg7 Kf1 Nd4 Na4 Qb4 b3 b5 Nb2 Qc3 Rb1 Nxc2 Bxc2 Qxc2,B30
2025-03-07,KLBnL7hX,bullet,13:26,1004,1011,7,win,1,white,1077,salman-memon,66,22,e4 c6 d4 d5 e5 e6 Nf3 b6 Nc3 Ba6 Bxa6 Nxa6 a3 Ne7 Bg5 Nc7 Qd2 h6 Bxe7 Bxe7 Ne2 Rc8 O-O c5 Qd3 cxd4 Nexd4 O-O b4 Qd7 b5 Na8 a4 Rc4 Nc6 Bg5 Rfd1 Rc8 Qxc4 dxc4 Rxd7 Nc7 Nxa7 Nd5 Nxc8,B12
2025-03-07,YPK8a4QG,bullet,16:14,1011,1017,6,win,1,black,1043,BenHeideveld,26,30,e4 e5 Nf3 Nc6 Bc4 Nf6 Ng5 d5 exd5 Na5 Bb5+ c6 dxc6 bxc6 Be2 h6 Nf3 e4 Ne5 Qd5 f4 Bd6 d4 Bxe5 dxe5 Qxd1+ Bxd1 Nd5 b4 Nc4 O-O Nxb4 c3 Nd5 Bb3 Ncb6 c4 Nb4 Bb2 Nd3 Bd4 Bf5 h3 Nd7 g4 Bh7 f5 Rf8 Rd1 N7xe5 Nd2 Nf3+ Kg2 Nxd4 Nxe4 Nxb3 Rxd3 Nc5 Rd6 Nxe4,C59
2025-03-07,MR05iBTL,bullet,21:25,1017,1025,8,win,1,black,1125,RaNigmo,100,9,d4 d5 c4 e6 Nf3 Nc6 e3 Bb4+ Nbd2 Nf6 a3 Bxd2+ Bxd2 Ne4 Bb4 a5 Bc5 b6,D30
2025-03-09,6qHli9NZ,bullet,06:19,1025,1030,5,win,1,white,1015,S2b0s3h0,-15,14,e4 e5 Nf3 Nf6 Nc3 Bb4 a3 Bxc3 bxc3 Nxe4 d4 exd4 cxd4 Qe7 Be3 Nc3 Qd3 Ne4 Ne5 Qf6 Qxe4 d6 Nc6+ Be6 Nxb8 Rxb8 Bd3 O-O Qxh7#,C42
2025-03-09,27KDoy7g,bullet,17:27,1030,1037,7,win,1,black,1075,JasenGan,38,15,d4 d5 b3 e6 e3 Bb4+ c3 Bd6 Nf3 Nc6 Bb2 a6 a3 Bd7 Nbd2 Nf6 c4 Bb4 axb4 Nxb4 Bc3 Nc6 Ne5 Nxe5 dxe5 Ne4 Bd3 Nxc3 Qc2 Ne4,D00
2025-03-10,DzfDKYrS,bullet,15:55,1037,1031,-6,loss,-1,white,1009,Ch1980Kirill,-22,25,e4 e5 Nf3 Nc6 Bb5 a6 Bxc6 dxc6 Nc3 Bg4 d3 Bc5 h3 h5 O-O b5 a3 Nf6 Be3 Bxf3 Qxf3 Bxe3 Qxe3 Ng4 Qc5 Qf6 Ne2 Rd8 Ng3 Rd6 Nf5 O-O Nxd6 cxd6 Qxc6 Rc8 Qxa6 Rxc2 Qxb5 Rxf2 d4 exd4 Rad1 Rxf1+ Rxf1 Qe5 Qb8+ Kh7 a4 Qh2#,C68
2025-03-10,N56G5Ibf,bullet,17:16,1031,1036,5,win,1,white,1022,tga1,-14,16,e4 e5 Nf3 Nc6 Bb5 f6 h3 a6 Bxc6 dxc6 d3 Be6 Nc3 Qd6 Be3 c5 Qe2 Qb6 Na4 Qb4+ Nc3 Qxb2 O-O Qxc3 Bd2 Qxc2 Rab1 b6 Be3 Bxa2 Qxc2,C60
2025-03-10,C2aU7sjx,bullet,20:12,1036,1036,0,draw,0,black,1038,Oryhan,2,40,e4 e5 d3 Nc6 Nf3 d6 Bg5 f6 Be3 Be7 Nc3 a6 Nd5 Be6 Nxe7 Qxe7 Be2 Nh6 c3 Ng4 Nh4 Nxe3 fxe3 f5 exf5 Qxh4+ g3 Qh6 e4 Bf7 h4 O-O-O g4 Qf4 Rf1 Qg3+ Rf2 Qxh4 Qd2 h6 O-O-O Qxf2 Rf1 Qh4 Rg1 Qg5 Qxg5 hxg5 Kc2 Rh2 Kd2 Rdh8 Ke3 R8h3+ Bf3 b5 a3 Rc2 d4 Rxb2 d5 Na5 Rf1 Nc4+ Kd3 Nd2 Rf2 Rxf3+ Rxf3 Nxf3 Ke3 Nd2 Kd3 Nc4 a4 Ra2 axb5 axb5 f6 gxf6,C20
2025-03-10,EpCIT0lJ,bullet,20:24,1036,1043,7,win,1,black,1077,zahra,34,39,e4 e5 Nf3 Nc6 Bc4 Nf6 Nc3 Bc5 O-O O-O d3 d6 h3 a6 Be3 Be6 Bxc5 Bxc4 dxc4 dxc5 Qxd8 Raxd8 Rad1 Rxd1 Rxd1 Nd4 Rd2 Nxf3+ gxf3 h6 Nd5 c6 Nxf6+ gxf6 Rd7 Rb8 Kg2 b5 cxb5 cxb5 Ra7 Rb6 Kg3 Kg7 f4 Kg6 h4 h5 fxe5 fxe5 f4 Kg7 fxe5 Rg6+ Kf4 Rg4+ Kf5 Rxh4 e6 Rh3 e7 Rf3+ Ke5 Rf6 Rxa6 Rxa6 e8=Q Re6+ Qxe6 fxe6 Kxe6 h4 Kf5 h3 Kg4 h2 Kg3 h1=Q,C50
2025-03-10,okc4ka9V,bullet,22:01,1043,1038,-5,loss,-1,white,1125,jamc10,87,25,e4 e6 d4 d5 e5 c5 Nf3 Nc6 Bb5 Bd7 Bxc6 Bxc6 a3 Ne7 Bg5 Qb6 b3 Nf5 O-O cxd4 b4 Bb5 Re1 a5 c3 axb4 cxb4 Ba4 Qd2 Be7 Rc1 Bxg5 Nxg5 O-O Nf3 f6 h3 fxe5 Nxe5 Qd6 Qf4 Ne3 Qxd4 Nc2 Nd2 Nxd4 b5 Ne2+ Kh2 Nxc1,C02
2025-03-10,C5VCMozy,bullet,22:12,1038,1043,5,win,1,black,991,Adrielelcuervo777,-52,24,Nh3 d5 g3 Bxh3 Bg2 Bxg2 Rg1 Bh3 e3 Bf5 g4 Bg6 f4 f6 f5 Bf7 h4 e5 h5 Nc6 Na3 Bxa3 b3 Bxc1 Qxc1 d4 exd4 Qxd4 Rf1 Qxg4 Qd1 Qh4+ Rf2 Bxh5 Qc1 Qh1+ Rf1 Qe4+ Kf2 Qxf5+ Ke1 Qe4+ Kf2 Nd4 d3 Qf3+ Ke1 Qe2#,A00
2025-03-11,puiRE24p,bullet,22:03,1043,1049,6,win,1,white,1015,Rustycarsinger,-34,26,e4 e5 Nf3 Nc6 Bb5 a6 Bxc6 dxc6 d3 Bd6 Nc3 Ne7 h3 O-O a3 b5 b4 f5 O-O f4 Ne2 Ng6 c3 Nh4 Nxh4 Qxh4 Qb3+ Kh8 f3 Rf6 c4 Rg6 c5 Be7 Bb2 Qxh3 Kf2 Qxg2+ Ke1 Bh4+ Kd2 Be6 Qd1 Bf6 Rg1 Qxf3 Rxg6 hxg6 Qh1+ Kg8 Qxf3 Rd8 Ng1,C68
2025-03-12,BlbgClLu,bullet,13:19,1049,1056,7,win,1,black,1131,Ge0graf,75,38,e4 e5 Nf3 Nc6 d3 a6 Ng5 Be7 h4 h6 Nxf7 Kxf7 Qh5+ g6 Qf3+ Nf6 d4 Nxd4 Bc4+ d5 exd5 Nxf3+ gxf3 b5 d6+ Be6 dxe7 Qxe7 Bxe6+ Qxe6 Be3 Rad8 Nd2 Nd5 O-O-O Nxe3 fxe3 Qxa2 Nb1 Rxd1+ Rxd1 Ke6 e4 c5 Rg1 Rg8 h5 g5 f4 Qc4 f5+ Kf6 Nd2 Qe2 c3 Rd8 Rd1 g4 Kc2 g3 b3 g2 Kc1 Rd3 Kc2 Rh3 Rg1 Rh1 Rxh1 gxh1=Q b4 Qhd1+ Kb2 Qexd2+ Ka3,C44
2025-03-14,SWuDv44c,bullet,16:24,1056,1050,-6,loss,-1,white,1066,Bhairava21,16,24,e4 d5 e5 d4 Nf3 c5 Bc4 e6 d3 b6 a3 Ba6 Ba2 b5 Nbd2 Qc8 Nf1 c4 Nxd4 Bc5 Be3 Bxd4 Bxd4 cxd3 cxd3 Qd8 Qg4 f5 Qf4 g6 Ne3 Ne7 Qh6 Kf7 Bxe6+ Kxe6 Qg7 b4 Qf6+ Kd7 Qd6+ Ke8 Qxb4 Nbc6 Qa4 Qxd4 Qxd4 Nxd4,B01
2025-03-15,tc4TIQzX,bullet,13:17,1050,1056,6,win,1,black,1049,saish99,-7,8,e4 e5 Nf3 Nc6 Nc3 a6 d4 Nf6 dxe5 Ng4 Bf4 Bb4 Qd3 O-O O-O-O Nxf2,C46
2025-03-16,AtoO7SUN,bullet,15:40,1056,1050,-6,loss,-1,black,1034,cephalopod962,-16,28,d4 d5 c4 e6 Nc3 Bb4 Nf3 Nc6 Bg5 f6 Bh4 g5 Bg3 Qd7 h3 h5 e3 h4 Bh2 Nge7 a3 Bxc3+ bxc3 Na5 Be2 Nf5 cxd5 Qxd5 O-O Bd7 Nd2 Nd6 Bh5+ Ke7 Bg6 Rag8 Bd3 e5 Be4 Nxe4 Nxe4 Qxe4 dxe5 Bc6 f3 Qxe3+ Kh1 Rf8 exf6+ Kf7 Re1 Qc5 Qd2 Kxf6 Re3 Rd8 Qe2,D31
2025-03-16,CwYMIUS3,bullet,16:43,1050,1054,4,win,1,white,939,vnichetb,-115,26,e4 c6 Nf3 d5 e5 e6 d4 c5 Be3 cxd4 Bxd4 Nc6 Bb5 Bd7 Bxc6 Bxc6 a3 a5 Nc3 Ne7 O-O Nf5 Rb1 Be7 Ne2 Nxd4 Nexd4 O-O c3 Qc7 b4 axb4 axb4 b5 Qe2 Ra3 Qe3 Bd7 h3 Rxc3 Qd2 Rc8 Nb3 Qc4 Na5 Qc7 Nd4 Qxe5 Rfe1 Qf6 Nb7 R3c4 Nf3,B10
2025-03-16,qyKmzkAg,bullet,18:27,1054,1048,-6,loss,-1,black,1069,brigadir534,21,32,d4 d5 c4 e6 Nc3 Bb4 Nf3 Nc6 Bg5 f6 Bh4 g5 Bg3 h5 cxd5 Qxd5 a3 Bxc3+ bxc3 Bd7 h3 O-O-O e3 Qa5 Bd3 Qxc3+ Ke2 e5 d5 Na5 Qd2 Qxd2+ Nxd2 Ne7 e4 Rhf8 f3 f5 Bf2 f4 Rhb1 a6 Nc4 Nxc4 Bxc4 Rf6 a4 Rb6 Rxb6 cxb6 Rc1 b5 axb5 axb5 Bxb5+ Kb8 Bxd7 Rxd7 Rb1 Nc8 Bc5 Rc7 Ra1 Rxc5 g3,D31
2025-03-17,aHfiHHtP,bullet,10:47,1048,1041,-7,loss,-1,white,940,soheilrmz,-101,49,e4 e6 Nf3 d5 e5 Bd7 d4 c5 Be3 Nc6 Bb5 Nxe5 Bxd7+ Nxd7 O-O Ngf6 Nc3 Be7 a3 cxd4 Bxd4 O-O Bxf6 Bxf6 h3 Rc8 Qd2 Qa5 b4 Qc7 Ng5 Bxc3 Qd3 g6 Rab1 Ne5 Qg3 h6 Nf3 Nxf3+ Qxf3 Qe5 Rb3 Bd2 b5 Rc3 Rb4 Rxf3 Rh4 Rf6 a4 Bg5 Rb4 Qc3 Rg4 Qxc2 Rg3 Qxa4 b6 axb6 Rb1 Qd4 Rxb6 Qd1+ Kh2 Bf4 Rb3 Bxg3+ Rxg3 Qd4 f3 Qc4 Rg4 b5 Rxc4 bxc4 Kg1 c3 Kf2 c2 Ke2 c1=Q Kd3 Qc6 Kd4 Qa6 Ke5 Qa4 Kxf6 Qc2 Ke7 Qxg2 Kd6 Qxf3 Ke7 Qxh3 Kd6 d4,C00
2025-03-17,ECLDbr7F,bullet,16:56,1041,1046,5,win,1,white,1005,kushaldauneria,-41,42,e4 e5 Nf3 Nc6 Bb5 Bc5 O-O d6 c3 Be6 d3 Nf6 d4 exd4 cxd4 a6 Bxc6+ bxc6 dxc5 dxc5 Qa4 Bd7 Ne5 a5 Bg5 Ra6 Bxf6 Qxf6 Nd3 O-O Nxc5 Raa8 Nxd7 Qxb2 Nxf8 Qxa1 Qxc6 Rxf8 Qxc7 Qxa2 Nc3 Qc2 e5 a4 Nd5 Qxc7 Nxc7 Rc8 Nb5 Rb8 Rb1 h6 Nc3 a3 Rxb8+ Kh7 Ra8 a2 Rxa2 f6 e6 Kg8 Ra7 Kf8 Nd5 f5 e7+ Kf7 f4 Ke6 Nb6 Kd6 e8=Q Kc5 Qa4 Kxb6 Qa6+ Kc5 Rc7+ Kd4 Qd6+ Ke4 Re7#,C64
2025-03-18,CSKku16N,bullet,10:43,1046,1050,4,win,1,black,943,natarajkrs,-107,15,e4 e5 Nf3 Nc6 Bc4 Nf6 Ng5 d5 exd5 Na5 Bb5+ c6 dxc6 bxc6 Ba4 h6 Nf3 e4 Nh4 Nd5 Nc3 Qxh4 Nxd5 Bc5 O-O O-O d4 Bd6 Bd2 Qxh2#,C58
2025-03-19,0QW8hju5,bullet,08:27,1050,1045,-5,loss,-1,white,1072,lexx777,27,17,e4 e5 Nf3 Nc6 Bb5 f5 Nc3 Nf6 d3 Bc5 Bg5 d6 O-O f4 Nd5 O-O Bxc6 bxc6 Bxf6 gxf6 Nc3 Qe7 h3 Qg7 Nh4 Bxh3 Qh5 Bg4 Nf5 Bxh5 Nxg7 Kxg7 Ne2 Bxe2,C63
2025-03-19,EbmB1Wi8,bullet,14:34,1045,1050,5,win,1,black,1031,Tom_Y,-19,17,e4 e5 Nf3 Nc6 Bc4 Nf6 Ng5 d5 exd5 Na5 Bb5+ c6 dxc6 bxc6 Qf3 Bb7 Ba4 h6 Ne4 Nxe4 Qxe4 Bd6 b4 O-O bxa5 Qxa5 Nc3 Qa6 d3 c5 Bb3 Bxe4 dxe4 c4,C58
2025-03-19,ENTd5avL,bullet,23:18,1050,1045,-5,loss,-1,black,1085,Motila,40,28,d4 d5 Nf3 Nc6 Nc3 Nf6 Bf4 Bg4 Nb5 Rc8 e3 e6 Be2 Bxf3 Bxf3 Bd6 Bxd6 cxd6 O-O O-O Nc3 e5 Qd2 e4 Bd1 Ne7 f3 Ng6 fxe4 dxe4 Qe2 d5 Qf2 a6 Qg3 h6 h3 Qd7 Ne2 Nh5 Qh2 Qe7 Ng3 Nxg3 Qxg3 Qe6 Bg4 Qf6 Rxf6 gxf6 Bxc8 Rxc8 c3 b5 Rf1 Rc6 Qf2,D02
2025-03-20,7X6ebR2V,bullet,18:57,1045,1051,6,win,1,white,1069,Akadir26,18,18,e4 e5 Nf3 Qf6 Bc4 d6 Nc3 c6 d3 h6 Be3 Be7 a3 Qg6 h3 Bf6 Ne2 Qxg2 Ng3 Bh4 Nxh4 g5 Nxg2 g4 Nh5 gxh3 Nh4 Nf6 Nxf6+ Kf8 Qf3 Ke7 Qh5 Kxf6 Qxf7#,C40
2025-03-22,ZCQ8zrKV,bullet,14:58,1051,1057,6,win,1,black,1056,bassdscho,-1,38,d4 d5 Nf3 Nc6 c4 Bg4 Nc3 e6 Bg5 Be7 Bxe7 Ncxe7 e3 Nf6 cxd5 exd5 Rc1 Nc6 Be2 Bxf3 Bxf3 Nb4 O-O Qd7 Be2 O-O a3 Nc6 Bf3 a6 Qb3 Rab8 Nxd5 Nxd5 Qxd5 Qxd5 Bxd5 Ne7 Bf3 c6 Rc3 Nf5 Rfc1 Nh4 Be2 Rbd8 g3 Nf5 Bg4 Nd6 Bf3 g6 b4 h5 Kg2 Nf5 Be4 Ne7 Bf3 Rd6 R3c2 Nf5 Be4 Ne7 Bf3 f5 Rc5 Rff6 e4 f4 gxf4 Rxf4 e5 Rdxd4 e6 Rd6,D07
2025-03-22,seYlsBjU,blitz,20:42,1217,1206,-11,loss,-1,white,1201,Konstantindoctor,-5,44,e4 e6 d4 d5 e5 c5 Nf3 cxd4 Nxd4 Nc6 Bb5 Bd7 Bxc6 Bxc6 a3 Bc5 c3 a6 Nf3 Bb5 b4 Be7 a4 Bc4 Nd4 Nh6 a5 Nf5 Nd2 Nxd4 cxd4 Bb5 Ba3 Rc8 Nb3 O-O Nc5 Bxc5 bxc5 Bc4 Bb4 Qd7 Ra3 Qb5 Qb1 Bd3 Qb2 Bc4 Kd2 f6 Rb1 fxe5 f3 e4 Qc3 exf3 gxf3 Rf6 Qe3 Rcf8 c6 bxc6 Bxf8 Qxb1 Rc3 Qa2+ Rc2 Qxa5+ Qc3 Qxc3+ Rxc3 Rxf8 Ke3 g5 Rc1 h5 Rg1 g4 fxg4 hxg4 Rxg4+ Kf7 h4 Kf6 h5 Kf5 Rg6 Rh8,C02
2025-03-23,V9TxXfFZ,bullet,09:51,1057,1052,-5,loss,-1,black,1071,scarredhawk,19,24,e4 e5 Nf3 Nc6 Bc4 Nf6 d3 Bc5 Ng5 d5 exd5 Na5 Bb3 Nxb3 a3 Nxd5 cxb3 O-O Qf3 Nf6 Nc3 Bg4 Qxb7 Qd4 O-O Rab8 Qa6 Rxb3 Be3 Qd6 Qc4 Rxb2 Bxc5 Qc6 Bxf8 Qxc4 dxc4 Nd7 Bb4 Be6 c5 h6 Nge4 Bc4 Rad1 Bxf1 Kxf1,C50
2025-03-23,vJ8N0nbA,blitz,15:29,1206,1213,7,win,1,white,1080,Matyou,-133,26,e4 e5 Nf3 Nc6 Bb5 Nf6 d3 Bc5 Bg5 d6 Nc3 O-O O-O Be6 Bxc6 bxc6 a3 Bd4 Na4 h6 Bxf6 Qxf6 c3 Bb6 h3 c5 c4 c6 b3 d5 Nb2 dxe4 dxe4 Rad8 Qe2 Rd7 Nd3 Bc7 Nxc5 Rd6 Na6 Bb6 c5 Bxc5 Nxc5 Rfd8 b4 Rd3 a4 R3d6 Nb7,C65
2025-03-26,QRHnwh6n,bullet,12:22,1052,1058,6,win,1,black,1062,Jakjoli2027,4,21,d4 d5 c4 e6 Nf3 Nc6 Nc3 Bb4 Bf4 Nf6 e3 Ne4 Bd3 Nxc3 bxc3 Bxc3+ Nd2 Bxa1 Qxa1 Nb4 cxd5 Nxd3+ Ke2 Nxf4+ exf4 Qxd5 Rc1 b6 Rxc7 Ba6+ Ke1 Qxg2 d5 Qxd5 Qxg7 Rf8 Qxh7 e5 Qf5 Rd8 fxe5 Qxd2#,D30
2025-03-26,VQ4ST2dB,blitz,17:12,1213,1202,-11,loss,-1,white,1189,freeflyingbird,-13,17,e4 c6 Nf3 d5 e5 f6 d4 fxe5 Nxe5 Nd7 Qh5+ g6 Nxg6 Ndf6 Qe5 hxg6 Bd3 Bf5 Bxf5 gxf5 Qxf5 Qd7 Qg6+ Kd8 Bg5 Ne4 Be3 Rh6 Qxg8 Kc7 Nc3 e6 Nxe4 Bb4+,B10
2025-03-26,DhyKLIDV,blitz,18:08,1202,1192,-10,loss,-1,white,1192,AAkAT,0,39,e4 c6 Nf3 d5 e5 Bg4 d4 e6 Be3 Nd7 Nbd2 c5 c3 Nh6 Qa4 Nf5 dxc5 Nxe3 fxe3 Bxc5 Bb5 a6 Bxd7+ Qxd7 Qxd7+ Kxd7 Ng5 Ke7 e4 b5 h3 Bh5 g4 Bg6 O-O-O f6 exf6+ gxf6 Ngf3 dxe4 Nd4 Bxd4 cxd4 Rac8+ Kb1 e3+ Ka1 exd2 Rxd2 Rc4 Re1 Rd8 b3 Rcxd4 Rxd4 Rxd4 Rc1 Kd6 a4 bxa4 Kb2 axb3 Kxb3 Rd3+ Kc4 Rxh3 Rd1+ Kc7 Rd4 Rh4 Kc5 f5 gxf5 Rxd4 Kxd4 Bxf5 Ke5 h5,B10
2025-03-26,ZUmG5Gnn,bullet,18:29,1058,1053,-5,loss,-1,black,1086,Nurikalkan,33,14,e4 e5 Nf3 Nc6 Nc3 a6 d4 Nf6 d5 Nb4 a3 Nxc2+ Qxc2 d6 Bd3 Bg4 Be2 Bxf3 Bxf3 Be7 Bg5 h6 Bxf6 Bxf6 O-O Qd7 g3 Qg4 Bxg4,C46
2025-03-27,vHfoyKy6,blitz,08:18,1192,1201,9,win,1,black,1171,takitakirumba39,-30,28,e4 e5 Nf3 Nc6 Bc4 Nf6 Ng5 d5 exd5 Na5 Bb5+ c6 dxc6 bxc6 Ba4 h6 Nf3 Bg4 O-O Bd6 d4 O-O dxe5 Bxf3 Qxf3 Bxe5 Rd1 Qb6 Bb3 Nxb3 axb3 a5 Na3 c5 Nc4 Qc7 Nxe5 Qxe5 Bf4 Qxb2 Bd6 Rfd8 Bxc5 Rxd1+ Rxd1 Qxc2 Qxa8+ Kh7 Rf1 Qxc5 Qd8 Ne4 Qd1 Nc3 Qc1 Ne2+,C58
2025-03-27,gSRaNnAo,bullet,13:04,1053,1047,-6,loss,-1,black,1080,maikovsergey,33,32,e4 e5 Bc4 Nf6 Nc3 Bc5 d3 d6 h3 O-O Nf3 h6 a3 Nc6 O-O a6 Nh2 Na5 Ba2 c6 b3 b5 Ne2 Nb7 Be3 Bxe3 fxe3 Nc5 b4 Ne6 Ng3 Ng5 Nh5 Nxh5 Qxh5 d5 exd5 cxd5 h4 Ne6 Qxe5 Qxh4 Bxd5 Ng5 Nf3 Qh5 Nxg5 Qxg5 Qxg5 hxg5 Bxa8 Bg4 Bf3 Bxf3 Rxf3 f6 Rf5 Rd8 e4 Rd4 Rd5 Rxd5 exd5 Kf7 Re1,C26
2025-03-27,a72haUxq,bullet,13:49,1047,1043,-4,loss,-1,white,1160,milkmanboy,117,21,e4 c5 Nf3 Nc6 Bb5 e6 Bxc6 dxc6 Ne5 Nf6 d3 Bd6 Nf3 O-O Bg5 Be7 Bxf6 Bxf6 c3 Qb6 Qc2 e5 Nbd2 Rd8 Nc4 Qc7 O-O Bg4 h3 Bxf3 gxf3 b5 Ne3 Qd7 Nf5 Bg5 Rfd1 Bf4 c4 g6 Nh4 Qxh3,B30
2025-03-27,Kp3wfZ6O,bullet,21:22,1043,1048,5,win,1,white,988,Esteban_Genio,-60,34,e4 e5 Nf3 Nc6 Bb5 h6 Nc3 d6 h3 Bd7 Bxc6 Bxc6 d3 g6 Be3 Bg7 Qd2 g5 a3 Nf6 Qe2 O-O g4 d5 Nxe5 dxe4 Nxc6 bxc6 Bd4 Qxd4 dxe4 Rad8 O-O Rfe8 Rad1 Qe5 Rxd8 Rxd8 f3 Nd7 Rd1 Qc5+ Kg2 Bxc3 bxc3 Qxc3 Rd3 Qa1 c4 Ne5 Rxd8+ Kg7 Rd2 Qc1 Rc2 Qxa3 c5 Qxf3+ Qxf3 Nxf3 Kxf3 a6 Ra2 Kf6 Rxa6 Ke7 Rxc6 Kd7 Ra6,C60
2025-03-29,THQG5rBc,bullet,07:39,1048,1042,-6,loss,-1,black,1022,bivas,-20,36,d4 d5 c4 e6 e3 Nf6 a3 c6 Qc2 Ne4 Nc3 Nxc3 bxc3 Qa5 Nf3 Bd6 Be2 f5 c5 Bc7 O-O b5 Re1 Ba6 Ng5 Bxh2+ Kxh2 Qc7+ Kg1 Qe7 Nf3 Nd7 a4 Nf6 Ne5 Ne4 axb5 Bxb5 Bxb5 cxb5 Nc6 Qh4 Re2 O-O Ne5 f4 Nf3 Qh6 Ra6 Rf6 c6 Rf7 Qb1 Qf6 Qxb5 Rb8 Qc5 Rc7 Rxa7 Rb1 Ra8+ Kf7 Qf8+ Kg6 Qxf6+ Nxf6 Re1 Rxc6 Nh4+ Kh5 Nf3 Kg4 exf4,D30
2025-03-29,CO01FQ83,bullet,14:31,1042,1047,5,win,1,white,994,Manue3l,-53,8,e4 c6 Nf3 d5 e5 f6 d4 fxe5 Nxe5 Nd7 Qh5+ g6 Nxg6 Ndf6 Qh4 h6,B10
2025-03-29,N1vpHWzn,bullet,14:57,1047,1043,-4,loss,-1,black,1159,pratywarrior,116,44,e4 e5 Nf3 Nc6 Bb5 a6 Bxc6 dxc6 O-O Bg4 h3 Bxf3 Qxf3 Nf6 Nc3 Bd6 d3 h6 Be3 Qd7 a3 b5 b4 Qe6 Ne2 Nd7 Ng3 c5 Nf5 O-O-O Nxg7 Qf6 Qxf6 Nxf6 Nf5 c4 Nxd6+ cxd6 dxc4 Nxe4 cxb5 axb5 a4 Nc3 a5 Na4 Bb6 Rd7 Rfd1 Kb7 Rd5 Kc6 Rd3 Rg8 Rg3 Rxg3 fxg3 d5 Kf2 e4 Ke3 f5 Kf4 d4 Kxf5 d3 Kxe4 dxc2 Rc1 Rd2 Ke3 Rxg2 Kf3 Rd2 Be3 Rd1 Rxc2+ Kd5 Bxh6 Kd4 Ke2 Rh1 Rd2+ Kc4 Rc2+ Kb3 Rd2,C69
2025-03-29,GdSYTm2W,bullet,17:14,1043,1048,5,win,1,white,1006,kkommeri,-42,16,e4 a6 d4 b5 Nf3 Bb7 Bd3 Nf6 Nc3 e6 e5 Nd5 Nxd5 Bxd5 b3 c6 Bg5 Qa5+ Nd2 Bb4 O-O Bxd2 Bxd2 b4 Qh5 Qb6 Qg4 O-O Qh4 a5 Qxh7#,B00
2025-03-30,AUshSw0k,bullet,17:40,1048,1048,0,draw,0,black,1012,Safyeldein,-36,80,e4 e5 Nf3 Nc6 Bc4 Nf6 Nc3 Bb4 d3 d5 exd5 Nxd5 Bxd5 Qxd5 Bd2 Bxc3 Bxc3 Bg4 O-O Bxf3 Qxf3 Qxf3 gxf3 O-O Rfe1 Rfe8 Re2 b6 Rae1 f6 d4 a5 dxe5 Rad8 exf6 Rxe2 Rxe2 Rd1+ Re1 Rxe1+ Bxe1 gxf6 Bc3 Kf7 Kf1 b5 Ke2 b4 Kd3 bxc3 Kxc3 Ne5 a3 Nxf3 b4 a4 Kc4 Ne5+ Kb5 f5 c4 c6+ Kc5 Ke6 Kd4 h5 c5 f4 Ke4 Ng6 f3 h4 h3 Ne7 Kxf4 Kd5 Kg5 Kc4 f4 Nd5 Kxh4 Nxf4 Kg5 Nd5 h4 Kb3 h5 Kxa3 h6 Kxb4 h7 a3 h8=Q Ne7 Qh4+ Kxc5 Qf2+ Kb4 Qd2+ Kb3 Qd3+ Ka4 Qc4+ Ka5 Qc5+ Ka4 Qxe7 a2 Qe4+ Kb3 Qd3+ Kb2 Qd2+ Kb1 Qd3+ Kb2 Qd4+ Kb1 Qb4+ Ka1 Qc3+ Kb1 Qb3+ Ka1 Kf4 c5 Ke3 c4 Qxc4 Kb1 Qb4+ Ka1 Qd4+ Kb1 Qd1+ Kb2 Qd2+ Kb1 Qd3+ Kb2 Qd2+ Ka1 Qd1+ Kb2 Qe2+ Ka1 Qd2 Kb1 Qd3+ Kb2 Qd4+ Kb1 Qb4+ Ka1 Qe1+ Kb2 Qe2+ Ka1 Qd1+ Kb2,C47
2025-03-30,S95ly0oF,bullet,19:49,1048,1053,5,win,1,black,1016,rzuff,-37,22,e4 e5 Nf3 Nc6 d4 exd4 Bc4 Bc5 c3 d5 exd5 Na5 Bb3 Bg4 O-O Ne7 h3 Bxf3 Qxf3 Nxb3 axb3 a6 Re1 O-O Bg5 Qxd5 c4 Qxf3 gxf3 Nf5 Nd2 h6 Bf4 c6 Ne4 Ba7 c5 d3 Rac1 Nd4 Re3 Nxb3 Rxd3 Nxc1,C44
2025-03-31,FXMn2cc9,blitz,15:42,1201,1211,10,win,1,white,1203,maar1048,-8,60,e4 e5 Nf3 Nc6 Bb5 d6 c3 h6 h3 Nf6 d3 Be7 Be3 Bd7 Bxc6 Bxc6 Qc2 b6 O-O O-O Nbd2 Bb7 Rfe1 c6 Nf1 Qc7 Ng3 Bc8 Qd2 d5 Bxh6 gxh6 Qxh6 Nh7 Qh5 Qd6 Nf5 Bxf5 Qxf5 Qg6 Qxe5 Bf6 Qg3 Qxg3 fxg3 Rfe8 e5 Bg7 d4 f6 e6 Re7 Re2 Rae8 Rae1 Ng5 Nxg5 fxg5 h4 gxh4 gxh4 Rf8 g4 Rf4 Rg2 Re4 Rxe4 dxe4 h5 Rxe6 g5 Kh7 Kf2 Rd6 Ke3 Rd5 Kxe4 b5 b4 a6 a3 Kg8 Rf2 Rxg5 Rf5 Rg3 Rc5 Kh7 Rxc6 Rg4+ Kf5 Rg1 Rxa6 Bh6 Ra7+ Bg7 Ra5 Bh6 Rxb5 Rg5+ Ke4 Rg4+ Kd3 Rg3+ Kc4 Bg7 Rb7 Kh6 a4 Rg5 a5 Rxh5 a6 Rf5 a7 Rf8 Rb6+ Kh7 Rb8,C62
2025-03-31,2EyDH6Iv,bullet,16:15,1053,1058,5,win,1,white,1003,BennyisQueen,-55,32,e4 c6 Nf3 d5 e5 Bg4 h3 Bxf3 Qxf3 c5 Bb5+ Nc6 Nc3 e6 O-O g6 Ne2 Bg7 d4 Ne7 c3 O-O Bg5 a6 Bxc6 bxc6 a4 cxd4 cxd4 Qb6 Qc3 f5 Ra3 h6 Bxe7 Rf7 Bc5 Qc7 a5 Raf8 Bb6 Qe7 Ra4 Qh4 Qxc6 f4 Qxe6 f3 Ng3 fxg2 Kxg2 Kh7 Qg4 Qxg4 hxg4 Rf4 f3 Bxe5 dxe5 Rxa4 e6 Re8 Re1,B10
2025-03-31,GdlbvBdH,blitz,22:08,1211,1220,9,win,1,white,1195,ArniDzhan,-25,18,e4 g5 Nf3 g4 Ng5 e5 Qxg4 d6 Qh5 Qf6 Nxh7 Qg7 Bc4 Rxh7 Bxf7+ Qxf7 Qxf7+ Rxf7 d3 Rg7 O-O Bh3 Re1 Rxg2+ Kh1 Rxf2 Re3 Bg2+ Kg1 Rxc2 Rg3 Rxc1+ Kxg2 Nf6 Rg8,B00
2025-04-01,MkAoEK2n,bullet,15:31,1058,1063,5,win,1,black,1030,cavalier-sans-tete,-33,10,d4 d5 c4 e6 Nf3 Nc6 Bg5 Be7 Bxe7 Qxe7 e3 Nf6 Nc3 Qb4 Qd2 O-O h3 Ne4 Bd3 Nxd2,D30
2025-04-02,UozfhZp3,bullet,07:55,1063,1069,6,win,1,black,1053,rezone,-16,15,d4 d5 Bf4 e6 e3 Nf6 Nf3 a6 c4 Bb4+ Nc3 Bxc3+ bxc3 Nc6 Be2 O-O O-O h6 Bd3 Ng4 Re1 Qe7 e4 e5 Nxe5 Ngxe5 cxd5 Nxd3 dxc6 Nxe1,D00
2025-04-02,Cu7ULEbe,blitz,10:16,1220,1212,-8,loss,-1,white,1265,Leaxim,53,41,e4 e5 Nf3 Nf6 Nc3 Nc6 Bb5 d6 d3 Bd7 Bxc6 Bxc6 Bg5 h6 Bxf6 Qxf6 a3 O-O-O Ne2 d5 Ng3 dxe4 Nd2 exd3 O-O Bc5 Nde4 Bxe4 Nxe4 Qb6 cxd3 Rd4 Qc2 Bd6 b4 f5 Ng3 g6 Ne2 Rd5 Nc3 Rd4 Na4 Qb5 Nc3 Qb6 Rae1 Qa6 Re3 Rd8 Na4 Be7 Rxe5 Bd6 Re6 Bxh2+ Kxh2 Qxe6 Nc5 Qe5+ Kg1 Rh4 g3 Rh5 Qc4 f4 Ne6 fxg3 Nxd8 gxf2+ Rxf2 Kxd8 Qg8+ Kd7 Qh7+ Kc6 Rc2+ Kb5 Qd7+ c6 Qxb7+ Ka4,C48
2025-04-02,s26Qn7Np,bullet,17:34,1069,1064,-5,loss,-1,black,1101,Yoboykie,37,14,e4 e5 d4 exd4 c3 dxc3 Bc4 d6 Nf3 Bg4 O-O Nf6 Re1 Be7 e5 Nh5 exd6 Qxd6 Qxd6 cxd6 Nxc3 Bxf3 gxf3 O-O Rxe7 b6 Bd5,C21
2025-04-02,VgxwfN8F,bullet,18:26,1064,1069,5,win,1,white,1030,akkopower,-39,22,e4 c6 Nf3 d5 e5 Bg4 d4 e6 Be2 c5 Be3 Nc6 Nc3 Bxf3 Bxf3 cxd4 Bxd4 Bb4 O-O Bxc3 bxc3 Nge7 Bc5 Ng6 Re1 Ncxe5 Rxe5 Nxe5 Bd4 Nxf3+ Qxf3 O-O Qg3 f6 Be3 h6 Rd1 Rf7 h3 Rc8 Bxa7 Rxc3 Qxc3,B10
2025-04-02,VKTzygZ5,bullet,20:20,1069,1062,-7,loss,-1,black,1010,YannRG,-52,26,e4 e5 Nf3 Nc6 d3 a6 Be3 Nf6 Nc3 h6 Nd5 Nxd5 exd5 Ne7 c4 d6 Be2 Bg4 d4 Bxf3 Bxf3 Ng6 Qa4+ b5 Qc2 Qd7 c5 Be7 dxe5 Nxe5 Be4 Nc4 Bd4 dxc5 Bxg7 Rg8 Be5 Bd6 Bxd6 Qxd6 O-O Ne5 f4 Ng4 Rae1 c4 Bh7+ Kd7 Bxg8 Rxg8 Qf5+,C44
2025-04-03,iboySAO0,bullet,10:58,1062,1058,-4,loss,-1,black,1149,neywagner29,91,18,d4 d5 c4 e6 Nc3 Bb4 Bd2 Bxc3 Bxc3 Nc6 c5 a6 Nf3 Nf6 Nd2 h6 g3 Bd7 Bg2 O-O O-O Ne7 e4 c6 e5 Nh7 f4 Be8 Re1 f5 exf6 Rxf6 Nf3 Bh5 Qd3,D31
2025-04-03,FSdonW6z,bullet,19:37,1058,1064,6,win,1,white,1068,Oleg_Kozlov,4,20,e4 e5 Nf3 Nc6 Bb5 d5 Nc3 Qd6 Nxd5 f5 d3 Be6 Bxc6+ Qxc6 Nxe5 Qd6 Qh5+ g6 Nxg6 Bxd5 Nxh8+ Kd7 Qxf5+ Be6 Qxh7+ Be7 Nf7 Nf6 Nxd6 Nxh7 Nxb7 Rg8 g3 Bh3 Bf4 Bf6 Nc5+ Kc6 Na4,C60
2025-04-04,5TtYx2dm,bullet,17:55,1064,1070,6,win,1,black,1088,Pugabug,18,17,e4 e5 Nf3 Nc6 Nc3 Nf6 Bc4 Bc5 O-O O-O Nxe5 Nxe5 d4 Nxc4 dxc5 Ne5 Bg5 h6 Bf4 Qe7 Re1 Qxc5 Bxe5 Qxe5 Nd5 Nxd5 exd5 Qxb2 Qg4 Qf6 Rad1 d6 Re4 Bxg4,C50
2025-04-04,JmzIaXcW,blitz,18:49,1212,1219,7,win,1,black,1152,avarageplayer77,-67,23,d3 e5 e3 d5 Nd2 Nf6 Nb3 Bb4+ Bd2 Bd6 Bc3 O-O Qd2 e4 O-O-O Ng4 dxe4 Bxh2 Qd4 Be5 Qc5 Nxf2 Bxe5 Nxd1 Nf3 dxe4 Ng5 Qxg5 Bc4 Nd7 Qxc7 Nxe5 Bxf7+ Nxf7 Qh2 Nh6 Nc5 Qxe3+ Kb1 Nf2 Ne6 Bxe6 Qb8 Raxb8 Re1 Qxe1#,A00
2025-04-06,nnCZxawo,blitz,10:53,1219,1212,-7,loss,-1,white,1298,Johnny_K87,86,43,e4 e5 Nf3 Bc5 Bc4 Bxf2+ Kxf2 d6 d3 Bg4 Nbd2 Qf6 b3 Ne7 Rg1 O-O Rf1 Ng6 Kg1 Nf4 Bb2 Qh6 Qe1 Nxg2 Kxg2 Qh3+ Kg1 h5 Qg3 Qxg3+ hxg3 Nd7 b4 a6 a4 c6 a5 c5 Bd5 Rab8 Ba3 Nf6 Bb3 b6 Bxf7+ Kxf7 Ng5+ Kg6 Ndf3 Bxf3 Nxf3 Ng4 bxc5 bxc5 Bc1 Rb5 Nh4+ Kh7 Rxf8 g5 Bxg5 Rb2 Rf6 Rxc2 Rxd6 c4 Rd1 Ra2 Rxa6 c3 Rc1 c2 Rxc2 Rxc2 Ra7+ Kg8 a6 Ra2 Ra8+ Kf7 a7 Ra1+ Kg2 Ra2+ Kf3 Rf2#,C40
2025-04-06,oAN1jLly,blitz,11:21,1212,1202,-10,loss,-1,white,1164,The_One_Maximizer,-38,35,e4 c5 Nf3 Nc6 Bb5 d6 c3 a6 Bxc6+ bxc6 d4 cxd4 Qxd4 Nf6 Bg5 c5 Qc4 Be6 Qd3 h6 Bxf6 gxf6 c4 Bg7 Nbd2 f5 Rb1 fxe4 Nxe4 Qd7 O-O Bf5 b3 e6 Qe2 d5 Nxc5 Qc6 Ne5 Qxc5 Nxf7 Kxf7 Qh5+ Bg6 Qf3+ Bf6 Rbe1 Qe7 cxd5 Kg7 Rxe6 Qd8 d6 Rf8 Qd5 Bf7 Rfe1 Bxe6 Rxe6 Re8 Rxe8 Qxe8 h3 Rd8 Qb7+ Qd7 Qxa6 Qxd6 Qxd6 Rxd6,B30
2025-04-07,NN1MiR2m,blitz,19:46,1202,1193,-9,loss,-1,white,1186,Drestbm,-7,12,e4 e5 Nf3 Nc6 Bc4 Nf6 Nc3 Bc5 d3 O-O Bg5 h6 Bxf6 Qxf6 O-O d6 Nd5 Qg6 Ne7+ Nxe7 Nh4 Qg5 Qf3 Qxh4,C50
2025-04-09,MY1MvpMJ,bullet,15:10,1070,1064,-6,loss,-1,black,1077,keomecay,13,36,e4 e5 d3 Nc6 Nf3 d6 b3 Bg4 Bb2 Nf6 h3 Bxf3 Qxf3 Be7 Be2 h6 O-O Qd7 Nd2 a6 Nc4 O-O-O a4 Nb4 Bd1 d5 exd5 Nbxd5 d4 Bd6 Nxe5 Bxe5 dxe5 Ne8 Re1 f6 e6 Qc6 c4 Ne7 Qxc6 Nxc6 e7 Rd2 Bg4+ Kb8 Ba3 Nd4 Rad1 Rxd1 Rxd1 Nc6 Bf3 Nd6 Re1 Re8 Bxc6 bxc6 Re6 Kb7 c5 Nf5 Re1 Nxe7 Rd1 Nd5 b4 Nc3 Bb2 Nxd1 Bd4,C20
2025-04-09,8eKmB0tn,bullet,15:50,1064,1071,7,win,1,white,1094,Robinw7,23,28,e4 c5 Nf3 Nc6 Bb5 a6 Bxc6 bxc6 d4 Nf6 dxc5 e6 Nc3 Bxc5 e5 Nd5 O-O O-O Ne4 Be7 c4 Nc7 Qd2 Bb7 b4 c5 Nxc5 Bxc5 bxc5 Qe7 Ba3 Ne8 Nd4 f6 Nf3 Bxf3 gxf3 fxe5 Rfe1 Rxf3 Re3 Qg5+ Kf1 Rf4 Bb2 Rxc4 Bxe5 Nf6 Rd1 Ne4 Qd3 Nf6 Qxc4 Rb8 Rg3,B30
2025-04-10,pwrmlLPo,bullet,20:05,1071,1065,-6,loss,-1,white,1101,franciscojfc,36,16,e4 c5 Nf3 e6 c3 Nf6 Qe2 Nc6 d4 cxd4 cxd4 Bb4+ Bd2 Bxd2+ Nbxd2 O-O e5 Nd5 Qe4 f5 exf6 Nxf6 Bb5 a6 Qh4 axb5 Ng5 h6 Nde4 Nxe4 Nxe4 Qxh4,B40
2025-04-11,NxyNM70w,bullet,16:41,1065,1060,-5,loss,-1,black,1063,AppelezmoiJean,3,22,e4 e5 f4 exf4 Nf3 Nc6 Bc4 Bd6 d4 Nf6 e5 Bxe5 dxe5 Ng4 O-O O-O Bxf4 Qe7 Nc3 Ncxe5 Nxe5 Nxe5 Re1 Qc5+ Be3 Qa5 Qh5 d6 Bd4 Bg4 Qh4 Rae8 Bxe5 Rxe5 Rxe5 Qxe5 Qxg4 h5 Qg3 g5 Bd3 Qd4+ Kh1 Re8 Re1,C34
2025-04-11,oEIXM72i,bullet,17:04,1060,1054,-6,loss,-1,white,1074,smallguyshaal,20,28,e4 e5 Nf3 Nc6 Bb5 Nd4 Nxd4 exd4 d3 Bc5 a3 a6 Bc4 d6 Nd2 Nf6 Nf3 O-O h3 Be6 Bg5 Bxc4 dxc4 h6 Bxf6 Qxf6 O-O b5 b3 bxc4 bxc4 Qe6 Re1 Qxc4 e5 dxe5 Nxe5 Qd5 c3 f6 Ng6 Rfe8 Rxe8+ Rxe8 cxd4 Qxd4 Qb3+ Kh7 Rd1 Qxf2+ Kh2 Bd6+ Kh1 Re1+ Rxe1 Qxe1#,C61
2025-04-12,JZt0zkj7,bullet,10:35,1054,1049,-5,loss,-1,black,1090,Zsalesz82,41,26,e4 e5 Nf3 Nc6 Bc4 Nf6 Ng5 d5 exd5 Na5 Bb5+ c6 dxc6 bxc6 Qf3 Bb7 Ba4 Qd4 Nc3 Bc5 O-O h6 Qh3 Ng4 Nge4 Qd7 Nxc5 Qc8 Nxb7 Nxb7 Qf3 O-O Bxc6 Nxh2 Kxh2 Qc7 Bxb7 e4+ Qg3 Qxg3+ fxg3 Rad8 d3 e3 Bxe3 Rfe8 Rae1 Rd7 Bc6 Rxe3 Bxd7,C58
2025-04-12,xlVfF6Zz,bullet,13:41,1049,1055,6,win,1,white,1067,greatname,12,26,e4 e5 Nf3 Nc6 Bb5 d6 c3 Bd7 Bxc6 Bxc6 d3 Nf6 Bg5 Be7 Bxf6 Bxf6 Nbd2 a5 Nf1 a4 Ng3 a3 b3 b5 Nf5 b4 c4 g6 Ng3 Bd7 h3 Bg7 O-O O-O Qe2 Bc6 Rad1 d5 c5 dxe4 dxe4 Qe7 Rc1 Rad8 Nd2 Bd7 Nf3 f5 Qc4+ Kh8 Qxb4 fxe4 Nxe4,C62
2025-04-12,CvhUtSnG,bullet,20:55,1055,1049,-6,loss,-1,black,1057,MOHAMED_ABDI,8,34,e4 e5 Nf3 Nc6 d4 exd4 Nxd4 Nxd4 Qxd4 Nf6 Bg5 h6 Bxf6 Qxf6 e5 Qe6 Be2 b6 Qe4 c6 O-O Bc5 Nc3 O-O Bg4 Qg6 Qxg6 fxg6 Ne4 h5 Bf3 Bd4 c3 Bxe5 Rfd1 Kh7 a4 c5 Rab1 Rb8 b4 Bxc3 Nxc3 Rf4 bxc5 Ba6 cxb6 axb6 Nd5 Rxa4 Rxb6 Rxb6 Nxb6 Ra2 Nxd7 Kh6 Nc5 Bc8 Bb7 Bf5 g3 Bh3 Nd3 g5 Ne5 Be6 Bd5 Bf5 Bxa2,C44
2025-04-13,XJrUOaci,bullet,10:12,1049,1045,-4,loss,-1,black,1131,SergioDavidr,86,10,e4 e5 Nf3 Nc6 d4 exd4 Bc4 Bc5 c3 dxc3 Bxf7+ Kxf7 Qd5+ Ke7 Qxc5+ d6 Qxc3 Bg4 Qxg7+,C44
2025-04-13,4fYs2P3g,bullet,11:29,1045,1038,-7,loss,-1,white,990,CastleOfMyHeart,-48,33,e4 e5 Nf3 f6 Nc3 g5 d3 Bb4 Bd2 Bc5 Qe2 d5 Nxd5 c6 Nc3 Bb4 a3 Bc5 O-O-O g4 Nh4 g3 Qh5+ Ke7 fxg3 Bf2 Nf5+ Ke6 Ng7+ Ke7 Nf5+ Bxf5 Qxf5 Bd4 Bh6 Nxh6 Qf3 Nd7 Ne2 c5 g4 Rc8 Ng3 c4 Nf5+ Nxf5 gxf5 cxd3 Rxd3 Nb6 Rb3 Na4 Qh5 Bxb2+ Rxb2 Nxb2 Kxb2 Qd4+ Kb1 Qb6+ Kc1 Qe3+ Kb1 Qe1+ Kb2 Rxc2+,C40
2025-04-13,D1nvmKtJ,bullet,14:19,1038,1034,-4,loss,-1,black,1094,Teoapusztito,60,38,b3 e5 Bb2 Nc6 Nf3 Qf6 e3 d5 Bb5 Bg4 Bxc6+ bxc6 Bxe5 Bxf3 Bxf6 Bxd1 Be5 Bxc2 Bxc7 Bb4 Nc3 Bd3 a3 Bxc3 dxc3 Nf6 Bd6 Ne4 Rd1 Bc2 Be5 Bxd1 Bxg7 Rg8 Bd4 Rxg2 f3 Nf2 Rf1 Nd3+ Kxd1 Rxh2 e4 Nf4 exd5 cxd5 Re1+ Ne6 Be5 Rc8 Bxh2 Rxc3 b4 Rxa3 Bg1 Kf8 Bxa7 Rxa7 f4 Nxf4 Rf1 Ne6 b5 Ra1+ Ke2 Ra2+ Ke3 Ra3+ Kd2 Nc5 Rb1 Rd3+ Kc2 d4 Rb4 f5 b6,A01
2025-04-16,MGlB7KZy,blitz,15:46,1193,1200,7,win,1,black,1121,see_you_later_please,-79,47,e4 e5 Nf3 Nc6 d4 exd4 Nxd4 Nxd4 Qxd4 Nf6 Nc3 b6 g3 Bb4 Bg2 Bxc3+ Qxc3 d6 e5 Qe7 O-O dxe5 Bxa8 O-O Re1 Ng4 Kg2 Ba6 Bf3 h5 Bxg4 hxg4 Rxe5 Bb7+ Kg1 Qd7 Bf4 Qc6 Kf1 Qg2+ Ke2 Bf3+ Kd2 Rd8+ Ke3 f6 Rh5 Re8+ Kd4 Re4+ Kd5 Re3+ Kd4 Rxc3 bxc3 Qxf2+ Kc4 Qe2+ Kb3 c5 Kb2 Qb5+ Kc1 Qf1+ Kb2 Qb5+ Kc1 Kf7 Rb1 Qf1+ Kb2 Qf2 Rh8 c4 Ra8 b5 Rc8 Qb6 Rc7+ Kg6 Rf1 Bd5 Kc1 b4 cxb4 Qxb4 Kd1 Bf3+ Kc1 Qa3+ Kb1 c3 Rxf3 Qb2#,C44
2025-04-17,CvvXvXaE,bullet,16:25,1034,1026,-8,loss,-1,white,932,jackie_chad,-94,32,e4 e5 Nf3 Nc6 Nc3 Nf6 d3 Bb4 Bg5 h6 Bxf6 Qxf6 a3 Bxc3+ bxc3 O-O Be2 d6 h3 Be6 c4 Rad8 c3 d5 Qa4 dxc4 dxc4 a6 O-O b5 Qxa6 Bxc4 Bxc4 bxc4 Qxc4 Rd6 a4 Ra8 Qb5 Ra5 Qb7 Qd8 Nxe5 Nxe5 f4 Ng6 f5 Ne5 Rad1 Rxd1 Rxd1 Qxd1+ Kh2 Qd7 Qb4 Rxa4 Qb8+ Kh7 Qb1 Qd6 Qc2 Nf3+ Kh1 Qh2#,C47
2025-04-17,GghaYxQG,bullet,17:30,1026,1020,-6,loss,-1,black,1039,freddyelmejor123,19,32,Nc3 Nf6 Nf3 d5 e3 Bg4 d4 e6 Be2 Bxf3 Bxf3 Bb4 O-O Bxc3 bxc3 O-O Be2 a6 c4 c6 c5 Nbd7 c4 Re8 f3 Nf8 Qb3 Qc7 a4 Ng6 g3 Nh5 f4 Re7 g4 Nf6 g5 Ne4 Rf3 Nh4 Rh3 Nf5 Bd3 g6 Bxe4 dxe4 Qd1 Rd7 Ra2 b6 Rg2 bxc5 Rh6 cxd4 Qg4 Nxe3 Bxe3 dxe3 Qh4 e2 Rxh7 Qb6+ Rf2 Qb1+ Kg2,A00
2025-04-18,DzlaCQQW,bullet,20:19,1020,1015,-5,loss,-1,white,1045,Vincent-Nomed-1972,30,25,e4 e5 Nf3 Nc6 Bb5 Nge7 c3 a6 Bxc6 Nxc6 d3 Bc5 O-O d6 h3 Be6 Re1 Ba7 Be3 Bxe3 Rxe3 O-O Nbd2 Ne7 Nf1 Ng6 Ng3 Nf4 d4 exd4 Qxd4 c5 Qd2 b5 Ree1 a5 Qxf4 Bc4 b3 Bd3 Rad1 c4 Nf5 Ra6 Qg4 g6 e5 Bxf5 Qf4 Re8,C60
2025-04-19,SLwkpnic,bullet,17:39,1015,1009,-6,loss,-1,black,1025,Value26,16,14,e4 e5 Nf3 Nc6 d4 exd4 Bc4 Bc5 c3 dxc3 Bxf7+ Kf8 Qd5 Bxf2+ Kxf2 Nf6 Qc4 h6 Bh5 Qe7 Rf1 Nxh5 Kg1 Ne5 Nxe5+ Nf6 Ng6+,C44
2025-04-19,cZIbFw1I,blitz,18:42,1200,1198,-2,draw,0,white,1106,GimmeBackMyMullet,-92,70,e4 e5 Nf3 Nf6 Nc3 Nc6 d3 Nd4 Nxd4 exd4 Ne2 c5 Ng3 h5 h3 h4 Nf5 g6 Nxd4 cxd4 Bg5 Be7 Bxf6 Bxf6 Qf3 Qe7 O-O-O Qb4 Qxf6 Rf8 Qe5+ Kd8 a3 Qb6 Be2 Re8 Qg5+ Kc7 e5 Qb5 f4 Re6 Qxh4 Rb6 b3 a5 Qe7 a4 b4 Qc6 Qxf7 Qc3 Qc4+ Qxc4 dxc4 d6 Rxd4 dxe5 fxe5 Re6 Rd5 b6 c5 bxc5 Rxc5+ Kb6 Bf3 Ra7 Re1 Bb7 Bxb7 Rxb7 g4 Rc7 Rxc7 Kxc7 Re4 Kc6 c4 Kb6 Kc2 g5 Kc3 Kc6 c5 Kd5 Re3 Rxe5 Rxe5+ Kxe5 Kc4 Ke6 c6 Kd6 Kb5 Kc7 Kc5 Kc8 b5 Kc7 b6+ Kc8 Kd6 Kb8 c7+ Kc8 Ke5 Kd7 Kd5 Kc8 Kc5 Kb7 Kb5 Kc8 Ka6 Kd7 Kb7 Ke6 c8=Q+ Kd5 Qf5+ Kc4 Qxg5 Kb3 Qc5 Ka2 Ka6 Kb3 Ka5 Ka2 Qb4 Ka1 b7 Ka2 b8=Q Ka1 Qc7 Ka2 Qcc4+ Ka1 Qbb5,C47
2025-04-20,kFna9BL7,bullet,10:53,1009,1015,6,win,1,white,1004,jensemanopi,-11,32,e4 d5 e5 d4 Nf3 c5 h3 Nc6 Bb5 a6 Bxc6+ bxc6 d3 Qc7 Bf4 e6 Nbd2 Be7 Ne4 f5 Ng3 g6 b3 h6 Qd2 g5 Nh5 gxf4 Qxf4 Bg5 Nxg5 hxg5 Qxg5 Qxe5+ Kd2 Ra7 Rae1 Qd6 Nf6+ Nxf6 Qxf6 Rhh7 Rxe6+ Bxe6 Qg6+ Raf7 Re1 Qf4+ Kd1 Qd6 Rxe6+ Qxe6 Qxe6+ Re7 Qc8+ Kf7 Qxc6 Re6 Qxc5 Kf6 Qxd4+ Re5 Qd6+,B01
2025-04-20,9HOX9UaD,bullet,11:14,1015,1011,-4,loss,-1,black,1121,CorgiBurrito,110,22,d4 d5 Nf3 Nc6 c3 Bg4 h3 Bxf3 gxf3 e6 Rg1 Nf6 Bg5 h6 Bxf6 Qxf6 Nd2 Bd6 Qb3 Na5 Qb5+ Nc6 Qxb7 O-O Qxc6 Rab8 b4 Qd8 O-O-O Rb6 Qa4 c6 Qxa7 Rb8 Qa4 Ra8 Qb3 Qb6 a4 Ra7 a5 Qb7 Rg4 Rfa8 Kc2,D02
2025-04-20,vimMkIbt,bullet,13:59,1011,1006,-5,loss,-1,black,1071,Zebra53,65,24,e4 e5 Nf3 Nc6 Bc4 Nf6 d3 Bc5 a4 d6 O-O a6 Be3 Na5 Ba2 Bg4 Nbd2 Bxe3 fxe3 c5 Qe1 Bxf3 Rxf3 Qb6 Rb1 Nc6 Qg3 Nh5 Bxf7+ Kd8 Bxh5 Ne7 Rf7 g6 Nc4 Qc7 Be2 Kd7 Qh4 Rae8 Rbf1 Kc6 c3 h6 b4 g5 Qe1,C50
2025-04-21,RNUNjECN,bullet,08:17,1006,1000,-6,loss,-1,white,991,njdingman,-9,21,e4 e6 Nf3 d5 e5 c5 d4 cxd4 Nxd4 Nc6 Nxc6 bxc6 Bf4 Nh6 Bxh6 gxh6 Nc3 Qc7 Qh5 Qb6 b3 Qd4 Ne2 Qxa1+ Kd2 Bb4+ Kd3 Ba6+ c4 dxc4+ bxc4 Qxa2 Qh4 Rd8+ Ke3 Qd2+ Kf3 Rd3+ Kg4 Rg8+ Kh5 Rg5+,C02
2025-04-21,NhlxzeYK,bullet,09:53,1000,1005,5,win,1,white,914,Emre2022,-91,26,e4 e5 Nf3 Nc6 Bb5 d6 c3 Bd7 Bxc6 Bxc6 d3 Nf6 Bg5 Be7 Bxf6 Bxf6 O-O O-O Nbd2 Qd7 h3 Qe7 a3 d5 Re1 dxe4 Rxe4 Bxe4 Nxe4 Rad8 b4 Bh4 Nc5 b6 Ne4 f5 Ned2 g5 Qe2 Rde8 Nc4 g4 Nfxe5 gxh3 Qh5 hxg2 d4 Kh8 Ne3 Rg8 Nxf5,C62
2025-04-21,8DcoOIRz,bullet,11:55,1005,1005,0,draw,0,black,1016,Ameli_Dzh,11,60,c4 e5 Nc3 Nf6 g3 Bb4 Bg2 Bxc3 dxc3 O-O Bg5 h6 Be3 d6 Nf3 Bg4 O-O Bxf3 Bxf3 c6 b4 Nbd7 b5 Rc8 Bxa7 b6 bxc6 Nb8 Bxb8 Rxb8 Qa4 Qc7 Kg2 Ra8 Qb3 e4 Bxe4 Nxe4 f3 Nc5 Qc2 Qxc6 Rfd1 Ra4 a3 Rxc4 Rd4 Ne6 Rxc4 Qxc4 a4 d5 Qd3 Nc5 Qxc4 dxc4 Kf2 Ra8 Ke3 Nxa4 Rxa4 Rxa4 Kd4 b5 Kc5 Kf8 Kd4 Ke8 Kc5 Ra5 Kb4 Ra8 Kxb5 Rb8+ Kxc4 Kd7 Kd4 Kd6 c4 Rc8 e4 f6 f4 g6 e5+ fxe5+ fxe5+ Ke6 c5 Rc6 g4 g5 h3 Rc8 c6 Rxc6 Ke4 Rc5 Kd4 Rxe5 Kd3 Rd5+ Ke2 Rc5 Kf3 Rc3+ Kg2 Ke5 Kh2 Kf4 Kg2 Rg3+ Kh2 Kf3 Kh1 Rg2 h4 gxh4 g5 hxg5,A22
2025-04-21,7QabddvE,bullet,19:20,1005,999,-6,loss,-1,white,984,aydo74,-15,44,e4 e5 Nf3 d6 Bc4 Nc6 d3 Nf6 Bg5 Be7 Bxf6 Bxf6 Nbd2 O-O h3 Nd4 Nxd4 exd4 O-O Be5 a3 Qg5 Nf3 Qf4 Nxe5 Qxe5 Qf3 Qg5 Rae1 g6 b4 Kg7 a4 c6 b5 cxb5 axb5 b6 Bd5 Rb8 Rc1 f5 c4 fxe4 Bxe4 Rxf3 Bxf3 Bxh3 Rce1 Rf8 Kh2 Bg4 Bxg4 Qxg4 Re4 Qh5+ Kg1 Qf5 Rxd4 Rd8 Re1 Qf6 Ree4 d5 Rf4 Qg5 Rg4 Qc1+ Kh2 Qc3 Rxd5 Rxd5 cxd5 Qxd3 Rg5 Qd4 f4 Qf6 Kg3 Qc3+ Kg4 Qb4 g3 Qxb5 Re5 Qb1 Re7+ Kh6,C50
2025-04-21,auBVVjWV,bullet,19:31,999,993,-6,loss,-1,white,1000,Andre-Botelho,7,34,e4 Nc6 Bb5 b6 Bxc6 dxc6 e5 Bb7 d4 c5 f3 cxd4 Qxd4 Qxd4 Be3 Qb4+ Nc3 Qxb2 Nb5 Qxa1+ Kf2 Rc8 Nxa7 Rd8 Nb5 Qxa2 Nxc7+ Kd7 Nb5 Qxc2+ Kg3 Qg6+ Kf2 f6 Nh3 fxe5 Rd1+ Kc6 Na7+ Kc7 Rc1+ Kb8 Nb5 Bxf3 gxf3 Nf6 f4 Ne4+ Kf3 Nd2+ Bxd2 Rxd2 Ng5 Qd3+ Kg4 Qxb5 Ne6 Rg2+ Kf5 Qd3+ Kxe5 Qe3+ Kf5 Qxc1 Nd4 Rf2 h4 Qxf4+,B00
2025-04-22,MEwWrRRa,bullet,18:57,993,988,-5,loss,-1,black,1007,Waleed5727,19,36,Nf3 Nc6 d4 d5 c4 Nf6 g3 e6 Bg2 h6 O-O Be7 Qc2 Ne4 Nbd2 Nxd4 Nxd4 Nxd2 Qxd2 O-O e3 dxc4 Qc2 Bc5 Qxc4 Bxd4 exd4 c6 b3 b5 Qc3 Bb7 Bb2 Qg5 Rad1 Rad8 Bc1 Qf6 h4 c5 Qxc5 Bxg2 Kxg2 Rc8 Qxa7 Rc2 Be3 e5 d5 e4 d6 Qf3+ Kh2 Rd8 d7 Qf6 Qa5 Qc6 Qxd8+ Kh7 Qe7 Rc3 d8=Q Qg6 Qd4 Rc6 Qexe4 Rf6 Qxg6+ Rxg6 Qe4 f5 Qe5,D02
2025-04-22,yx7iNt0W,bullet,19:17,988,981,-7,loss,-1,black,948,Vickyellen,-33,16,e4 e5 Nc3 Nc6 Nf3 Nf6 d3 Bb4 Bd2 Bxc3 Bxc3 O-O d4 d6 dxe5 Nxe4 exd6 Nxc3 bxc3 cxd6 Bd3 Bg4 O-O Bxf3 Qxf3 Ne5 Qxb7 Qf6 Qe4 Rac8 Qxh7#,C47
2025-04-23,5zhljrB6,bullet,10:40,981,974,-7,loss,-1,black,894,n0reason,-80,30,e4 e5 d4 Nc6 c3 exd4 Nf3 d6 cxd4 Bg4 d5 Ne5 Be2 Bxf3 Bxf3 Nf6 O-O h6 Nc3 a6 Bf4 Qe7 b4 Ng6 Be3 Nh4 b5 a5 b6 cxb6 Nb5 Nxf3+ Qxf3 Qd7 Qe2 Nxe4 Bxb6 Qf5 Nc7+ Kd7 Qb5+ Ke7 Nxa8 Kf6 f3 Nd2 Bd4+ Kg6 Rfe1 f6 Re8 Nxf3+ gxf3 Qxf3 Rf1 Qg4+ Kh1 Qxd4 Rg1+ Kh7 Qb1+,C44
2025-04-23,oFG5lEKm,bullet,11:00,974,979,5,win,1,white,901,Reyhaneh2468,-78,38,e4 e5 Nf3 Nc6 Bb5 Nf6 d3 d5 Bg5 dxe4 Bxc6+ bxc6 Nxe5 Bb4+ c3 Bd6 Nxc6 Qd7 Bxf6 gxf6 Nd4 Qg4 Qxg4 Bxg4 dxe4 Bf4 O-O f5 exf5 Bxf5 Nxf5 O-O-O Na3 Rhe8 Nc4 c5 g3 Bg5 h4 Bf6 Na5 h5 Nc6 Rd5 Nxa7+ Kc7 Ne3 Rb8 Nxd5+ Kb7 Nb5 Kc6 Nxf6 Rxb5 c4 Rxb2 Nd5 Rc2 Rac1 Rd2 Rfd1 Rxa2 Nf6 Kc7 Ne4 Ra5 Rd5 f5 Nxc5 f4 Ne6+ Kc6 Rxa5 fxg3 fxg3,C65
2025-04-23,k0Grh2bz,bullet,13:04,979,975,-4,loss,-1,black,1116,Honda_civic23,141,8,e4 e5 Nf3 Nc6 d4 exd4 Nxd4 Nxd4 Qxd4 Nf6 e5 Qe7 Be3 b6 exf6 Qe6 fxg7,C44
2025-04-23,fxu0puV9,bullet,13:05,975,969,-6,loss,-1,black,892,Yourself315,-77,22,e3 e5 d4 e4 Bc4 d5 Bb3 Nf6 Nc3 Bb4 Bd2 Bxc3 Bxc3 Nc6 Qe2 a6 f3 Bf5 fxe4 Bxe4 Nf3 Bxf3 Qxf3 Qd6 O-O O-O a3 Rae8 Ba2 Ne4 Bb4 Nd2 Bxd2 Qg6 Bxd5 Ne7 Be4 Qg5 Bd3 Nc6 e4 Qh5 Qxh5,A40
2025-04-23,T3JdCOKv,bullet,13:20,969,975,6,win,1,white,970,wolfg74,-5,30,e4 c5 Nf3 d6 Bc4 e6 d4 cxd4 Nxd4 a6 Nc3 g6 O-O Bg7 Be3 Bd7 Nf3 Bc6 e5 d5 Bb3 Nd7 a3 Nxe5 Bd4 Nxf3+ gxf3 Bxd4 Qxd4 Qg5+ Kh1 e5 Qg4 Qxg4 fxg4 f5 Bxd5 Bxd5+ Nxd5 O-O-O Nb6+ Kc7 Nc4 fxg4 Nxe5 Nf6 Nf7 Rhf8 Nxd8 Rxd8 Kg2 Rd2 Rac1 Nd5 Kg3 Rd4 c3 Re4 c4,B50
2025-04-23,H4eGzsYO,bullet,14:21,975,979,4,win,1,white,900,Agrawal71,-79,34,e4 e5 Nf3 Nc6 Bb5 a6 Bxc6 dxc6 d3 Bg4 h3 Bxf3 Qxf3 Nf6 Nc3 Bb4 Bg5 Qd6 Bxf6 Qxf6 Qxf6 gxf6 O-O O-O-O Ne2 c5 a3 Ba5 c3 Rxd3 Rad1 Rhd8 Rxd3 Rxd3 Ng3 Rd2 Rb1 b5 Nf5 Re2 f3 Bb6 Ne7+ Kd7 Nd5 Ke6 Kh2 f5 b3 fxe4 fxe4 Rxe4 Nxb6 cxb6 b4 c4 Kg3 Re3+ Kg4 Rxc3 Ra1 Rc2 g3 c3 h4 Rb2 Rc1,C68
2025-04-23,N9LSTvSx,bullet,14:47,979,974,-5,loss,-1,black,1019,Risky_Fellow,45,28,e4 e5 Bc4 Nf6 d4 Nc6 Nf3 d6 dxe5 Bg4 exf6 Qxf6 Bg5 Bxf3 Bxf6 Bxd1 Kxd1 gxf6 Nc3 Ne5 Be2 a6 Kd2 Bh6+ Kd1 Rg8 g3 b5 Nd5 O-O-O Nxf6 Rg7 Nd5 Bg5 f4 Bxf4 gxf4 Nc6 Bf3 Nb4 Nxb4 f6 Kd2 Re7 Nd5 Ree8 Nxf6 Rf8 Nxh7 Rxf4 Rhf1 Kb8 Ke3 Rh4 Nf6 Rxh2 Rac1,C56
2025-04-23,xNAysGu6,bullet,16:05,974,970,-4,loss,-1,white,1092,Sagittarius1123,122,27,e4 e5 Nf3 Nc6 h3 Nf6 Nc3 Bc5 d3 a6 Bg5 O-O Be2 h6 Bxf6 Qxf6 O-O d6 Qd2 Be6 b3 Na7 a4 Nc6 Nd1 Bb4 c3 Bc5 b4 Ba7 c4 Ne7 Ne3 Bd7 b5 Bxe3 Qxe3 axb5 axb5 Nf5 Qd2 Nd4 Rxa8 Nxe2+ Qxe2 Rxa8 Qe3 Qg6 Nh4 Qf6 f3 Qxh4 Qf2 Qg5,C44
2025-04-23,WVo5HTtm,bullet,19:24,970,964,-6,loss,-1,black,928,Mnyuszi,-36,14,e4 e5 Nf3 Nc6 Bc4 Nf6 d3 Bc5 O-O O-O Ng5 d5 exd5 Na5 Bb5 c6 Ba4 b5 Bd2 bxa4 Qe1 Nb7 dxc6 Nd6 Qxe5 Qb6 Bc3 Ng4 Qxg7#,C50
2025-04-24,tN3JtP69,bullet,13:37,964,957,-7,loss,-1,white,890,camilledaios5,-67,19,e4 d5 e5 Nc6 d4 e6 h3 f6 Qh5+ g6 Qf3 fxe5 Bb5 Bd7 Bxc6 Bxc6 dxe5 Qg5 Bxg5 d4 Qd3 Be7 Bxe7 Nxe7 Qxd4 Bxg2 Nd2 Bxh1 Nc4 Nf5 Qc5 O-O-O Qxa7 b6 Qa8+ Bxa8 Nf3 Bxf3,B00
2025-04-24,4DSQ7Gqw,bullet,13:57,957,957,0,draw,0,black,945,ten_ekstremizma,-12,44,e4 e5 Nf3 Nc6 Bc4 Nf6 Nc3 Bc5 d3 d6 O-O Na5 Bd5 O-O Be3 c6 Bxc5 dxc5 Bc4 Nxc4 dxc4 Qxd1 Raxd1 Bg4 h3 Bxf3 gxf3 Nh5 Kh2 Nf4 Rg1 g6 Rd7 b6 Rc7 b5 Rxc6 bxc4 Rxc5 Rad8 Nd5 Ne2 Rd1 Nf4 Nf6+ Kg7 Rxd8 Rxd8 Rxc4 Kxf6 Kg3 Ne2+ Kg2 Nd4 c3 Ne6 b4 Nf4+ Kg3 Ne2+ Kg2 Nf4+ Kh2 Rd2 Kg3 Rxa2 Rc7 Nh5+ Kg4 Nf4 Kg3 Ne2+ Kg2 Ra3 c4 Nf4+ Kg3 h5 h4 Ne2+ Kg2 Nf4+ Kg3 Ne2+ Kh3 Nf4+ Kg3,C50
2025-04-24,xlCLsxhI,bullet,19:49,957,955,-2,draw,0,black,835,pnulty,-120,50,d4 d5 Nc3 e6 Bf4 Bb4 a3 Bxc3+ bxc3 Nf6 Nf3 Nc6 e3 a6 Bd3 O-O c4 h6 O-O Nh5 cxd5 exd5 Be5 Bg4 h3 Bxf3 Qxf3 Nf6 Bxf6 Qxf6 Qxd5 Rad8 Qf5 Qxf5 Bxf5 g6 Be4 Na5 Rfd1 b5 d5 Nc4 a4 b4 g4 a5 f4 Nxe3 Kf2 Nxd1+ Rxd1 c6 Kf3 c5 h4 c4 g5 h5 f5 c3 fxg6 fxg6+ Ke3 Rde8 Kd4 Rf4 Kc4 Rfxe4+ Kb5 Ra8 d6 Rxh4 d7 Rf4 d8=Q+ Rxd8 Rxd8+ Rf8 Ra8 Kg7 Kc6 Rxa8 Kb7 h4 Kxa8 h3 Ka7 h2 Ka6 h1=Q Kxa5 Qh5 Kxb4 Qxg5 a5 Qd8 Kb5 Qb8+ Ka6 g5,D01
2025-04-24,1OEDjN9b,bullet,19:57,955,961,6,win,1,white,961,Mikolaj_123_R,0,30,e4 e5 Nf3 Nc6 Bb5 Nf6 d3 Bc5 Bg5 Nd4 Nxd4 Bxd4 c3 Bb6 Bxf6 Qxf6 O-O O-O Nd2 d6 Nf3 Bg4 h3 Bxf3 Qxf3 Qxf3 gxf3 c6 Ba4 Bd8 Rfd1 f5 d4 Rf6 Bc2 f4 dxe5 dxe5 Rd7 b6 Rad1 Rf8 b4 a6 R1d6 Rc8 a4 h6 c4 g5 Kf1 Re8 Ke2 Be7 Rxh6 Bxb4 Rg6+ Kf8 Rxg5,C65
2025-04-25,M97UStY2,bullet,15:38,961,956,-5,loss,-1,black,992,mac-ma,36,40,e4 e5 Bc4 Nc6 Qf3 Nf6 Nc3 Bc5 Nge2 d6 O-O O-O d3 Bg4 Qg3 Bxe2 Nxe2 Qe7 Bg5 h6 Bh4 Nd4 Nxd4 exd4 Kh1 Qe5 f4 Qe7 Rae1 Rae8 e5 dxe5 fxe5 Nh5 Bxe7 Nxg3+ hxg3 Rxe7 e6 f6 g4 Kh7 Rf3 a6 a3 b5 Ba2 g5 Ref1 Kg6 c3 dxc3 bxc3 Bd6 d4 Bf4 d5 Rd8 c4 c5 Re1 b4 axb4 cxb4 d6 Rxd6 c5 Rdxe6 Rxe6 Rxe6 g3 Re1+ Kg2 Re2+ Kf1 Rxa2 gxf4 Ra1+ Ke2 Ra2+ Kd1,C23
2025-04-26,b3v5Gq01,bullet,11:08,956,950,-6,loss,-1,white,960,lelex16,10,20,e4 e6 Nf3 d5 e5 c5 d4 Nc6 Bb5 Bd7 Bxc6 Bxc6 Nc3 Qa5 Bd2 a6 Nxd5 Qd8 Nc3 Bxf3 Qxf3 Qb6 Na4 Qb5 b3 cxd4 c4 Qxe5+ Kd1 Nf6 Re1 Qc7 Ba5 Qxa5 Qxb7 Ng4 Nb6 Nxf2+ Kc2 Qc3+,C02
2025-04-26,puzVrDfO,bullet,17:05,950,956,6,win,1,white,974,ArtosDerWikinger,18,28,e4 d5 e5 e6 d4 Nc6 Nf3 Bb4+ c3 Ba5 Bb5 Qd7 Nbd2 b6 Nb3 a6 Bxc6 Qxc6 O-O b5 Ng5 Ne7 Nc5 Nf5 Qf3 h6 Nh3 O-O Nf4 Nh4 Qg3 Ng6 Nh5 b4 Bf4 bxc3 bxc3 Bxc3 Qxc3 Nxf4 Nxf4 f6 Qg3 fxe5 dxe5 Qxc5 Nh5 g5 Nf6+ Rxf6 exf6 Qf8 Qe5 Kf7 Rac1,C02
2025-04-26,yB3vLRTw,bullet,20:24,956,951,-5,loss,-1,black,1002,NJ_OS,51,34,e4 e5 Nf3 Nc6 Bb5 a6 Ba4 h6 O-O Nf6 Re1 d6 d4 Bg4 h3 Bxf3 Qxf3 Be7 d5 b5 Bb3 Nd4 Qg3 O-O c3 Nxb3 axb3 Nh5 Qg4 Nf6 Qg3 g6 Bxh6 Nh5 Qg4 Re8 Qf3 Kh7 g4 Nf6 g5 Nh5 Nd2 Nf4 Kh2 Bxg5 Bxg5 Qxg5 Rg1 Qh5 Qg4 a5 Rg3 Qxg4 Rxg4 Nh5 Nf3 f5 Rg5 Nf4 Nh4 fxe4 Rag1 Rg8 Nxg6 Rxg6 R5g4 Rxg4 Rxg4,C70
2025-04-27,EAnnY9D4,bullet,04:51,951,946,-5,loss,-1,black,1013,mnosman,67,24,d4 d5 Bf4 Nc6 e3 a6 Nf3 Bg4 Be2 Bxf3 Bxf3 e6 c3 Nf6 Bg5 Be7 O-O Nd7 Bxe7 Qxe7 Qb3 O-O Qxb7 Na5 Qxc7 Nc4 b3 Nb2 Qg3 Nf6 Qh4 Rac8 Be2 Rxc3 Nxc3 h6 Rab1 g5 Qxh6 Ng4 Bxg4 Nd3 Be2 Nf4 exf4 gxf4 Qxf4,D00
2025-04-27,fIZTW9bf,bullet,12:17,946,940,-6,loss,-1,white,892,skulll2050,-48,19,e4 e5 Nf3 Nc6 Bb5 Bc5 d3 f6 Nc3 a6 Bc4 d6 a3 Nge7 h3 g5 Bd5 Bd7 Bxc6 Bxc6 Ne2 Qd7 Ng3 O-O-O Nh5 Rdf8 O-O f5 Bxg5 fxe4 Bxe7 Rxf3 gxf3 Qxh3 Ng3 exf3 c4 Qg2#,C64
2025-04-27,3JcEXxeh,bullet,12:23,940,946,6,win,1,black,943,Ulovo,-3,25,e4 e5 Bc4 Nf6 Nf3 Nc6 Ng5 d5 exd5 Na5 Bb5+ c6 Bd3 Nxd5 Nxf7 Kxf7 Qf3+ Qf6 Qxf6+ gxf6 c3 Bc5 b4 Bxf2+ Kxf2 Nf4 Be4 Bg4 g3 Ne2 bxa5 Nxc1 Rxc1 Rhd8 Rc2 a6 Na3 Ke6 Nc4 f5 Bf3 Bxf3 Kxf3 e4+ Kf4 Rd3 Nb6 Rg8 Rb1 Rf3#,C58
2025-04-27,O5JKcTS1,bullet,16:29,946,937,-9,loss,-1,white,790,maksim2008rus,-147,36,e4 d5 e5 Nc6 d4 f6 Bf4 fxe5 dxe5 e6 Bb5 Bd7 Bxc6 Bxc6 Nc3 d4 Nce2 Bxg2 Nxd4 Bxh1 Ngf3 Bxf3 Nxf3 Qxd1+ Rxd1 Bb4+ c3 Bc5 Ng5 Ne7 Nxe6 b6 Nxc7+ Kf7 Nxa8 Rxa8 Rd7 Ke6 Rb7 Rf8 Bg5 Nf5 Rxa7 Kxe5 f4+ Ke4 Ra4+ Kf3 Kf1 b5 Ra5 Be7 Rxb5 Bxg5 fxg5 Ne3+ Ke1 Kg2 Re5 Nc2+ Kd2 Na1 Re2+ Kh3 Kd3 Rd8+ Kc4 h6 gxh6 gxh6 Kc5 Ra8,B00
2025-04-27,kk7Umz82,bullet,19:59,937,932,-5,loss,-1,black,965,mrffz,33,26,Nf3 Nc6 e4 e5 d4 a6 Ng5 Be7 Nxf7 Kxf7 Bc4+ Ke8 d5 Nd4 Qh5+ g6 Qxe5 Nxc2+ Ke2 Nxa1 Qxh8 d6 Qxg8+ Bf8 Re1 Nc2 Rd1 Bg4+ f3 Bxf3+ gxf3 Qh4 Qe6+ Be7 Kd3 Nb4+ Kc3 Nxa2+ Kb3 Nxc1+ Rxc1 Qxh2 Rc2 Qg1 Nc3 Qb6+ Ka2 a5 Bb5+ c6 dxc6 bxc6 Bc4,C44
2025-04-28,IMdkUuBs,bullet,05:52,932,937,5,win,1,white,859,OlgaKuznetsova,-78,30,e4 e5 Nf3 Nf6 Nc3 d6 d3 Bd7 Bg5 h6 Bxf6 Qxf6 Nd5 Qe6 c4 Kd8 h3 Qe8 Qb3 Ba4 Qxb7 Qc6 Qxc6 Nxc6 b3 Bxb3 axb3 Rb8 Ra6 Kd7 Nh4 Rxb3 Ra1 g5 Nf5 Ke6 Nfe3 Be7 Be2 Rhb8 O-O Nd4 Nxc7+ Kd7 Ncd5 Nxe2+ Kh2 Nf4 Nf5 Nxd3 Ndxe7 Kc7 Nd5+ Kd7 Rxa7+ Kc8 Nfe7+ Kd8 Nc6+ Kc8 Nde7#,C42
2025-04-28,10YtyaDY,bullet,18:54,937,932,-5,loss,-1,black,1004,dcons00,72,28,e4 e5 f4 Nc6 Nf3 a6 fxe5 d6 exd6 Bg4 dxc7 Qxc7 d4 Bb4+ c3 Ba5 Bd3 Nf6 O-O Bxf3 Qxf3 O-O Bg5 Nd7 Nd2 Nxd4 cxd4 Bxd2 Bxd2 h6 Rac1 Qd6 e5 Qxd4+ Kh1 Nxe5 Bc3 Qxd3 Qxd3 Nxd3 Rcd1 Nc5 Rfe1 Ne6 Rd7 Rac8 Rxb7 Rc6 Rd1 Nf4 Rdd7 Ne6 a4 Nd8 Ra7 Ne6 b4,C30
2025-04-29,AZfRjSFk,bullet,06:02,932,938,6,win,1,white,952,taylormar,14,28,e4 e5 Nf3 Nc6 Bc4 Be7 Bxf7+ Kxf7 d3 Nf6 Nc3 Rf8 Bg5 Kg8 Bxf6 Bxf6 Nd5 Na5 O-O c6 Ne3 b5 h3 Nb7 Nf5 d5 Ng3 d4 Nh5 Nc5 b3 Qe8 Ng3 a5 Qd2 b4 a3 bxa3 Rxa3 Nb7 Ra4 Bd8 b4 c5 Rfa1 cxb4 c3 dxc3 Qa2+ Be6 Qe2 Rf7 Nxe5 Rc7 d4 c2 Rc1,C50
2025-04-29,dxQz732s,bullet,07:28,938,932,-6,loss,-1,black,884,haheide,-48,24,d4 d5 c4 e6 Nc3 Bb4 e3 Nf6 Nf3 c6 cxd5 Ne4 Bd3 Nxc3 Qc2 Nxd5+ Nd2 Nd7 O-O Bxd2 Qxd2 N7f6 a3 a6 b4 Ng4 Qe2 Qh4 h3 Ngf6 e4 Ne7 Bb2 Ng6 e5 Nf4 Qf3 Nxd3 Qxd3 Ne4 Rae1 Ng5 Bc1 Nxh3+ Qxh3 Qxd4 Qg3 O-O Bh6,D31
2025-04-29,kcqZVTXD,bullet,21:41,932,927,-5,loss,-1,white,983,newky,56,24,e4 e6 d4 d5 e5 c5 Nf3 Nc6 Bb5 Qb6 Bxc6+ bxc6 Nc3 Ba6 Na4 Qa5+ Nc3 cxd4 Nxd4 Bb4 Nxc6 Bxc3+ bxc3 Qxc3+ Bd2 Qxc6 Qb1 Ne7 Bb4 Nf5 Qb3 Nd4 Qc3 Nxc2+ Kd2 Qxc3+ Bxc3 Nxa1 Rxa1 O-O Rb1 Rab8 Rxb8 Rxb8 f4 Bf1 g3 Bc4,C02
2025-04-29,vbjk0nkH,bullet,22:04,927,934,7,win,1,white,988,Franpossetto,54,32,e4 e5 Nf3 Nc6 Bb5 Nf6 Nc3 a6 Bxc6 bxc6 d3 d5 Bg5 Be7 Bxf6 Bxf6 O-O d4 Ne2 c5 h3 Be6 b3 O-O Ng3 Rb8 Qd2 c6 Qd1 Bh4 Nxh4 Qxh4 Qf3 Qe7 Rfc1 g6 Qd1 c4 Rab1 cxb3 axb3 c5 c4 a5 Ra1 Qc7 Qd2 Ra8 Rcb1 Rfb8 Qg5 a4 Qh5 axb3 Qh6 b2 Rxa8 Rxa8 Rxb2 Ra1+ Kh2 Qe7 Rb8+ Qe8 Rxe8#,C48
2025-04-30,T7tc6WLw,bullet,07:24,934,928,-6,loss,-1,black,968,akkopower,40,30,e4 e5 Nf3 Nc6 c3 a6 d4 d6 d5 Nce7 Bg5 Bg4 Be2 Bxf3 Bxf3 h6 Bh4 g5 Bg3 Nf6 h3 Nc8 Qa4+ b5 Qd1 Nb6 O-O Nc4 Re1 Nxb2 Qd2 Nc4 Qc2 Bg7 Nd2 Nb6 c4 Qd7 cxb5 axb5 a3 O-O Qd1 Ra4 Bg4 Nxg4 hxg4 Nc4 Nxc4 Rxc4 f3 c6 Rc1 Qa7+ Kh2 Qc5 Rxc4 Qxc4 Qc1 Qb3 Qa1,C44
2025-04-30,DqE7Jb2K,bullet,15:25,928,934,6,win,1,black,899,SnowWhiteRules,-35,17,e4 e5 Bc4 Nf6 Nc3 Bb4 d3 d6 f4 Nc6 Nf3 Bg4 O-O Bxc3 bxc3 O-O fxe5 dxe5 Qe1 Bxf3 Rxf3 a6 Qg3 Nh5 Qh3 g6 g4 Nf4 Bxf4 exf4 Rxf4 Qg5 Qf3 Ne5,C26
2025-04-30,trvsKRGI,bullet,17:31,934,928,-6,loss,-1,white,935,starlac,7,30,e4 e6 e5 d5 d4 c5 Nf3 Qb6 Be3 Bd7 b3 Bb5 Bxb5+ Qxb5 Nc3 Qb4 Qd2 cxd4 Nxd4 Nc6 Nxc6 bxc6 O-O Bc5 Bxc5 Qxc5 Na4 Qb5 Rad1 Ne7 c4 dxc4 Qd7+ Kf8 Nc3 Qb8 bxc4 Ng6 Qxc6 Nxe5 Qc5+ Kg8 Ne4 h6 Nd6 Nd7 Qh5 Nf6 Qxf7+ Kh7 Qxe6 Rd8 Qf5+ g6 Qxf6 Qc7 Qe5 Rd7 c5 Rad8,C02
2025-04-30,il8TGo71,bullet,17:42,928,934,6,win,1,white,945,GodofHellFire,11,52,e4 e5 Nf3 Nc6 Bb5 a6 Bxc6 dxc6 d3 Bg4 h3 Bh5 c4 Bb4+ Bd2 Bxd2+ Qxd2 Nf6 Nxe5 O-O Nc3 b5 b3 b4 Na4 Re8 Nxc6 Qd7 Nxb4 Rad8 Nc5 Qd6 Nb7 Nxe4 Nxd6 Nxd2+ Kxd2 Rxd6 Nd5 Bg6 Rae1 Kf8 Rxe8+ Kxe8 Re1+ Kf8 Nxc7 Rxd3+ Kc1 Rd8 g4 Rc8 Nd5 a5 Ne7 Re8 Nxg6+ hxg6 Rxe8+ Kxe8 Kd2 Kd7 Ke3 Ke6 f4 f5 g5 Kd6 Kd4 Kc6 h4 Kb6 Kd5 Ka6 a3 Kb6 Ke6 Kc5 Kf7 Kd4 Kxg6 Kc3 h5 Kxb3 Kxg7 Kxa3 h6 Kb4 h7 a4 h8=Q a3 Qh2 Kb3 Kf6 a2 Qxa2+ Kxa2 c5 Kb3 c6 Kb4 c7,C68
2025-04-30,kMPhEPeg,bullet,19:32,934,928,-6,loss,-1,black,882,Nikkolonik,-46,22,c4 e5 Nc3 Nf6 g3 Bb4 Bg2 Bxc3 bxc3 c6 d3 d6 Qc2 Bf5 e4 Bg4 f3 Bd7 Be3 O-O Ne2 c5 O-O b6 Rab1 Nc6 Rf2 Ne7 d4 Ng6 d5 h6 Kh1 Nh5 Ng1 Nf6 Qd2 a5 Nh3 Rb8 Ng1 Nh5 Bh3,A22
2025-04-30,rxaVXSPZ,bullet,19:47,928,931,3,win,1,white,781,ContriteFight,-150,22,e4 c6 Nf3 d5 e5 Bf5 d4 Nd7 Bd3 e6 Bxf5 exf5 Bf4 f6 h3 g5 Bh2 f4 O-O Nh6 Nc3 Bb4 Qd3 Nb6 Rfe1 Nc4 exf6+ Kf7 Nxg5+ Kxf6 Bxf4 Re8 Nxh7+ Kg7 Be5+ Rxe5 dxe5 Qg5 Nxg5 Ng4 Qh7+ Kf8 e6 Ke8 Qd7+,B12
2025-04-30,EMCR71iJ,bullet,20:45,931,926,-5,loss,-1,black,944,MwTamagotchi,18,26,d4 d5 Bf4 e6 e3 a6 Nf3 Nc6 a3 Nf6 Nbd2 Bd7 c3 Bd6 Bg3 Bxg3 hxg3 Ne4 Nxe4 dxe4 Ne5 Nxe5 dxe5 Qg5 Qb3 b5 O-O-O Qxe5 Be2 Rd8 Rh5 Qf6 Qc2 Qxf2 Rf1 Qxe3+ Kb1 f5 g4 g6 Rh3 Qg5 gxf5 gxf5 Rh5 Qg7 g4 Rf8 gxf5 exf5 Rfh1,D00
2025-05-01,oLdrJBlk,bullet,16:50,926,920,-6,loss,-1,black,958,Wason1797,38,28,e4 e5 Nf3 Nc6 Bc4 Nf6 Nc3 Bc5 d3 d6 Be3 Bxe3 fxe3 O-O Qe2 Bg4 h3 Bxf3 Qxf3 a6 O-O Qe7 a3 Nd8 Nd5 Nxd5 Bxd5 c6 Ba2 Ne6 Rf2 Ng5 Qg4 h6 h4 Ne6 Raf1 f6 h5 d5 exd5 Ng5 d6+ Qf7 Bxf7+ Rxf7 d4 Nh7 Qe6 Rf8 dxe5 Ng5 Qf5 Nh7 e6,C50
2025-05-03,rlKnHDbf,bullet,14:17,920,925,5,win,1,white,906,ridhvikhrs,-19,2,e4 e5 Nf3,C40
2025-05-03,3F9JPFDx,bullet,14:18,925,921,-4,loss,-1,white,1017,iLLbeFreakY,96,41,e4 e5 Nf3 Nc6 Bb5 d6 c3 Nf6 d3 Be7 Bg5 O-O Bxf6 Bxf6 Bxc6 bxc6 Nbd2 d5 O-O c5 Qb3 d4 cxd4 Be6 d5 Bg4 h3 Bxf3 Nxf3 Rb8 Qc2 Rb5 b3 Qd6 Qd2 c6 Rab1 cxd5 a4 Rbb8 Qa5 a6 exd5 Qxd5 Qxa6 Rxb3 Rxb3 Qxb3 a5 Qb2 Rd1 e4 dxe4 Bd4 Nxd4 cxd4 e5 Re8 Qd6 f6 e6 Qe2 Rxd4 Qe1+ Kh2 Rxe6 Qd8+ Kf7 Qd7+ Re7 Qd5+ Re6 Qd7+ Re7 Qd5+ Qe6 Qh5+ g6 Qh6 Kg8 Rd8+ Re8,C62
2025-05-03,BPxgULT6,bullet,14:24,921,917,-4,loss,-1,white,996,Albopilosum,79,30,e4 e5 Nf3 f6 Bc4 c6 Nc3 b5 Be2 Ne7 d3 d5 Nh4 d4 Nb1 g5 Bh5+ Ng6 Bxg6+ hxg6 Nxg6 Bg7 Nxh8 Bxh8 Qh5+ Kd7 Qf7+ Kd6 Qb3 Be6 Qb4+ Kc7 Nd2 Bg7 Qa5+ Kc8 Qxd8+ Kxd8 Nf3 c5 b3 b4 a4 Nc6 h3 Kc7 g3 Rh8 h4 g4 Nd2 Bh6 Nb1 Bxc1 h5 Bf7 Nd2 Bb2 Nc4 Bxa1,C40
2025-05-03,zDnISQUy,bullet,14:30,917,908,-9,loss,-1,white,749,absinthminded,-159,6,e4 e5 Nf3 d6 d3 h6 Nc3 Nf6 h3 c5 b3,C41
2025-05-04,vewMGDxg,bullet,11:13,908,903,-5,loss,-1,white,906,MoeAa,3,7,e4 e5 Nf3 Nc6 Bc4 h6 d3 Nf6 h3 Nd4 Nxd4 exd4 O-O d5,C50
2025-05-04,lnzgf8DV,bullet,14:27,903,902,-1,draw,0,white,835,Aaravsssm,-67,54,e4 e5 Nf3 Nc6 Bb5 Nf6 d3 d5 Bg5 Bg4 Bxf6 Qxf6 Bxc6+ Qxc6 h3 Bxf3 gxf3 dxe4 fxe4 Qb6 b3 Qd4 Nd2 Bc5 Rh2 O-O-O Nf3 Qc3+ Kf1 Rd6 Ng5 Rf6 Nf3 Bb6 Rb1 Qc5 Qd2 Rxf3 Ke1 Rxf2 Qxf2 Qxf2+ Rxf2 Bxf2+ Kxf2 Rf8 Rg1 f5 Ke3 f4+ Kf3 g6 Rg5 a5 Rxe5 b6 Re7 b5 Rxh7 g5 Rh5 Kd7 Rxg5 Ke7 Rxb5 c6 Rxa5 Ke6 Ra6 Kd6 h4 Rh8 Kg4 f3 Kxf3 Rxh4 Ke3 Rh3+ Kd4 Rh8 e5+ Ke6 Rxc6+ Kd7 Rd6+ Ke7 Kd5 Rd8 Rxd8 Kxd8 e6 Ke7 Ke5 Ke8 d4 Ke7 d5 Kd8 d6 Ke8 d7+ Kd8 c4 Ke7 c5 Kd8 Kd6,C65
2025-05-04,BVPviwm5,bullet,14:47,902,907,5,win,1,black,881,Aff212000,-26,13,d4 d6 Bf4 Bf5 e3 Nf6 Nf3 a6 Nbd2 h6 h3 g5 Bh2 Be4 Nxe4 Nxe4 Qd3 d5 Be2 Nc6 O-O e6 Ne5 Nxe5 Bxe5 Rg8,A41
2025-05-05,VFUO06Bj,bullet,20:18,907,901,-6,loss,-1,white,869,barboza13,-32,28,e4 e6 Nf3 d5 e5 c5 d4 Nc6 Bb5 a6 Bxc6+ bxc6 Be3 cxd4 Bxd4 c5 Be3 d4 Bf4 Qa5+ Nbd2 Qb6 Nc4 Qb5 Nfd2 Ne7 O-O Nc6 b3 a5 Na3 Qb4 Ndc4 Ba6 Bd2 Qb8 Re1 Nb4 Bxb4 axb4 Nb1 Be7 Nbd2 Bg5 Nf3 Bh6 Nd6+ Kd7 Nxf7 Rf8 Nd6 Bb7 Qd3 Bxf3 Qb5+ Qxb5,C02
2025-05-07,SFiVlxQC,bullet,06:39,901,906,5,win,1,black,890,GUSTRAGO22,-16,27,e4 e5 Nf3 Nc6 Ng5 Qxg5 h4 Qd8 Qf3 d6 g4 Nd4 Qd3 Bxg4 c3 Nc6 f3 Be6 a3 Nf6 b4 Nd7 c4 Nb6 c5 Nc4 Nc3 Nd4 Nd5 Nxd2 Bxd2 c6 Bg5 f6 Nxf6+ gxf6 Be3 dxc5 bxc5 Bxc5 Rc1 Qa5+ Kd1 Nb3 Bxc5 Nxc1 Qd6 Bb3+ Kxc1 Qc3+ Kb1 Qc2+ Ka1 Qa2#,C44
2025-05-07,4yycyhBx,bullet,09:16,906,911,5,win,1,black,865,ALFERDOOOOOOO,-46,34,e4 e5 d4 exd4 Qxd4 Nc6 Qe3 Qe7 Qg5 Qxe4+ Kd1 f6 Qh5+ g6 Qe2 d5 Qxe4+ dxe4 Be3 Be6 Bb5 Ne7 Nc3 O-O-O+ Ke1 Nd4 Kd2 Nxb5+ Ke2 Nxc3+ bxc3 b6 Nh3 Bxh3 gxh3 Nd5 Bd4 Nf4+ Ke3 Nxh3 Kxe4 Bc5 Bxc5 bxc5 Rhf1 Rhe8+ Kf3 f5 Kg3 Ng5 Kf4 Ne6+ Kg3 Ng7 Kf4 Re2 Kg5 Rxc2 Kh6 Ne6 Kxh7 Rxc3 Kxg6 Nf4+ Kxf5 Ne2 Ke4 Re8+,C22
2025-05-07,xu1BpLid,bullet,19:31,911,918,7,win,1,white,930,luchostar,12,32,e4 e6 d4 Nc6 Nf3 Nf6 Nc3 Bb4 Qd3 O-O Bd2 Bxc3 Bxc3 b6 e5 Nd5 Be2 Re8 Qe4 Nxc3 bxc3 Bb7 Bd3 Na5 Qxh7+ Kf8 Qh8+ Ke7 Qxg7 Rg8 Qf6+ Ke8 Qf4 Rxg2 Nh4 Rg5 Rf1 Qe7 Rb1 d6 Nf3 Bxf3 Qxf3 Rh5 Qxa8+ Kd7 Bb5+ c6 Qxa7+ Ke8 Qa8+ Qd8 Bxc6+ Nxc6 Qxc6+ Kf8 exd6 Qf6 Qc8+ Kg7 d7 Qf5 d8=Q Qe4+ Kd1,C00
2025-05-08,2Rl7wXvl,bullet,12:36,918,912,-6,loss,-1,black,917,successfulhistorian,5,40,d4 d5 c4 e6 Nc3 Bb4 Nf3 Nc6 Bg5 f6 Bh4 g5 Bg3 Nge7 Rc1 Nf5 e3 Bd7 a3 Bxc3+ Rxc3 a6 cxd5 exd5 Bd3 Qe7 Bxf5 Bxf5 h3 O-O-O O-O Na5 Rxc7+ Qxc7 Bxc7 Kxc7 Qc1+ Kb8 Nd2 Rc8 Qd1 Rc2 g4 Be4 Nxe4 Rhc8 Nxf6 Rxb2 Nxd5 Rcc2 Nf6 Nc4 Qf3 Nd2 Qf5 Nxf1 Kxf1 h6 Qe5+ Ka7 Ne4 a5 d5 b6 d6 Ka6 d7 Rb5 Qxb5+ Kxb5 d8=Q Rc1+ Kg2 Ra1 Qd7+ Ka6 Nc3 Rxa3 Qb5+ Kb7 Nd5,D31
2025-05-08,NzDPuvjz,bullet,14:45,912,918,6,win,1,white,912,Akita14,-6,24,e4 e5 Nf3 Nc6 Bb5 d6 c3 Bd7 Bxc6 Bxc6 d3 Qf6 Bg5 Qg6 Nbd2 f6 Be3 O-O-O g3 Ne7 Bxa7 b6 Qb3 Kb7 Bxb6 cxb6 Nc4 Nc8 O-O-O Be7 d4 Bxe4 dxe5 Bxf3 exd6 Bxd6 Nxd6+ Nxd6 Rxd6 Rxd6 Re1 Be4 f4 Bb1 Re7+ Kc6 Qc4#,C62
2025-05-08,dk403jGp,bullet,15:06,918,922,4,win,1,black,910,oliverthegoat,-12,33,e4 e5 Nf3 Nc6 Nc3 Nf6 Bb5 Bb4 O-O Bxc3 dxc3 O-O Bg5 h6 Bh4 a6 Bxc6 dxc6 Qxd8 Rxd8 Bxf6 gxf6 Nh4 Bg4 f3 Bh5 Nf5 Kh7 Ne7 Rd2 Rac1 Re8 Nf5 Bg6 Ng3 h5 Rfd1 Rxd1+ Rxd1 h4 Ne2 f5 Rd7 fxe4 fxe4 Kg7 Rxc7 Bxe4 Rxb7 c5 Rc7 Bxc2 Rxc5 e4 Nf4 e3 Nd5 e2 Kf2 e1=Q+ Kf3 Qe4+ Kf2 Qf5+ Kg1 Re1#,C49
2025-05-08,OqTFUhXM,bullet,18:10,922,928,6,win,1,white,905,MxF_Sae,-23,24,e4 e5 Nf3 Nf6 Nc3 d5 d3 d4 Ne2 Nc6 Ng3 Bb4+ Bd2 Bxd2+ Qxd2 Ng4 h3 Nh6 Be2 Qe7 a3 f5 Nh5 fxe4 dxe4 g6 Ng3 Be6 Bb5 O-O-O Bxc6 bxc6 Nxe5 d3 Nxc6 Qd7 Ne5 dxc2 Nxd7 Rxd7 Qxh6 Bb3 Rc1 Rhd8 O-O Rd1 e5 c6 Qe3,C42
2025-05-09,auwwqOEl,bullet,05:05,928,922,-6,loss,-1,black,932,vivekpandey1234567,10,18,e4 e5 Nf3 Nc6 Bb5 a6 Bxc6 dxc6 O-O Bg4 Re1 Nf6 Nc3 Bc5 h3 Bxf3 Qxf3 Qd4 d3 O-O-O Be3 Qd6 Bd2 b6 Na4 Kb7 b4 Bd4 Rab1 b5 c3 Bxf2+ Kxf2 bxa4 a3 c5 bxc5+,C69
2025-05-09,OaGSmgp9,bullet,05:54,922,930,8,win,1,white,1041,VVN1978,111,12,e4 e5 Nf3 d5 Nxe5 dxe4 Bc4 Nh6 d3 Bc5 Bxh6 gxh6 Bxf7+ Kf8 Qh5 Bxf2+ Kf1 Qf6 Ke2 exd3+ Nxd3 Qe7+ Ne5 Bd4 Qxh6#,C40
2025-05-09,YSI3ETad,bullet,06:05,930,935,5,win,1,black,895,seisme3,-40,18,d4 d5 c4 dxc4 Nc3 Nf6 e3 e6 Bxc4 Bb4 Nf3 Ne4 Qc2 O-O Qxe4 Bxc3+ bxc3 Nc6 a4 Ne7 O-O Ng6 h3 c6 a5 a6 Qc2 f5 e4 f4 e5 Rf5 Bd3 Nh4 Nxh4 Qxh4,D20
2025-05-09,Bar6glAS,bullet,06:50,935,930,-5,loss,-1,black,1002,SanaYx,72,32,e4 e5 Nf3 Nc6 Bc4 Nf6 Ng5 d5 exd5 Na5 Bb5+ c6 dxc6 bxc6 Bd3 h6 Ne4 Nxe4 Bxe4 Bb7 O-O Nc4 d3 Nd6 Bf3 Nf5 Nc3 Bb4 Bd2 Bxc3 Bxc3 f6 Bg4 Nh4 g3 Ng6 Bh5 Qd5 Qg4 Ke7 Qxg6 c5 Qxg7+ Kd6 f3 Rhg8 Qxf6+ Kc7 Qxe5+ Qxe5 Bxe5+ Kb6 Rae1 a5 Bf7 Rgd8 Bf6 Rf8 Re6+ Kb5 Bh5 a4 Rfe1 Rad8 Re7,C58
2025-05-09,CxqdZS9o,bullet,06:57,930,937,7,win,1,white,1021,Samu85,84,26,e4 e5 Nf3 Nc6 Bb5 a6 Bxc6 dxc6 d3 Bd6 h3 Nf6 Bg5 O-O Nc3 h6 Bxf6 Qxf6 O-O b5 Ne2 Bb7 Ng3 c5 b3 a5 c4 bxc4 bxc4 Rfd8 Qa4 Qe7 Nf5 Qd7 Qxd7 Rxd7 a4 Rdd8 Rfd1 Re8 Kh2 Re6 g4 g6 Nxh6+ Kh7 g5 Be7 Nxf7 Kg7 N3xe5,C68
2025-05-09,Si9w2u35,bullet,09:59,937,943,6,win,1,black,906,attiveerraju,-37,20,e3 e5 a3 d5 h3 Nf6 Bb5+ Bd7 Be2 a6 Nf3 Bd6 Nc3 h6 d3 Nc6 g4 e4 dxe4 dxe4 Nd2 O-O Ncxe4 Nxe4 Nxe4 Re8 Nd2 Ne5 b4 Ba4 Bb2 Qg5 Ne4 Qe7 f4 Nc6 Nc3 Bb5 Nxb5 axb5,A00
2025-05-09,o4c9mQKh,bullet,10:15,943,937,-6,loss,-1,white,959,IgaRa,22,42,e4 e5 Nf3 Nf6 Nc3 d6 d3 Bg4 Bg5 Bxf3 Qxf3 h6 Bxf6 Qxf6 Qxf6 gxf6 Nd5 Na6 Nxf6+ Ke7 Nd5+ Ke8 Be2 c6 Nf6+ Ke7 Ng4 Kd7 c3 Kc7 b4 Be7 a4 Rad8 O-O Rdg8 Rab1 Nb8 d4 h5 Ne3 h4 h3 f6 b5 c5 d5 b6 c4 a5 Bg4 Rh6 Nf5 Rhg6 Nxe7 R8g7 Nxg6 Rxg6 Bf5 Rg7 Rb3 Nd7 Rf3 Nf8 Bg4 Ng6 Rxf6 Nf4 Rf8 Kb7 Rd8 Kc7 Ra8 Nxg2 Rc8+ Kb7 Rd8 Nf4 Rxd6 Nxd5 Rxd5 Rc7 Rxe5 Ka7,C42
2025-05-09,Z0pvEod0,bullet,10:28,937,932,-5,loss,-1,black,932,KING_SSS,0,24,e4 e5 Nf3 d6 g3 Bg4 Bg2 Nc6 d3 Nf6 Nbd2 h6 O-O Nd4 c3 Ne6 d4 Ng5 dxe5 dxe5 Qb3 Bxf3 Nxf3 Ngxe4 Nxe5 Qd5 Qa4+ c6 Nf3 Bc5 c4 Qd6 Bf4 Qe6 Rad1 O-O b4 Bd6 c5 Bxf4 gxf4 Nc3 Qc2 Nxd1 Rxd1 Rad8 Re1,C41
2025-05-09,wBOCeLTG,bullet,11:16,932,939,7,win,1,white,1044,LucienBramare,105,26,e4 c5 Nf3 Nc6 Bb5 f6 Bxc6 bxc6 Nc3 d5 O-O dxe4 Nxe4 e5 Nxc5 Bxc5 d4 exd4 Re1+ Ne7 c3 O-O cxd4 Bb6 Be3 Bg4 Qb3+ Kh8 Nd2 Rb8 Qa4 Bxd4 Bxd4 Nf5 Bxa7 Rxb2 Ne4 Nd6 Qxc6 Nxe4 Rxe4 Qd2 Rxg4 Qxf2+ Bxf2 Rd8 Qc3 Rbb8 Qc7 Kg8 Qxg7#,B30
2025-05-09,H40KQ5Is,bullet,11:43,939,945,6,win,1,white,933,Yvonne68,-12,30,e4 e6 d4 d5 e5 c5 Nf3 cxd4 Nxd4 Nc6 Bb5 Bd7 Bxc6 Bxc6 a3 Bc5 b4 Bxd4 Qxd4 Ne7 O-O Nf5 Qd1 O-O Bf4 Bb5 Re1 Rc8 Nd2 Nd4 Be3 Nxc2 Qg4 Nxa1 Bh6 g6 Rxa1 Re8 Bg5 Qc7 h3 Qc2 Nf3 Qf5 Qg3 Rc3 Bf6 Rec8 Qh4 Rc1+ Rxc1 Rxc1+ Kh2 Qh5 Qf4 Qf5 Qxc1 h5 Qc8+ Kh7 Qh8#,C02
2025-05-09,dicxPcmc,bullet,12:04,945,941,-4,loss,-1,black,1039,vitty2,98,24,e4 e5 Qf3 Nc6 c3 Nf6 d3 d6 Be2 Bg4 Qg3 Bxe2 Nxe2 Qe7 O-O O-O-O Qh3+ Kb8 Na3 h6 Nb5 Nd7 Be3 Nc5 d4 Na4 d5 Na5 f3 Nxb2 Bxa7+ Ka8 Be3 Nd3 Bd2 Nc4 Bc1 Nc5 Rb1 Nb6 Nxc7+ Qxc7 Ng3 Nc4 Nf5 g6 Qg3 gxf5 Qf2,C20
2025-05-09,vM7NEDa2,bullet,14:01,941,946,5,win,1,white,943,Izegrim59,-3,30,e4 d6 d4 Nf6 Nc3 c6 Bg5 Nbd7 Bc4 Qa5 Nf3 Nxe4 Bxe7 Bxe7 O-O Nxc3 bxc3 Qxc3 Qe2 Qa5 Rfe1 Qd8 Ng5 O-O Qxe7 Qxe7 Rxe7 h6 Bxf7+ Rxf7 Nxf7 Nf6 Nxd6 b5 Nxc8 Rxc8 Rxa7 Nd5 h3 Rc7 Ra8+ Kh7 Rd8 Nb4 c3 Nc2 Rb1 Na3 Rb3 Nc4 g4 Nd2 Rb2 Ne4 Rc2 Rf7 Kg2 Nf6 Kg3 Nd5 f3,B07
2025-05-09,axqV4V2H,bullet,15:48,946,953,7,win,1,black,1003,poemcompiler,50,31,e4 e5 Nf3 Nc6 Bb5 a6 Ba4 h6 c3 d6 d4 Bd7 Bb3 Na5 Bxf7+ Kxf7 dxe5 Bg4 h3 Bxf3 Qxf3+ Ke8 e6 Nf6 O-O Be7 Rd1 Rf8 e5 Ng8 exd6 Rxf3 gxf3 cxd6 Na3 d5 Bf4 Nc6 c4 d4 Rac1 Bc5 Rc2 Qe7 Rcd2 Rd8 Nc2 Qxe6 b4 Bxb4 Nxb4 Nxb4 Rxd4 Rxd4 Rxd4 Qg6+ Kf1 Qb1+ Kg2 Qg6+ Kf1 Nf6,C70
2025-05-10,USqR5ijB,bullet,07:16,953,959,6,win,1,black,959,Jeevan-1256,0,27,d4 d5 e3 e6 Nf3 a6 Ne5 f6 Nd3 Nc6 Nd2 Bb4 Be2 Bxd2+ Bxd2 Qd6 c3 e5 dxe5 Nxe5 Nxe5 Qxe5 f4 Qe4 Bf3 Qe6 b4 Bd7 Qb3 Ne7 h3 O-O-O Rc1 Bb5 a4 Bc4 Qb2 g6 Kf2 Nf5 Bg4 h5 Bxf5 Qxf5 b5 a5 Rcg1 h4 g4 Qd3 Re1 g5 f5 Qe4,D00
2025-05-10,I8wdicFZ,bullet,08:00,959,953,-6,loss,-1,white,941,DanteMurat,-12,33,e4 d5 e5 Nc6 d4 Bf5 Nf3 Be4 Nbd2 Bxf3 Nxf3 e6 Bb5 a6 Bxc6+ bxc6 O-O c5 Be3 cxd4 Bxd4 Nh6 b3 Bb4 c3 c5 cxb4 cxd4 Qxd4 O-O Rac1 Nf5 Qc5 Rc8 Qxc8 Qxc8 Rxc8 Rxc8 a4 Rc3 Nd2 f6 exf6 gxf6 g4 Nh4 f4 Rd3 Rf2 e5 g5 exf4 Rxf4 fxg5 Rf2 h5 b5 g4 b6 Rd4 b7 Rb4 Rf5 Nxf5 a5 Rxb7,B00
2025-05-11,d7FrQyO1,bullet,10:46,953,947,-6,loss,-1,white,922,limsup,-25,28,e4 c6 Nf3 d5 e5 Bg4 d4 e6 Be2 c5 Nc3 Nc6 Bb5 a6 Bxc6+ bxc6 Na4 cxd4 O-O c5 Qd3 Be7 a3 Rb8 Qxa6 Bxf3 gxf3 Nh6 Bxh6 gxh6 f4 Rg8+ Kh1 Bh4 Qd3 Be7 b3 Rg4 Qf3 Rg6 Nb2 Qb6 Nd3 Kd7 a4 Rbg8 Rg1 Qa5 Rxg6 Rxg6 Rg1 Qd2 Rxg6 hxg6 Kg2 Qxc2,B10
2025-05-11,xEoalyj5,bullet,11:25,947,941,-6,loss,-1,white,958,deutwanger,17,24,e4 e5 Nf3 Nc6 Bb5 Nf6 d3 a6 Bxc6 dxc6 Bg5 Be7 Bxf6 Bxf6 Nc3 O-O O-O Bg4 h3 Bh5 Qe2 Bg5 Nd1 f5 Ne3 fxe4 dxe4 Bxf3 Qxf3 Rxf3 gxf3 Qf6 Nf5 g6 Ng3 Qxf3 Rae1 Rd8 Kh2 Rd2 Nf5 Bf4+ Ng3 Rxf2+ Rxf2 Qxf2+ Kh1 Qxe1+,C65
2025-05-11,o2TJdeUs,bullet,11:58,941,948,7,win,1,black,978,tstad21,30,21,e4 e5 Nf3 Nc6 Bc4 Nf6 Qe2 a6 Ng5 d5 exd5 Na5 Qxe5+ Be7 Be2 O-O c4 Bd6 Qd4 Qe7 Nc3 Be5 Qe3 Bg4 Bxg4 Nxc4 Qe2 Nxg4 Qxg4 Bxc3+ Kd1 Bf6 Qxc4 Bxg5 Re1 Qd6 b4 Qxh2 d3 b6 Bxg5 Qh5+,C55
2025-05-11,9WgsL6T8,bullet,13:08,948,941,-7,loss,-1,black,882,Norulezzzzz,-59,22,e4 e5 d4 Nc6 c3 d6 Bc4 Be6 Qb3 Bxc4 Qxc4 Nf6 Nf3 Ne7 Ng5 d5 exd5 Nexd5 Qb5+ c6 Qxb7 h6 Nxf7 Qb8 Nd6+ Qxd6 Qxa8+ Kf7 Qxa7+ Kg6 O-O Be7 c4 Nc7 c5 Qe6 Qb7 Ncd5 Nc3 Ng4 Nxd5 Qxd5 Qxe7,B00
2025-05-11,ZMcTXPBJ,bullet,13:23,941,937,-4,loss,-1,black,1048,viviya_dev,111,30,e4 e5 Nf3 Nc6 Bc4 Nf6 Nc3 Bc5 Ng5 O-O d3 d6 O-O Na5 Re1 Nxc4 dxc4 Be6 Nd5 Bxd5 cxd5 h6 Be3 b6 Bxc5 bxc5 b3 Nd7 c4 Qxg5 b4 a6 Qa4 Rfd8 b5 a5 Rab1 Nb6 Qa3 Nxc4 Qc3 Nd2 Rb2 Nxe4 Qd3 Nf6 b6 cxb6 Rxb6 Rab8 Ra6 Rb2 Rxa5 Rdb8 h3 g6 Qa6 Kg7 Qxd6 Qd2 Rf1,C50
2025-05-11,KaQQcbGw,bullet,13:55,937,932,-5,loss,-1,white,942,Leungochombo,10,33,e4 d6 Nf3 b6 d4 Bb7 Nc3 g6 d5 Bg7 Bd2 e6 Bc4 Ne7 Rb1 e5 Ne2 O-O Ng3 c6 Bc3 cxd5 exd5 a6 O-O b5 Bb3 Nd7 a3 Nf6 Re1 Nfxd5 Bxd5 Nxd5 h3 Qc8 Qd2 Nxc3 bxc3 e4 Ng5 d5 Rb4 Qc6 N5xe4 dxe4 Nxe4 Rfe8 f3 Qb6+ Kh2 Be5+ g3 Rac8 h4 Qe6 Qe3 Qa2 Nc5 Qxc2+ Kh3 Rc6 Qh6 Bc8+ g4 Qh2#,B00
2025-05-11,AakDfMwZ,bullet,14:20,932,932,0,draw,0,black,929,thebigmoose187,-3,52,e4 e5 Nf3 Nc6 c3 a6 d4 Bd6 d5 Nce7 Bc4 h6 O-O Nf6 Na3 Bxa3 bxa3 b5 Bb3 Nxe4 Bb2 Bb7 Re1 Nxf2 Kxf2 d6 a4 bxa4 Bxa4+ c6 dxc6 Bxc6 Bxc6+ Nxc6 Nd4 Nxd4 cxd4 O-O dxe5 dxe5 Qxd8 Raxd8 Bxe5 Rfe8 Bf4 Rxe1 Rxe1 Rd4 Be3 Re4 Re2 f5 Kf3 a5 Bb6 a4 Rxe4 fxe4+ Kxe4 Kf7 Bd4 g6 Be3 h5 Bg5 Ke6 Kf4 Kd5 g3 a3 h3 Kc4 Ke5 Kc3 Kf6 Kb2 Kxg6 Kxa2 Kxh5 Kb3 Bf6 Kc4 Kg6 Kd5 Kf5 Kd6 h4 a2 g4 Kd7 h5 Ke8 g5 Kf7 g6+ Kg8 h6 Kf8 g7+ Kg8 Kg6 a1=Q Bxa1,C44
2025-05-11,QAfMOAC2,bullet,15:38,932,937,5,win,1,white,898,Hamzaladoul,-39,30,e4 e5 Nf3 Nc6 Bb5 Nf6 d3 Bc5 Bg5 h6 Bxf6 Qxf6 Nc3 Qg6 Bxc6 bxc6 Rg1 d5 a3 dxe4 Nxe4 Bg4 Nxc5 Bxf3 Qxf3 O-O O-O-O Rfe8 Rge1 f5 Kb1 Qd6 Nb7 Qe6 Na5 c5 Nc6 c4 Nxe5 c3 Nc4 Qc8 Rxe8+ Qxe8 h3 cxb2 Kxb2 Rb8+ Kc3 Qb5 Qe3 Qb2+ Kd2 Qb5 Qe6+ Kh7 Ne5 Qa5+ Ke3,C65
2025-05-12,ac860XWA,bullet,11:19,937,941,4,win,1,white,861,DhuruvNP,-80,8,d4 d5 Nf3 Nf6 Nc3 Ng4 h3 Nxf2 Kxf2 f5 e3 g5 Ne5 f4 Qh5#,D02
2025-05-12,B2qcYLnq,bullet,11:29,941,937,-4,loss,-1,black,1006,Gee-unit,69,14,e4 e5 Bc4 Nf6 Nf3 Nc6 Ng5 d5 exd5 Na5 b3 Nxd5 Qf3 Qxg5 Bxd5 f6 b4 Bxb4 c3 Bc5 O-O Bf5 Bxb7 Rd8 Bc6+ Ke7 d4 Bd6 Bxg5,C58
2025-05-12,Uua9NR4L,bullet,11:57,937,943,6,win,1,white,967,shcjlhfjfchfdhchchjg,24,24,e4 d5 e5 d4 Nf3 Nc6 Bb5 f6 exf6 Nxf6 Nxd4 Qxd4 Bxc6+ bxc6 d3 e5 Bg5 Bc5 O-O Qxb2 Nd2 O-O Bxf6 Rxf6 Ne4 Bxf2+ Nxf2 Rg6 Re1 Qd4 Qf3 Bh3 Qxh3 Rf8 Qe3 Qh4 Rab1 Rh6 h3 Rhf6 Rf1 Qf4 Qxf4 Rxf4 Rb7 h6 Rxc7,B01
2025-05-12,tpmgkMva,bullet,13:32,943,949,6,win,1,black,939,starlac,-10,35,e4 e5 f4 Nc6 Nf3 d6 Bc4 Bg4 O-O Bxf3 Qxf3 Nf6 c3 a6 a3 Qd7 d4 Ng4 h3 Nf6 fxe5 dxe5 d5 Na5 Ba2 Bc5+ Kh1 O-O-O Bg5 Qd6 b4 Ba7 bxa5 h6 Bxf6 gxf6 Qxf6 Qxf6 Rxf6 Rh7 Nd2 Rd6 Rxd6 cxd6 Nc4 Kc7 Rf1 Bc5 Rf6 h5 a4 Kd7 Bb1 Kc7 Bc2 Rg7 Bd1 Rh7 Be2 h4 Bg4 Rg7 Bh5 Rg3 Bxf7 Rxc3 Nb6 Bxb6 axb6+ Kxb6,C30
2025-05-12,fkGB1rv7,bullet,13:51,949,954,5,win,1,white,917,morteza44,-37,20,e4 c5 Nf3 d6 a3 a6 c4 e5 d3 Bg4 Nbd2 Qd7 Be2 Bxf3 Bxf3 g6 h3 h5 Nb3 b6 a4 a5 Be3 Nc6 Nd2 f6 Nf1 g5 Ng3 g4 hxg4 h4 Nf5 Qh7 Qb3 Na7 Qxb6 Qc7 Qxc7 Ne7 Nxd6#,B50
2025-05-12,VBGFzsf1,bullet,16:35,954,950,-4,loss,-1,white,1030,nigaom,80,31,e4 g6 Nf3 Bg7 e5 c5 Nc3 Nc6 Bb5 Nxe5 Nxe5 Bxe5 Ne4 a6 Bc4 b5 Bd5 Rb8 Ng5 e6 Bf3 Qxg5 d4 Bf4 Bxf4 Qxf4 dxc5 Qe5+ Be2 Qxc5 O-O Bb7 Bf3 d5 c3 Nf6 Qd2 O-O b4 Qc4 a3 Rfd8 Rac1 Ne4 Bxe4 dxe4 Qe3 Rd3 Qf4 e3 Qxb8+ Kg7 Qxb7 e2 Rfe1 Rxc3 Rxc3 Qxc3 Rxe2 Qc1+ Re1 Qxe1#,B06
2025-05-13,qCM3kesA,bullet,11:26,950,944,-6,loss,-1,black,966,chrisblizz,22,40,d4 d5 e4 dxe4 Nc3 Nf6 f3 exf3 Nxf3 Bg4 Be2 Bxf3 Bxf3 e6 O-O c6 Re1 Bb4 Bd2 Bxc3 Bxc3 O-O a4 Nbd7 Bb4 Re8 Qd3 Nb6 Bc5 Nbd7 Bb4 a6 c4 Nb6 c5 Nbd5 Bxd5 Qxd5 Rac1 Ng4 Re4 Qh5 h3 Nf6 Re5 Qh6 Bd2 Qh4 Be1 Qh6 Rc2 Nd5 Rf2 Nf4 Qe3 Nxh3+ gxh3 Qxe3 Rxe3 f5 Rg3 g6 Bd2 Kf7 Bf4 Rad8 Bc7 Rxd4 b3 Rd1+ Kg2 Rb1 Bd6 e5 Re2 e4 Rc3 Ke6 Bf4 h5 h4,D00
2025-05-13,uAFmdUYV,bullet,11:32,944,952,8,win,1,black,1035,Odoltrinker,83,9,c4 d5 cxd5 Qxd5 Nc3 Qd8 Nf3 Bg4 e3 Bxf3 Qxf3 Nc6 Bb5 Qd6 Bc4 Ne5 Qf4 Nd3+,A10
2025-05-13,iV32TqNM,bullet,14:43,952,951,-1,draw,0,black,939,MOATASEM_MOURAD,-12,53,d4 d5 Bf4 Nc6 e3 Nf6 Ne2 e6 f3 Bd6 h3 Bxf4 Nxf4 O-O a3 Qd6 Qd2 e5 dxe5 Qxe5 Nc3 Bf5 e4 dxe4 fxe4 Rad8 Bd3 Nxe4 Nxe4 Bxe4 O-O-O Bxd3 Nxd3 Nd4 Rhe1 Qb5 Qb4 Qxb4 Nxb4 Ne6 Rxd8 Rxd8 Nd3 h6 Ne5 Nd4 Rd1 Ne2+ Kb1 Rxd1+ Ka2 f6 Ng4 Kf7 Ne3 Rg1 Nd5 c6 Nf4 Nd4 c3 Ne6 Nxe6 Kxe6 g4 Ke5 Kb3 b6 Kc4 Rg3 b4 Rxh3 b5 c5 a4 Rh4 Kd3 Rxg4 c4 h5 Ke3 h4 Kf3 Rg3+ Kf2 g5 Kf1 g4 Kf2 Rh3 Kg2 f5 a5 f4 axb6 axb6 Kg1 Ke4 Kg2 Kd3 Kg1 Ke3 Kg2 f3+ Kg1 Ke2,D00
2025-05-14,0SUxQ5lB,bullet,08:15,951,946,-5,loss,-1,white,961,Ice70,15,25,e4 c5 Nf3 Nc6 Bb5 a6 Bxc6 bxc6 Nc3 e6 d3 Bb7 e5 h6 Ne2 f6 d4 cxd4 Qxd4 c5 Qg4 f5 Qg6+ Ke7 Bf4 Qa5+ c3 d5 Nh4 Kd7 Qf7+ Ne7 Nxf5 g5 Nxe7 Bxe7 Qh5 d4 Nxd4 cxd4 Qd1 Bc5 O-O Rad8 Bc1 Kc8 Qg4 Bb6 Qxe6+ Kb8,B30
2025-05-14,vYGt0Yny,bullet,14:18,946,940,-6,loss,-1,white,964,dalimustafa,24,25,e4 e5 Nf3 Nc6 Bb5 a6 Bxc6 dxc6 d3 Nf6 Bg5 Bc5 O-O O-O Nxe5 Re8 Bxf6 Qxf6 Nf3 Bg4 h3 Bh5 Nbd2 b5 c3 Bb6 Qb3 Rad8 d4 Bxf3 Nxf3 Rxe4 Rae1 Rde8 Rd1 g6 d5 cxd5 Qxd5 Re2 Ng5 Rxf2 Kh1 Rxf1+ Rxf1 Qxf1+ Kh2 Qf4+ Kh1 Re1#,C68
2025-05-14,O5hkMC0K,bullet,15:23,940,935,-5,loss,-1,white,941,Dombled0re,6,38,e4 e5 Nf3 f6 Nc3 d6 d3 c5 h3 b6 Nd5 Ne7 c4 Nxd5 cxd5 Nd7 Be2 Bb7 Nh4 Be7 Bh5+ g6 Bxg6+ hxg6 Nxg6 Rg8 Qh5 Qc7 Nxe5+ Kd8 Nf7+ Kc8 Qf3 Ne5 Nxe5 fxe5 Qf7 Kd7 Qe6+ Kd8 Qxg8+ Kd7 Qe6+ Kd8 O-O Bc8 Qg8+ Kd7 Qg7 Bb7 Bg5 Re8 Qh7 Qd8 Qf5+ Kc7 Bxe7 Qxe7 Qf3 Rg8 a3 Qg7 g4 Bc8 Qe3 Qh7 Kh2 Bxg4 f3 Qxh3+ Kg1 Bxf3+ Kf2 Qg2+ Ke1 Rf8,C40
2025-05-15,zlKtWoS0,bullet,17:07,935,939,4,win,1,black,823,alexalex09,-116,23,e4 e5 Nf3 Nc6 Bc4 Nf6 d3 d6 Ng5 d5 exd5 Na5 Bb5+ c6 dxc6 bxc6 Ba4 h6 Nf3 e4 dxe4 Qxd1+ Kxd1 Nxe4 Be3 Bf5 b4 Bxb4 a3 O-O-O+ Ke2 Nc3+ Nxc3 Bxc3 Rab1 Bxc2 Rbc1 Bxa4 Rxc3 Rd5 Bxa7 Re8+ Be3 Bb5+ Ke1 Nc4,C55
2025-05-16,XTf3xRVD,bullet,13:25,939,934,-5,loss,-1,white,1031,enragasza,97,28,e4 e5 Nf3 Nc6 Bb5 a6 Bxc6 dxc6 d3 Bg4 Bg5 f6 Bh4 Ne7 h3 Bh5 Nbd2 Ng6 Bg3 Nf4 Bxf4 exf4 O-O Qd6 a3 O-O-O b4 b5 Qb1 g5 Qb2 Be7 Nd4 g4 Nf5 Qd7 Nh6 Qe8 Nf5 gxh3 gxh3 Qg6+ Kh2 Bf3 Rg1 Qh5 Rg4 Bxg4 Kg1 Qxh3 Nf1 Bxf5 Nh2 Rhg8+ Kh1 Qg2#,C68
2025-05-16,HQ0XL4kK,bullet,17:41,934,939,5,win,1,black,877,Laplas,-62,26,e4 e5 d4 exd4 c3 Nc6 Nf3 dxc3 Nxc3 Bb4 Bc4 h6 O-O Bxc3 bxc3 Nf6 Bxf7+ Kxf7 e5 Ng4 h3 Ngxe5 Bf4 Nxf3+ Qxf3 Qf6 Rfe1 Rf8 g3 d6 Qh5+ Kg8 Re8 Be6 Rxa8 Rxa8 Re1 Bxa2 Qg4 Bf7 Bxh6 Qxh6 Re7 Qc1+ Kg2 Qxc3 Rxc7 Bd5+ Kh2 Qa1 h4 Qh1#,C44
2025-05-16,t8APrRtg,bullet,20:56,939,933,-6,loss,-1,black,900,Pd2212,-33,26,e4 e5 Nf3 Nc6 Nc3 a6 Bc4 Nf6 d3 Bc5 Na4 Bxf2+ Kxf2 O-O Re1 d6 Kg1 Bg4 h3 Bxf3 Qxf3 Nd4 Qg3 Nh5 Qg4 Nf4 g3 Nxc2 gxf4 Nxe1 fxe5 Re8 Bh6 g6 exd6 Qxd6 Rxe1 Qd4+ Kg2 Re5 Qf4 Re7 Nc3 b5 Bb3 Rd8 Bc2 Rd6 e5 Qxf4 exd6 cxd6 Rxe7,C46
2025-05-17,ANYY1g3l,bullet,09:31,933,937,4,win,1,white,858,Ivan_Solynskyi,-79,32,e4 c5 Nf3 Nc6 Bb5 e6 Bxc6 bxc6 O-O Nf6 d3 Ng4 h3 Nf6 Bg5 h6 Bxf6 Qxf6 e5 Qd8 Nbd2 d5 Qe2 Be7 b3 Bb7 c4 O-O Rac1 a6 a4 Qc7 Rfe1 Rfd8 Nf1 Re8 Ng3 Rf8 Nd2 Bg5 Rc2 Rfe8 Nf3 Be7 Nh5 Rf8 h4 Qd8 g3 a5 Qe3 f5 Nf4 Qd7 Nh2 Rf7 Nf3 Bd8 Qe2 d4 g4 g5 Nh3 gxh4 Nxh4,B30
2025-05-17,VFxjCaO3,bullet,10:56,937,944,7,win,1,white,1005,izfoksss,61,20,e4 e6 d4 f5 e5 d5 Nf3 Nc6 Bb5 Ne7 Nc3 Bd7 Bg5 Na5 Bxd7+ Qxd7 Bxe7 Bxe7 Ne2 c5 Qd2 cxd4 Qxa5 O-O Nexd4 g5 Qd2 h6 h3 b5 Ne2 f4 Qd3 Rac8 Qg6+ Kh8 Qxh6+ Kg8 Nxg5 Rxc2 Qh7#,C00
2025-05-17,2NlWD8sp,bullet,12:07,944,939,-5,loss,-1,black,993,PaulBx,54,18,d4 d5 e3 e6 Bd3 Nf6 Nc3 Bb4 f4 O-O Bd2 Bxc3 Bxc3 a6 Nf3 Nc6 O-O h6 h3 Nh7 Bxh7+ Kxh7 Qd3+ Kg8 Rae1 Qf6 a3 Bd7 b4 Ne7 Ne5 Ba4 Ng4 Nf5 Nxf6+,D00
2025-05-17,bCQue6em,bullet,16:18,939,945,6,win,1,black,914,sewerlort54,-31,28,d4 d5 Nc3 e6 Bf4 Bb4 e3 Nf6 Ne2 Nc6 g3 Bd7 Bg2 a6 Qd3 Bxc3+ Nxc3 O-O O-O-O Nb4 Qd2 Bb5 a3 Na2+ Nxa2 Ne4 Bxe4 dxe4 Qb4 Qd5 Bxc7 Rac8 Bd6 Bd3 Bxf8 Qxa2 c3 Qa1+ Kd2 Qa2 Qxb7 Rxf8 Ke1 Qc4 Rxd3 Qxd3 Qb3 a5 Qd1 Qc4 Qd2 Rb8 b4 axb4 axb4 Ra8,D01
2025-05-17,thSxemOR,bullet,20:43,945,939,-6,loss,-1,white,936,PJ44,-3,31,e4 e5 Nf3 Nf6 d3 Bc5 Bg5 O-O Bxf6 Qxf6 Nc3 d6 Be2 Be6 b3 Nc6 Qd2 Nd4 Nxd4 Bxd4 O-O-O c6 f3 Rad8 h3 d5 Nb1 b5 Qa5 Rd7 g4 Be3+ Nd2 dxe4 dxe4 Rfd8 Bd3 c5 Kb1 c4 Qxb5 cxd3 cxd3 Qe7 Nc4 Bxc4 Qxc4 Bd4 Kc2 g6 Rd2 Qa3 Rb1 Qxa2+ Kc1 Be3 Kd1 Bxd2 Qc2 Qxc2+ Kxc2 Be3,C42
2025-05-18,V3x8QedQ,bullet,06:42,939,945,6,win,1,white,960,Dinoysos,15,36,e4 d5 e5 d4 h3 Nc6 Nf3 h6 Bb5 Bd7 Bxc6 Bxc6 O-O f6 exf6 Nxf6 d3 e5 Nbd2 Bd6 a3 Rf8 b4 Bxf3 Qxf3 Nd7 Qh5+ Rf7 Ne4 Nf6 Nxf6+ Qxf6 f3 O-O-O Qg4+ Kb8 Qg3 Rh8 Rb1 h5 Bg5 Qf5 h4 e4 Qf2 e3 Qe1 Re8 a4 e2 Rf2 Bg3 b5 Bxf2+ Qxf2 Rfe7 Re1 Re6 Qxd4 Re5 Kf2 Qg6 c4 Rxg5 hxg5 Qxg5 Rxe2 Qh4+ Kf1 Rxe2 Kxe2 Qh2 Qd8#,B01
2025-05-18,ZgQJE2d6,bullet,10:02,945,940,-5,loss,-1,black,999,arash1212,59,40,e4 e5 Nf3 Nc6 Bc4 Nf6 Nc3 Bc5 d3 d6 Bg5 Bg4 Bxf6 Qxf6 h3 Bxf3 Qxf3 Qxf3 gxf3 O-O a3 Bd4 Nd1 a6 c3 Ba7 Ne3 Bxe3 fxe3 Na5 Ba2 c6 O-O-O b6 Rhg1 Nb7 Rg3 Nd8 Rdg1 g6 f4 Kg7 f5 Ra7 fxg6 fxg6 h4 d5 exd5 c5 h5 Rf6 hxg6 hxg6 e4 Raf7 d4 cxd4 cxd4 Rc7+ Kd1 Nf7 d6 Nxd6 dxe5 Nxe4 exf6+ Kxf6 Rxg6+ Ke5 Re1 Rd7+ Kc2 Rc7+ Kb1 Kf4 Rxb6 Nd2+ Ka1,C50
2025-05-18,z0pv39sQ,bullet,16:44,940,945,5,win,1,white,863,Fabian23011,-82,60,e4 e5 Nf3 Nc6 Bb5 Bc5 d3 Nf6 Bxc6 bxc6 Nxe5 O-O Bg5 Be7 Bxf6 Bxf6 Nf3 d5 c3 dxe4 dxe4 Qxd1+ Kxd1 Rd8+ Ke2 Bg4 h3 Bxf3+ Kxf3 Rd3+ Kg4 g6 f3 h5+ Kg3 Be5+ Kf2 f5 Ke2 fxe4 Nd2 Rd6 Nxe4 Re6 Rad1 Rae8 Rd7 R8e7 Rd8+ Re8 Rd7 R6e7 Rxe7 Rxe7 Kd3 Rd7+ Kc4 Re7 Ng5 Bf6 Ne4 Be5 Rd1 Bd6 Nxd6 cxd6 Rxd6 Re8 Rxg6+ Kf7 Rxc6 Re3 Rc5 Re2 Rxh5 Rxb2 Rg5 Rxa2 h4 Kf6 f4 Ra4+ Kd5 Rxf4 g3 Rf5+ Rxf5+ Kxf5 h5 Kg5 h6 Kxh6 Ke4 Kg5 Kf3 a5 c4 a4 c5 a3 c6 a2 c7 a1=Q c8=Q Qf6+ Kg2 Qb2+ Kh3 Qh8+ Kg2 Qb2+ Kh3 Qf2 Qg4+ Kf6 Qh4+ Kf5 g4+ Ke4 Qxf2,C64
2025-05-18,uks6bv9K,bullet,19:18,945,940,-5,loss,-1,black,1043,ashaw2,103,36,f4 d5 d4 Nc6 Nf3 a6 e3 Bg4 Be2 Bxf3 Bxf3 e6 Qe2 Nf6 Nc3 Bb4 Bd2 Bxc3 Bxc3 b5 a3 Ne7 O-O Nf5 Bg4 Nh6 Bf3 Qd7 e4 c6 e5 Nfg8 h3 Ne7 Bd2 Nef5 c3 Qe7 Qf2 Nh4 b4 N4f5 a4 O-O axb5 axb5 Rxa8 Rxa8 Bg4 Ra2 Bxf5 Nxf5 g4 Nh4 Rc1 Ng6 g5 Nf8 h4 h6 Qe1 hxg5 Ra1 Rxa1 Qxa1 Ng6 hxg5 Nh4 Qa8+ Kh7 Kf2 Nf5 Kf3,D00
2025-05-19,DM0bw2PB,bullet,15:44,940,948,8,win,1,black,1027,livio83,79,42,e4 e5 Nf3 Nc6 d4 a6 dxe5 d6 exd6 Bxd6 Bd3 Bg4 Be3 Ne5 Be2 Bxf3 Bxf3 Nf6 Bg5 Nxf3+ Qxf3 O-O Bxf6 Qxf6 Qxf6 gxf6 O-O Be5 c3 Rad8 Na3 Rd2 Nc4 Rc2 Rac1 Rxc1 Rxc1 b5 Nd2 c5 Nf3 a5 Rd1 b4 Nxe5 fxe5 cxb4 axb4 Rd5 Ra8 Rxc5 Rxa2 Rxe5 Rxb2 f3 b3 Rb5 Rb1+ Kf2 Rb2+ Ke3 Kg7 g4 Kf6 h4 Rb1 f4 Re1+ Kf3 Rb1 Ke3 b2 Kd3 Rd1+ Kc2 b1=Q+ Rxb1 Rd4 Rb2 Rxe4 Rb6+ Kg7 Kd3 Rxf4,C44
2025-05-21,eyBJyKpc,bullet,15:58,948,953,5,win,1,white,936,aooaoaooaoaoa,-17,10,e4 e5 Nf3 Nf6 d3 Bc5 Bg5 Nc6 Nc3 h6 Bxf6 Qxf6 Qe2 d6 Nd5 Be6 Nxf6+ gxf6 O-O-O,C42
2025-05-21,ptE3jm2K,bullet,17:06,953,948,-5,loss,-1,white,953,Denis_Yaitskiy,5,39,e4 e5 Nf3 Nc6 Bb5 a6 Bxc6 bxc6 Nxe5 Nf6 d3 d6 Nf3 Bd7 Bg5 Be7 Bxf6 Bxf6 c3 d5 Nbd2 d4 cxd4 c5 Nb3 cxd4 Nbxd4 Bxd4 Nxd4 Rb8 Qc2 O-O Nf3 c5 O-O Qc7 Rac1 Rb6 Qxc5 Rc6 Qh5 Rxc1 Ng5 Rxf1+ Kxf1 Qc1+ Ke2 Qxb2+ Kf3 Qf6+ Ke2 h6 Nf3 Rb8 e5 Rb2+ Ke3 Qb6+ d4 Qb5 Nd2 Rxa2 Qf3 Qb2 Qa8+ Kh7 Qe4+ Kg8 Qa8+ Kh7 Qe4+ g6 Nc4 Qc3+ Kf4 Qxc4 e6 Re2,C68
2025-05-22,ArcKSNBF,bullet,17:08,948,951,3,win,1,black,809,socjol58,-142,25,e4 e5 d4 exd4 Bc4 Nc6 f4 Bd6 Nf3 Bb4+ c3 dxc3 Nxc3 d6 O-O Bg4 Be3 Bxf3 Qxf3 Bxc3 bxc3 Nf6 Bd3 Qe7 Rab1 O-O-O Bd2 a6 Qe2 Nd7 Bxa6 Nb6 Bb5 Na5 c4 Qe6 Bxa5 Na8 Qe3 b6 Bb4 f5 Qa3 Kb7 Ba6+ Kb8 Qa4 Qxe4 Rb3 Qd4+,C21
2025-05-23,C5ZFtXvR,bullet,16:59,951,957,6,win,1,white,952,Bortyasch,-5,28,e4 e5 Nf3 d6 d4 exd4 Nxd4 c5 Nf3 Nc6 Bb5 Qb6 Bxc6+ Qxc6 Nc3 Nf6 Bg5 Bg4 Bxf6 gxf6 Qd5 Qb6 b3 Be6 Qd2 O-O-O O-O d5 Qf4 f5 Rad1 fxe4 Ne5 Bg7 Nxf7 Bxf7 Qf5+ Be6 Qg5 Bxc3 h3 Rhg8 Qe3 Bd4 Qe2 Bxh3 Qh5 Bxg2 Qf5+ Kb8 Qf4+ Ka8 Qh2 Bf3+ Qg3 Rxg3+ Kh2,C41
2025-05-23,SAZJMywc,bullet,17:11,957,951,-6,loss,-1,black,953,veeng42,2,24,d4 d5 c4 e6 cxd5 Qxd5 a3 Bd7 Nf3 Bc6 e3 Nd7 Bd3 Ngf6 O-O g6 Re1 h6 Nc3 g5 Nxd5 exd5 b4 g4 Ne5 Nxe5 dxe5 Nd7 Qxg4 Nxe5 Qf5 Bd6 Bb2 Nxd3 Qxd3 Rg8 Qf5 Bd7 Qxd5 Bh3 g3 Rg5 Qxb7 Rd8 Bf6 Bxg3 Bxg5 Bf4 Bxf4,D30
2025-05-23,GEfhaBYY,bullet,17:43,951,948,-3,loss,-1,black,1085,troticha,137,28,Nf3 Nc6 b3 f6 Bb2 e5 Nxe5 fxe5 e3 g6 Bb5 Bg7 Qf3 Qe7 O-O Qd6 Bxc6 dxc6 Nc3 Be6 Ne4 Qe7 a4 O-O-O Ba3 Qd7 Nc5 Qe8 Nxe6 Qxe6 Rad1 Nf6 Rfe1 e4 Qh3 Qxh3 gxh3 Rhe8 d4 Nd5 c4 Nf6 Rd2 Nh5 Red1 Rd7 d5 a6 Rd4 b6 dxc6 Rxd4 Rxd4 Kb8 Rd7,A04
2025-05-24,q1sv8abg,bullet,05:44,948,942,-6,loss,-1,white,966,Ilnurchesss,24,38,e4 e6 d4 d5 e5 c5 Nf3 Nc6 Bb5 Qb6 Bxc6+ bxc6 c3 cxd4 cxd4 c5 O-O cxd4 Nxd4 Bc5 Be3 Qxb2 Nd2 Bxd4 Qa4+ Bd7 Qxd4 Qxd4 Bxd4 Ne7 Nf3 O-O a4 Rab8 Bxa7 Ra8 Bc5 Rfe8 a5 Bc8 Bxe7 Rxe7 Nd4 Rea7 Nc6 Ra6 Rfc1 Bb7 Ne7+ Kf8 Rc7 R8a7 h3 Rxa5 Rxa5 Rxa5 Rxb7 Ra1+ Kh2 Ra8 Nc6 Rc8 Rb6 Ke8 Nb4 Kd7 Ra6 Rc4 Ra7+ Kc8 Na6 Ra4 h4 Rxh4+ Kg3 Ra4,C02
2025-05-24,0IwnpiSJ,bullet,06:07,942,947,5,win,1,white,903,kangaamzik,-44,42,e4 e5 Nf3 Nc6 Bb5 d6 c3 Bd7 Bxc6 Bxc6 d3 Nf6 Bg5 Be7 Bxf6 Bxf6 O-O O-O Nbd2 Bb5 Qc2 Qd7 Rfe1 Ba4 b3 Bc6 d4 exd4 cxd4 Rfe8 Rad1 Bb5 a4 Ba6 d5 b5 Qc6 Qxc6 dxc6 bxa4 bxa4 Bd3 Nb3 Bc4 Na5 Be6 Nb7 a6 h3 Bc3 Re3 Bb4 Rb1 Bc5 Rc3 Ba2 Re1 Be6 Nxc5 dxc5 Rxc5 Rab8 a5 Rb5 Rxb5 axb5 a6 Ra8 Ra1 Bc8 a7 Be6 Nd4 Bc4 Kh2 Kf8 Kg3 Ke8 Kf4 Kd8 Ke5 Ke7 Nf5+,C62
2025-05-24,LAd3k5L4,bullet,08:28,947,952,5,win,1,black,894,bennythechesSmasteR,-58,18,e4 e5 Nf3 Nc6 Bc4 Nf6 Ng5 d5 exd5 Na5 Bb5+ c6 dxc6 bxc6 Ba4 h6 Qf3 e4 Nxe4 Qe7 O-O Bg4 Qe3 Nxe4 Re1 f5 Qe2 Bxe2 f3 Qc5+ Kh1 Nf2+ Kg1 Nd3+ Kh1 Nxe1,C58
2025-05-24,i7va4kkj,bullet,17:12,952,947,-5,loss,-1,white,975,PradeepBharade,28,33,e4 e5 Nf3 Nc6 Bb5 Bc5 Nc3 d6 d3 Bd7 Bxc6 Bxc6 O-O Ne7 a3 O-O Ng5 Ng6 Qh5 h6 Nxf7 Rxf7 Qxg6 Rf6 Qg3 Qe7 Bxh6 Rxh6 Rae1 Rf8 Re2 Bd7 h3 Bxh3 gxh3 Rff6 Kh2 Rf4 Rg1 Rfh4 Re3 Bxe3 Qxe3 Rxh3+ Qxh3 Rxh3+ Kxh3 Qe6+ Rg4 Qh6+ Kg3 Qd2 Kh4 Qxc2 Kg5 Qxb2 Nd5 Qxf2 Kg6 Qf7+ Kg5 c6 Ne3 Qf6+ Kh5 Qh6#,C64
2025-05-25,MEYnuyHi,bullet,09:36,947,952,5,win,1,white,889,chamomile_37,-63,30,e4 e5 Nf3 Nc6 Bb5 Nd4 Nxd4 exd4 a3 c6 Bc4 b5 Ba2 Nf6 d3 Be7 Bg5 O-O Bxf6 Bxf6 Nd2 Qe7 h3 d6 Nf3 c5 Bd5 Rb8 O-O b4 axb4 Rxb4 b3 Bg5 Ra4 Rb8 Qa1 Bd7 Rxa7 Bd2 Bc6 Bxc6 Rxe7 Bc3 Qa7 g6 Qc7 Ba4 Qxd6 Bxb3 cxb3 Rxb3 Ng5 Ra8 Qf6 Ra1 Qxf7+ Kh8 Qxh7#,C61
2025-05-26,0YPRNmG9,bullet,13:40,952,954,2,draw,0,black,1083,inani47,129,3,e4 e5 Nf3 Nc6 Bc4 Nf6,C55
2025-05-26,TwbBk5dv,bullet,13:46,954,950,-4,loss,-1,black,1093,HappyChappy414,143,34,e4 e5 Nf3 Nc6 Bc4 Nf6 Nc3 Bc5 d3 d6 Be3 Bxe3 fxe3 Bg4 d4 Qe7 d5 Na5 Bb5+ c6 Ba4 O-O dxc6 bxc6 h3 Bxf3 Qxf3 Rac8 O-O-O Nc4 b3 Na3 Kb2 Nb5 Bxb5 cxb5 Nxb5 Rc6 Nxa7 Qxa7 c4 Ra8 Kc1 Qxa2 Qe2 Qxb3 Kd2 Ra2+ Ke1 Rxe2+ Kxe2 Qxc4+ Ke1 Nxe4 Rf1 Qc3+ Ke2 Qb2+ Kf3 Ng5+ Kg3 Qe2 Ra1 h6 Ra8+ Kh7 Kh2 Qxf1 Ra2,C50
2025-05-26,Q38OnZcr,bullet,18:43,950,945,-5,loss,-1,white,974,golem_and,29,26,e4 e6 Nf3 c5 d4 cxd4 Qxd4 Nc6 Qd1 Bc5 Bb5 Nge7 Nc3 O-O Bxc6 Nxc6 O-O e5 Bg5 f6 Bh4 Qe7 Nd5 Qd8 b4 Nxb4 Nxb4 Bxb4 Nxe5 Qe8 Qd4 Be7 Ng4 d6 Rfe1 Bxg4 e5 dxe5 Qxg4 Rd8 h3 f5 Qc4+ Kh8 Bxe7 Qxe7 Qb5 e4 f3 e3 Rad1 f4,B40
2025-05-26,RH1zSJRO,bullet,18:50,945,939,-6,loss,-1,black,924,Meow_San,-15,32,d4 d5 Nf3 Bg4 g3 Bxf3 exf3 Nf6 f4 e6 Nd2 Nc6 Nf3 Ne4 Bd3 Nd6 O-O g6 Re1 Be7 Bb5 a6 Bd3 Qd7 Re2 O-O-O Qd2 Nf5 Bxf5 gxf5 Ne5 Nxe5 dxe5 Bc5 Qc3 Qc6 Be3 Bxe3 Rxe3 Qb6 Qb3 Qa7 Rc3 d4 Rd3 Rd5 c4 dxc3 Rxd5 exd5 Qxc3 d4 Qd3 Rd8 Rc1 Rd7 b4 b5 a3 Qb6 Rc5 h5 Kg2 Kb7 Qf3+,D02
2025-05-27,0XwLmW3K,bullet,07:27,939,943,4,win,1,black,861,mortypilgrim,-82,21,Nf3 Nc6 Nc3 Nf6 e4 e5 Nb5 a6 Na3 Bxa3 bxa3 b5 d4 Bb7 c4 Qe7 cxb5 axb5 dxe5 Nxe5 Bxb5 Nxf3+ gxf3 c6 Ba4 Ba6 Bf4 O-O e5 Nd5 Qc1 Nxf4 Qxf4 Qxa3 e6 Qc3+ Kd1 dxe6 Rc1 Qd3+ Ke1 Qe2#,C47
2025-05-27,cjcpbOAB,bullet,13:56,943,944,1,draw,0,white,951,Keaum,7,26,e4 c5 Nf3 Nc6 Bb5 a6 Bxc6 bxc6 c3 d6 d4 cxd4 cxd4 g6 O-O Bg7 Be3 h5 Ng5 f6 Nf3 g5 Nc3 g4 Ne1 h4 d5 c5 Qd2 g3 h3 gxf2+ Rxf2 Bh6 Bxh6 Nxh6 Ne2 Kf7 Nf4 Qg8 Ne6 Bxe6 dxe6+ Kxe6 Qd5+ Kd7 Qb7+ Ke6 Qd5+ Kd7 Qb7+ Ke6 Qd5+,B30
2025-05-27,EYNZt7pP,bullet,15:29,944,938,-6,loss,-1,black,961,myyasar,23,36,e3 e5 c3 d5 Bb5+ c6 Bd3 Nf6 Qf3 Be6 Nh3 Qd7 Ng5 h6 Nxe6 Qxe6 O-O g6 Na3 Bxa3 bxa3 Nbd7 a4 e4 Qh3 Qxh3 gxh3 exd3 Ba3 Ne4 Rad1 Ne5 f4 Nd7 f5 O-O-O fxg6 fxg6 Rf7 Ndf6 Rxf6 Nxf6 Be7 Rd7 Bxf6 Rf8 Bd4 g5 Rb1 Rf3 Kg2 Rdf7 a5 a6 c4 dxc4 Rb4 b5 Rb1 h5 a4 g4 h4 Rf2+ Kg3 Rxd2 axb5 axb5 a6 Ra7 Bxa7,A00
2025-05-27,Whq4YYHM,bullet,15:35,938,934,-4,loss,-1,white,1015,Ahmet1050,81,18,e4 e5 Nf3 d5 h3 dxe4 Nxe5 Nf6 Bc4 Bc5 Nxf7 Qd4 Qe2 Rf8 c3 Qd7 Ne5 Qd6 Bf7+ Rxf7 Nxf7 Kxf7 Qc4+ Nd5 O-O Be6 d4 Ne3 dxc5 Qc6 Qe2 Nxf1 Kxf1 b5 Bg5 Bc4,C40
2025-05-27,a4s5TNf1,bullet,16:04,934,938,4,win,1,black,809,Two_F,-129,31,e4 e5 Nf3 Nc6 Bc4 Nf6 d3 h6 O-O Bc5 h3 d6 Re1 a6 a3 Bd7 b4 Ba7 b5 Nd4 Nxd4 Bxd4 Ra2 axb5 Bd5 Nxd5 exd5 c5 dxc6 bxc6 Bb2 Qb6 Re4 Bxf2+ Kh2 Bh4 Rxh4 Qf2 Re4 f5 Re2 Qf4+ g3 Qg5 Rg2 O-O Bc1 Qf6 Nc3 Qe6 Ne2 f4 gxf4 Qxh3+ Kg1 exf4 Nxf4 Qf5 Qf1 Qc5+ Kh1 Rf6,C55
2025-05-28,D5lM4yQ8,bullet,07:37,938,932,-6,loss,-1,black,942,pranavgarv,10,30,e4 e5 Nc3 Nf6 f4 Nc6 Bb5 Bb4 d3 O-O Ne2 Nd4 fxe5 Nxe2 Qxe2 Ne8 a3 Bxc3+ bxc3 c6 Bc4 b5 Ba2 a5 c4 a4 cxb5 cxb5 Bd5 Ra6 d4 Nc7 O-O Rb6 c4 Nxd5 exd5 Ba6 c5 Rg6 Qf3 Qh4 g3 Qxd4+ Be3 Qc3 Rfc1 Qxe5 Re1 Qc7 d6 Qc8 Rac1 h6 c6 dxc6 Rxc6 Qd7 Rxa6 Rf6 Bf4,C29
2025-05-28,IpxCCn07,bullet,08:09,932,925,-7,loss,-1,white,860,Niranjannn,-65,24,e4 e5 Nf3 Nc6 Bb5 a6 Bxc6 dxc6 Nc3 Nf6 d3 Bd6 Bg5 Be7 Nxe5 Nxe4 Bxe7 Qxe7 d4 Qf6 O-O c5 Nxe4 Qf5 Nxc5 O-O Qf3 Qxc2 Ne4 Qxb2 Ng5 Be6 Nxe6 fxe6 Qxb7 Qxb7 Rab1 Qd5 a4 Qxd4 Nf3 Qxa4 Rb7 Rab8 Rxc7 Qa5 h3 Qxc7,C68
2025-05-28,45Gx1Uzm,bullet,10:07,925,932,7,win,1,white,1006,krakenmaster,74,26,e4 d6 d4 g6 Nc3 Bg7 Nf3 Nf6 Bg5 O-O Bxf6 Bxf6 Nd5 Bg7 Bc4 c6 Nc3 d5 exd5 cxd5 Bxd5 Nc6 Bxc6 bxc6 O-O Qb6 b3 Bg4 Qd3 Bxf3 Qxf3 Bxd4 Ne4 Bxa1 Rxa1 Rad8 c4 Qd4 Re1 e5 Nf6+ Kg7 Qxc6 Qd1 Rf1 Qe2 Nd5 Rc8 Qf6+ Kg8 Ne7#,B08
2025-05-28,o5PycXIT,bullet,11:59,932,928,-4,loss,-1,black,1007,joekeitha,79,8,e4 e5 Nc3 Bb4 f4 Qh4+ g3 Qf6 Nf3 exf4 d3 fxg3 Bg5 Qf4 Bxf4,C25
2025-05-28,sJpsELdG,bullet,13:30,928,933,5,win,1,white,880,CptKrause,-53,22,e4 d6 d4 Nf6 Nc3 Nbd7 Bg5 h6 Bxf6 Nxf6 Nf3 c6 Bc4 Qc7 d5 e5 Be2 Be7 O-O a6 h3 b5 Qd3 Bb7 a3 O-O b4 cxd5 exd5 Rfe8 Qd2 e4 Nh4 Nh7 Nf5 Bf6 Nxe4 Bxa1 Nexd6 Rf8 Qf4 Bf6 Nxh6+,B00
2025-05-28,NRS598dB,bullet,14:51,933,937,4,win,1,black,858,Dmtrch,-79,21,e4 e5 Nf3 Nc6 Nc3 Nf6 Bc4 Bb4 Bxf7+ Kxf7 Ng5+ Ke7 a3 Bxc3 dxc3 h6 Nf3 d6 c4 Bg4 h3 Bxf3 Qxf3 Nd4 Qe3 Nxc2+ Kf1 Nxe3+ fxe3 Nxe4 b4 Qf8+ Ke2 Qf2+ Kd3 Qf5 g4 Nc5+ Kc3 Qd3+ Kb2 Qb3#,C47
2025-05-28,mxRozJFm,bullet,16:50,937,933,-4,loss,-1,black,983,Mo1sey7,50,24,d4 d5 c4 dxc4 e4 Nc6 d5 Ne5 Nf3 Nxf3+ Qxf3 e6 Bxc4 e5 O-O Nf6 Rd1 Bd6 Nc3 Bg4 Qg3 Bxd1 Qxg7 Rg8 Qxh7 Bh5 Qh6 Bf3 g3 Ng4 Qh7 Rg6 Nb5 Bc5 Be3 Bxe3 fxe3 Nxe3 Re1 Qg5 d6 O-O-O Qxf7 Rd7 Qxf3 Nxc4 Nxa7+ Kb8 Qf8+,D20
2025-05-29,haNRhQ8h,bullet,06:30,933,926,-7,loss,-1,white,883,Caveman2000bc,-43,10,e4 e5 Nf3 Bc5 Bc4 Bxf2+ Kxf2 Nf6 d3 O-O Bg5 c6 Re1 Qb6+ Be3 Ng4+ Ke2 Qxe3+ Kf1 Qf2#,C40
2025-05-29,n8rE7Bd3,bullet,06:32,926,931,5,win,1,white,878,blvckflvmez,-53,42,e4 c6 d4 d5 e5 e6 Nf3 Ne7 Bd3 Ng6 Bxg6 hxg6 h3 b6 a3 c5 c3 Be7 Nbd2 Nc6 Nb3 Bb7 Be3 c4 Nbd2 b5 Nf1 a5 Ng3 b4 axb4 axb4 Rxa8 Qxa8 O-O bxc3 bxc3 O-O Qd2 Ba6 Ra1 Qb7 Kh2 Ra8 Qd1 Bb5 Rb1 Na5 Qc2 Nb3 h4 Ra1 Rxa1 Nxa1 Qa2 Nb3 Bg5 Bxg5 hxg5 Qb6 Qa8+ Kh7 Nh4 Qc7 Qa2 Qe7 Qe2 Qxg5 f3 Qxh4+ Kg1 Qg5 Kf2 Qe7 Nh1 Na5 Kg1 Nc6 Qf2 Nd8 Qh4+ Kg8 Qxe7,B12
2025-05-29,X4OTA4sf,bullet,06:40,931,939,8,win,1,black,1015,Scotty007,76,9,e4 e5 Nf3 Nc6 Bc4 Nf6 d3 Bc5 c3 d6 O-O O-O Nbd2 Bg4 Qb3 Na5 Qa4 Nxc4,C54
2025-05-29,YQaFC8SK,bullet,06:51,939,933,-6,loss,-1,black,940,YVR1,7,24,e4 e5 d3 Bc5 Nf3 Nc6 Nbd2 d6 g3 Bg4 Bg2 Nf6 h3 Bxf3 Nxf3 b5 O-O Nh5 Re1 Nxg3 Kh2 Bxf2 Bg5 f6 Bh4 Nxe4 dxe4 Bxe1 Qxe1 Qe7 Rd1 O-O Qg3 Rf7 Bf1 a6 Be2 Rb8 Nd2 Nd4 Bh5 Ne2 Bxe2 c5 Rf1 Qe6 Bg4 Qxa2 Be6,C20
2025-05-29,WgVtLPhR,bullet,07:04,933,928,-5,loss,-1,white,983,JanZawada,55,33,e4 c5 Nf3 d6 d4 cxd4 Nxd4 Nc6 Bb5 Bd7 Bxc6 Bxc6 Nc3 a6 O-O g6 a3 Bg7 Nxc6 bxc6 Ne2 e6 Bf4 d5 e5 Ne7 Nd4 O-O b4 f6 Re1 fxe5 Bxe5 Bxe5 Rxe5 Qd6 Qe2 Rf5 Nxf5 Nxf5 Rxe6 Qd7 Re1 Rf8 h3 Nd4 Qe3 Nxe6 Qxe6+ Qxe6 Rxe6 Rc8 Re7 c5 c3 cxb4 axb4 Rxc3 Ra7 Rb3 Rxa6 Rxb4 Ra5 Rb1+ Kh2 Rd1,B50
2025-05-29,ynzpgzlc,bullet,07:45,928,923,-5,loss,-1,white,997,buskyboy,74,53,e4 e5 Nf3 Nf6 Nc3 d5 d3 dxe4 dxe4 Qxd1+ Kxd1 Bg4 Be2 Bxf3 Bxf3 Nc6 Be3 O-O-O+ Nd5 b6 Re1 Nb4 c3 Nbxd5 exd5 Nxd5 Bxd5 Rxd5+ Kc2 Be7 Rad1 Rhd8 g3 c6 c4 R5d7 a3 a5 Bxb6 Rxd1 Rxd1 Rxd1 Kxd1 f5 Bxa5 Bc5 f4 e4 Bd2 Kb7 b4 Bd4 c5 Ka6 Kc2 Kb5 Kb3 h5 a4+ Ka6 Kc4 Bg1 h3 g6 b5+ cxb5+ axb5+ Kb7 Ba5 e3 c6+ Kc8 Kd5 e2 b6 Bxb6 Be1 Kc7 Ke6 Be3 Kf6 Kxc6 Kxg6 Kd5 Kxf5 Kd4 Kg5 Kd3 Kxh5 Bd2 Bf2 Be3 Be1 Ke4 h4 Kf3 Kg5 Bf2 f5 Bxe1 f6 Bb4 f7 e1=Q h5 Qe5+,C42
2025-05-29,vX0Wpf5V,bullet,08:03,923,931,8,win,1,black,1059,Olega761018,128,30,d4 d5 Nc3 e6 e4 Bb4 exd5 Qxd5 Bd2 Bxc3 Bxc3 Nf6 Nf3 Nc6 Bd3 O-O O-O Bd7 Bd2 Qh5 Bb5 Nxd4 Nxd4 Qxd1 Raxd1 c6 Bd3 b5 c4 a6 b4 e5 Nf3 e4 Ne5 exd3 Nxd3 bxc4 Nc5 Bf5 Bg5 Nd5 f3 Nxb4 a3 Nd5 g4 Bg6 Nd7 Rfe8 Rfe1 Rxe1+ Rxe1 h6 Bd2 c3 Bc1 c2 Ne5 Re8,C15
2025-05-29,OyPC352a,bullet,08:44,931,937,6,win,1,black,900,lakshminarayanan06,-37,15,e4 e5 Nf3 Nc6 Nc3 Nf6 Bb5 Bc5 Bxc6 dxc6 Nxe5 Qd4 Nd3 Nxe4 Nxe4 Qxe4+ Qe2 Qxe2+ Kxe2 Bd6 Re1 O-O g3 Bh3 Rg1 Rae8+ Kd1 Bg4+ f3 Bxf3#,C48
2025-05-29,Vhqk9Jly,bullet,09:52,937,943,6,win,1,white,967,heckfy5,24,24,e4 e5 Nf3 Nc6 Bb5 Bc5 h3 Nf6 d3 d6 Bg5 h6 Bxf6 Qxf6 Nc3 a6 Nd5 Qe7 Bxc6+ Bd7 Bxd7+ Kxd7 Nxe7 Kxe7 d4 Bb4+ c3 Ba5 d5 g5 O-O Bb6 Nd2 Rhf8 Qh5 f5 Qxh6 Rh8 Qxg5+ Kd7 Qxf5+ Kd8 Qf6+ Kd7 Qg7+ Ke8 Qxh8+,C64
2025-05-29,LDuxNoi7,bullet,17:55,943,949,6,win,1,black,950,tsurikovalex,1,26,g4 e5 Bg2 d5 c4 d4 Qb3 c6 h3 Bc5 d3 Nf6 g5 Nh5 Bf3 Nf4 Bxf4 exf4 Bg4 Bxg4 hxg4 Qxg5 f3 Na6 Qxb7 O-O Qxa6 Bb4+ Nd2 Bxd2+ Kxd2 Rfb8 Rh5 Rxb2+ Kc1 Rb6 Qc8+ Rxc8 Rxg5 Rcb8 c5 Rb2 Nh3 Rxe2 Nxf4 Re1+ Kd2 Rxa1 Ne2 Rxa2+ Kd1 Rb1+,A00
2025-05-29,UOHswNVx,bullet,18:15,949,955,6,win,1,white,981,Kakume,26,19,e4 e5 Nf3 Nc6 Bb5 a6 Bxc6 dxc6 d3 Nf6 Bg5 Be7 Nxe5 O-O Bxf6 Bxf6 Nf3 Bg4 c3 c5 h3 Bh5 Qe2 Re8 Nbd2 b5 O-O Ra7 Qe3 c6 Qxc5 Qxd3 Qxa7 Bxf3 Nxf3 Qxe4 Rae1 Qxe1,C68
2025-05-29,zxEf35BH,bullet,20:29,955,960,5,win,1,black,898,K44_02,-62,22,d4 d5 e3 e6 Nc3 Bb4 Bd2 Bxc3 Bxc3 Nf6 Qd2 Ne4 Qe2 a6 Ba5 O-O O-O-O Qd6 Nf3 Nc6 Bxc7 Qxc7 Ne5 Nb4 c3 Nxa2+ Kb1 Naxc3+ bxc3 Nxc3+ Kb2 Nxe2 Bxe2 Qb6+ Kc2 Qa5 Kd3 Qa3+ Kc2 Qa2+ Kd3 f6 Rd2 Qb3#,D00
2025-05-29,f2Rk9zfj,bullet,20:58,960,955,-5,loss,-1,white,984,Simo15,29,46,e4 d6 d4 Nf6 Nc3 e5 Bg5 Nbd7 d5 Be7 Bxf6 Nxf6 h3 O-O Nf3 c6 Bc4 cxd5 Bxd5 Nxd5 Nxd5 Qa5+ c3 Bf6 Nxf6+ gxf6 O-O f5 Ng5 f6 Nxh7 Kxh7 Qh5+ Kg7 exf5 Kg8 Qg6+ Kh8 h4 e4 h5 Qxf5 Qxf5 Bxf5 Rae1 Kg7 g4 Bd7 Rxe4 Bc6 Re7+ Kh6 f4 Rae8 Rc7 f5 g5+ Kxh5 Rh7+ Kg6 Rh6+ Kg7 Kh2 Rh8 Rxh8 Rxh8+ Kg3 b5 Re1 Kf7 b3 a5 c4 bxc4 bxc4 a4 a3 d5 cxd5 Bxd5 Re5 Bb3 Rxf5+ Kg6 Kg4 Bc2 Rf6+ Kg7 Rc6 Be4 Rc7+ Kg6,B00
2025-05-30,WqjU01sm,bullet,07:26,955,949,-6,loss,-1,black,932,Joist,-17,34,e4 e5 Bc4 Nf6 d3 Bc5 Nc3 Nc6 Bg5 a6 a3 h6 Bh4 Nd4 Nd5 d6 Nf3 c6 c3 Nxf3+ Qxf3 cxd5 Bxd5 Be6 Bxf6 Qxf6 Qxf6 gxf6 Bxb7 Rb8 Bc6+ Ke7 Ba4 Rxb2 O-O Bd7 Bxd7 Kxd7 d4 exd4 cxd4 Bxd4 Rad1 Be5 f4 Bc3 e5 fxe5 fxe5 Bxe5 Rxf7+ Ke6 Rf2 Rb3 Re2 Rf8 h3 Rf4 Rf2 Rd4 Rff1 Ra4 Rb1 Rbxa3 Kh1 Rh4 Rfe1,C26
2025-05-30,5RLqHfFi,bullet,14:16,949,944,-5,loss,-1,white,998,aladine,54,18,e4 c5 Nf3 d6 d4 Nf6 dxc5 Nc6 Bb5 Bd7 Bxc6 Bxc6 e5 Bxf3 Qxf3 dxe5 Qxb7 Rb8 Qxa7 g6 b3 Bg7 Bg5 O-O Bxf6 Bxf6 Nc3 e4 Nd5 Bxa1 Nxe7+ Kh8 c6 Bc3+ Ke2 Qd2+,B50
2025-05-30,UtXMD8IE,bullet,19:43,944,937,-7,loss,-1,black,905,sada246000,-32,28,d4 d5 Nf3 e6 g3 Nc6 Bg2 a6 O-O Nf6 Ng5 h6 Nf3 Bd6 Nc3 O-O a3 Ne7 e3 Ng6 b4 Re8 Ne5 Bxe5 dxe5 Nxe5 Bb2 Neg4 Ne2 e5 Bh3 Bf5 Nc3 Qd7 Bg2 e4 f4 Nxe3 Qd4 Nxf1 Bxf1 e3 Nxd5 Qxd5 Qc5 e2 Bxf6 e1=Q Rxe1 Rxe1 Qxd5 Rae8 Bd4 Bxc2 Bc3 Kh7 Bxe1,D02
2025-05-30,AwMHyiyY,bullet,20:00,937,942,5,win,1,white,829,not_chiter,-113,26,e4 d6 d4 Nf6 Nc3 g6 Bg5 Bg7 Bxf6 Bxf6 Nf3 O-O Bd3 e5 d5 Bg4 O-O c6 Be2 cxd5 Qxd5 Qb6 b3 Bh4 Nb5 Nc6 Nxd6 Nd4 Bc4 Nxf3+ gxf3 Rad8 fxg4 Rxd6 Qb5 Qxb5 Bxb5 Rd2 f3 Rxc2 Rac1 Rxa2 Rc7 Rb8 Bc4 Rb2 Bxf7+ Kg7 Bc4+ Kh6 Bf7,B07
2025-05-30,qmTrjomf,bullet,20:11,942,938,-4,loss,-1,white,1067,cephalopod962,129,32,e4 e5 Nf3 Nf6 Nc3 Nc6 Bb5 d5 Nxe5 Bd7 Nxd7 Qxd7 e5 Ne4 O-O O-O-O Bxc6 Qxc6 Nxe4 dxe4 c3 Qc5 Qg4+ Kb8 Qxe4 Be7 d4 Qb6 b4 f6 Bf4 fxe5 Bxe5 h6 Bxg7 Rhg8 Bxh6 Qxh6 Qxe7 Qg6 g3 Qc2 Qe3 Rge8 Qc1 Qd3 Rd1 Qf5 Rd2 Rf8 Qf1 Qf3 Qg2 Qf5 c4 Qg5 Rc2 Qf5 d5 Qxc2 d6 cxd6 Re1 Qxa2,C48
2025-05-30,U9FAhBCX,bullet,20:21,938,932,-6,loss,-1,black,905,gabriela_j_k1211,-27,38,e4 e5 Nc3 Bb4 f4 Nc6 Nf3 d6 fxe5 Nxe5 Bb5+ c6 Ba4 Bg4 O-O Nf6 d4 Bxc3 bxc3 Nxf3+ gxf3 Be6 f4 O-O e5 Ne4 Qh5 Nxc3 Bb3 Bxb3 axb3 Ne4 Bb2 d5 f5 Qg5+ Qxg5 Nxg5 Kh1 Rae8 f6 a6 Rg1 h6 Bc1 g6 Bxg5 hxg5 Rxg5 Kh7 Rag1 Rg8 R1g3 Rh8 Rh3+ Kg8 Rxh8+ Kxh8 Rg3 Kg8 Rh3 b5 Kg2 a5 Kf2 a4 b4 a3 Rxa3 Rb8 Ke3 Kh7 Kf4 Kh6 Rh3#,C25
2025-05-31,95tFmDC1,bullet,07:08,932,927,-5,loss,-1,black,966,KptFoxyGaming,39,14,e4 e5 Nf3 Nc6 Bc4 Nf6 d4 exd4 O-O Bc5 e5 Ng4 Bf4 O-O h3 Ngxe5 Nxe5 d6 Nxc6 bxc6 Nd2 d5 Bd3 Bd6 Bxd6 Qxd6 Qh5 Bd7 Qxh7#,C56
2025-05-31,qugVWBcs,bullet,09:08,927,933,6,win,1,white,956,Sammiron,23,22,e4 e5 Nf3 Nc6 Bb5 Bc5 d3 Nf6 O-O d6 h3 Bd7 Bxc6 Bxc6 Bg5 O-O Nc3 h6 Bxf6 Qxf6 Qe2 b5 Nd1 a5 c3 a4 a3 Bb7 d4 exd4 cxd4 Bxd4 Nxd4 Qxd4 Rc1 Bxe4 Rxc7 Qd5 Nc3 Qd3 Qxe4 Rae8 Qxd3,C64
2025-05-31,f1hJN4ht,bullet,12:50,933,939,6,win,1,black,951,klosarcina,12,22,e4 e5 Nf3 Nc6 Bb5 a6 Bxc6 dxc6 Nc3 f6 d4 Bb4 a3 Bxc3+ bxc3 Bg4 h3 Bxf3 Qxf3 exd4 O-O c5 c4 c6 Rb1 Qc7 Bf4 Qd7 Rfe1 Ne7 e5 O-O exf6 Rxf6 g3 Raf8 Re4 Qxh3 Rxb7 Ng6 Qb3 Nxf4 Rb8 Qg2#,C68
2025-05-31,v7GwxITn,bullet,15:14,939,943,4,win,1,white,870,i_am_void_void,-73,26,e4 e6 d4 b6 Nf3 Bb7 Bd3 c5 Be3 d5 e5 Ne7 Bb5+ Bc6 Bd3 Nf5 Bxf5 exf5 O-O Be7 c3 O-O Re1 Bh4 Bf4 Bb7 Re3 Be7 Nbd2 c4 Nf1 b5 Ng3 Bc8 Qc2 a6 Nxf5 Bxf5 Qxf5 Qd7 Qh5 f5 Bh6 gxh6 Qxh6 Bd8 e6 Qg7 Qxg7+ Kxg7 e7,C00
2025-06-01,bzUjwYdI,bullet,07:18,943,947,4,win,1,black,813,poyrazmesut,-134,24,c4 e5 Nc3 Bb4 Qb3 Bxc3 Qxc3 d6 c5 Nf6 e3 Nd5 Bb5+ Bd7 Bc4 Nxc3 Bd5 c6 dxc3 cxd5 Nf3 Nc6 O-O dxc5 b4 cxb4 cxb4 Nxb4 a3 Nd3 Bb2 Bb5 e4 Nxb2 Nxe5 Bxf1 Rxf1 O-O Ng4 dxe4 f3 Qd4+ Nf2 e3 Rd1 Nxd1 Nxd1 Qxd1#,A21
2025-06-01,xEV64m7a,bullet,16:50,947,953,6,win,1,black,947,nicolac,-6,23,e4 e5 Nf3 Nc6 Bc4 Nf6 Ng5 d5 exd5 Na5 Bb5+ c6 dxc6 bxc6 Ba4 h6 Nxf7 Kxf7 Qf3 Qd6 O-O Be7 Bb3+ Nxb3 Qxb3+ Qd5 Qe3 Re8 Nc3 Qd6 d3 Kg8 Qg3 Ng4 Ne4 Qd4 h3 Nf6 Bxh6 Nh5 Qg4 Bxg4 hxg4 Nf4 Bxf4 exf4,C58
2025-06-01,v60nKiKs,bullet,17:43,953,959,6,win,1,white,1023,Parodyy,64,22,e4 d5 e5 d4 Nf3 c6 c3 dxc3 bxc3 h6 d4 e6 Be3 Be7 Bc4 b5 Bb3 a5 O-O a4 Bc2 Na6 a3 Nc7 Re1 Nd5 Qd3 Nxe3 Qxe3 Qc7 Qe4 Bd8 h3 Ne7 Nbd2 Ng6 Nf1 O-O Ng3 Bb7 Qd3 Nf4 Qh7#,B01
2025-06-01,74t8mZcy,bullet,17:57,959,965,6,win,1,white,996,MaggCJJ,31,34,e4 e5 Nf3 d6 h3 Be6 Nc3 Nf6 d3 Be7 Bg5 O-O Bxf6 Bxf6 Ne2 c6 Ng3 d5 b3 dxe4 dxe4 Nd7 Bd3 Nc5 O-O Nxd3 Qxd3 Qxd3 cxd3 b5 Rac1 Rac8 Rc5 a5 Nxe5 Bxe5 Rxe5 a4 Rb1 axb3 axb3 c5 b4 cxb4 Rxb4 Rfe8 Rexb5 f6 d4 Bd7 Rb6 Bc6 f3 h6 d5 Ba8 Nf5 Rc1+ Kh2 Kh7 Nd6 Rec8 Nxc8 Rxc8 Rb8 Rxb8 Rxb8 Bxd5 exd5,C41
2025-06-02,Pe4iBrvk,bullet,07:36,965,972,7,win,1,black,1032,Pioner1977,60,32,e4 e5 c3 a6 Bc4 Nc6 d3 Nf6 f3 Bc5 Ne2 O-O Bb3 h6 Bc2 d6 b3 Be6 b4 Ba7 a4 Nh5 a5 Qh4+ g3 Qf6 Bb2 Qxf3 Rf1 Qg2 Qd2 Nxg3 hxg3 Bg4 Ng1 Qxg3+ Qf2 Bxf2+ Rxf2 Qxg1+ Rf1 Qg3+ Rf2 Qe3+ Kf1 Bh3+ Kg1 Qe1+ Kh2 Qxf2+ Kxh3 Ne7 Nd2 Ng6 Rf1 Qh4+ Kg2 Nf4+ Kf3 Qh3+ Kf2 Qg2+ Ke1 Qe2#,C20
2025-06-02,9PhJHNzE,bullet,15:27,972,968,-4,loss,-1,white,1059,joko1111111,91,28,e4 c5 Nf3 Nc6 Bb5 Nf6 d3 e6 Bg5 Be7 Bxc6 dxc6 Ne5 h6 Bxf6 Bxf6 Nc4 b5 Ne3 Bxb2 Qh5 Bxa1 Qxc5 Bf6 c4 Bd7 cxb5 cxb5 Nc3 Rc8 Qxa7 Rxc3 O-O O-O Rb1 Rxd3 h3 Bd4 Qb7 Bxe3 fxe3 Rxe3 Rb4 e5 Kf2 Rc3 Qd5 Rc2+ Kg1 Qb6+ Kh2 Bxh3 Kxh3 Qe3+ Kh2 Qf4+,B30
2025-06-02,z8pHMq9k,bullet,18:37,968,963,-5,loss,-1,white,983,Jhony6342,20,13,e4 e5 Nf3 Bc5 Bc4 Nf6 d3 Ng4 O-O Qf6 Be3 Bxe3 Qe2 Bc5 Nbd2 d6 h3 Nh6 Rfe1 Qg6 Nh4 Qg5 Ndf3 Qf6 Ng5 Qxg5,C40
2025-06-03,hmh43YNI,bullet,20:50,963,955,-8,loss,-1,black,852,ivcizv,-103,28,d4 d5 c3 e6 e3 Nf6 f4 Bd6 g4 Nc6 g5 Ne4 Nf3 a6 h4 g6 b4 Ne7 Ne5 Nf5 Qa4+ c6 Nd3 Nfg3 Rh3 e5 fxe5 Bxh3 Bxh3 O-O Na3 Be7 Bb2 b5 Qc2 Nxg5 Nf4 Nf3+ Kf2 Nxd4 exd4 Bxh4 Kf3 Nf5 Bxf5 gxf5 Qxf5 Qg5 Qxg5+ Bxg5 Rg1 h6 Bc1 Kh7 Nc2 Rg8 Be3,D00
2025-06-04,1lxlxTYa,bullet,08:43,955,962,7,win,1,black,1016,Shamil1981,54,16,e4 e5 Bc4 Nf6 Nf3 d6 c3 Be7 Ng5 O-O Nxf7 Rxf7 Bxf7+ Kxf7 Qb3+ Be6 c4 b6 Nc3 Nc6 Nd5 Nd4 Qg3 Nc2+ Kd1 Ng4 Qf3+ Kg8 Rb1 Nd4 Qh3 Nxf2+,C42
2025-06-04,pMS1FXVU,bullet,10:26,962,956,-6,loss,-1,white,929,Ice70,-27,50,e4 c5 Nf3 Nc6 Bb5 a6 Bxc6 bxc6 c3 Bb7 d4 cxd4 Nxd4 e5 Nf3 f6 Be3 h6 Nbd2 Ne7 Nc4 d5 Nd6+ Qxd6 O-O O-O-O a3 Qc7 Qb3 g5 Rad1 g4 Nh4 d4 cxd4 exd4 Bxd4 c5 Qe6+ Kb8 Bxf6 Rxd1 Rxd1 Rh7 Qxg4 Bc8 Qe2 Nc6 Qxa6 Rf7 Qb5+ Bb7 Rd8+ Nxd8 Bxd8 Qxd8 Nf3 Qd1+ Qf1 Qxf1+ Kxf1 Bxe4 h3 Rd7 Ke2 Bd3+ Ke3 Bb1 Ne5 Re7 Kf4 Rxe5 Kxe5 Bc2 Kf6 Bd1 Kf7 Bd6 g3 Be5 h4 Bxb2 Kg6 Bxa3 Kxh6 c4 f4 c3 f5 c2 g4 c1=Q+ g5 Qc6+ f6 Bc1 Kg7 Bxg5 hxg5 Qe4,B30
2025-06-04,Sev8FEpM,bullet,15:12,956,952,-4,loss,-1,black,1072,Rayelight,120,26,Nf3 Nc6 d4 d5 c3 Bg4 Qb3 Bxf3 exf3 b6 Bb5 Qd6 Qa4 Rb8 Bxc6+ Kd8 Qxa7 Kc8 Qa6+ Kd8 Bg5 Qxc6 Bxe7+ Bxe7 O-O Nf6 Nd2 Bd6 c4 Re8 c5 Qd7 cxd6 Qxd6 Qa7 Rc8 Nb3 Re2 Rac1 Rxb2 Qa4 Nh5 Rc6 Qe7 Qb5 Re2 Qxd5+ Ke8 Qxh5 Re1 g3 Rxf1+ Kxf1,D02
2025-06-05,ctVLLz9S,bullet,11:44,952,959,7,win,1,white,1008,cascet_vuladu,49,20,e4 c6 Nf3 d5 e5 Bg4 d4 c5 Be2 cxd4 Nxd4 Bxe2 Qxe2 e6 O-O Qb6 c3 Bc5 Be3 Ne7 Nb5 Bxe3 fxe3 a6 Nd6+ Kd7 Rxf7 Nc6 Na3 Nxe5 Rxg7 Kxd6 Rd1 Rag8 Rxg8 Rxg8 Kh1 Ng4 e4 Qe3 Nc4+,B10
2025-06-05,Ce7MI8OA,bullet,14:18,959,963,4,win,1,black,865,Darkknigh12571292u49,-98,13,e4 e5 Nf3 Nc6 Bc4 Nf6 Nc3 Bc5 O-O O-O d3 d6 Bg5 h6 Bxf6 Qxf6 Nd5 Qd8 Qd2 Bg4 h3 Bxf3 gxf3 Nd4 c3 Nxf3+,C50
2025-06-05,hm1hBV1B,bullet,15:12,963,959,-4,loss,-1,black,1056,Zati_T,97,30,e4 e5 Bc4 Nf6 Nf3 Nc6 Ng5 d6 Nxf7 Qd7 Nxh8 Qg4 Qxg4 Bxg4 O-O O-O-O Nf7 Re8 d3 Nd4 Bb3 Be2 Re1 Ng4 c3 Nxb3 axb3 Bxd3 f3 Nf6 Bg5 Nd7 Na3 Nc5 c4 Be7 Nb5 Bxg5 Nxg5 a6 Nc3 Nxb3 Nd5 Bxc4 Nf7 Nd4 Ng5 h6 b3 Bxb3 Rac1 c5 Nc7 Kxc7 Nf7 Re7 Nxe5 dxe5 f4,C57
2025-06-05,eh6rY0FM,bullet,17:08,959,966,7,win,1,white,1102,EliseiN,136,22,e4 e5 Nf3 Nc6 Bb5 a6 Bxc6 dxc6 Nc3 Bb4 a3 Bxc3 dxc3 Qxd1+ Kxd1 Bg4 h3 Bxf3+ gxf3 Nf6 Ke2 O-O Bg5 Rad8 Bxf6 gxf6 Rhg1+ Kh8 Rg4 Rg8 Rag1 Rxg4 fxg4 b5 f3 c5 Rd1 c4 Rxd8+ Kg7 Rd7 h6 Rxc7,C68
2025-06-05,6kYNNxWD,bullet,18:22,966,973,7,win,1,black,1021,twariron,48,12,b3 d5 Bb2 d4 e3 e5 exd4 exd4 Qe2+ Be7 Qe5 Nc6 Qxg7 Bf6 Qg3 Nge7 Nf3 Nf5 Qf4 Qe7+ Be2 d3 Bxf6 Qxe2#,A01
2025-06-05,jKXH7o8p,blitz,18:44,1198,1195,-3,draw,0,white,1109,Brkbrnn,-86,44,e4 e5 Nf3 Nc6 Bb5 Nf6 d3 a6 Bxc6 dxc6 Bg5 Bd6 Nbd2 h6 Bxf6 Qxf6 Nf1 Bg4 Ng3 Bxf3 Qxf3 Qxf3 gxf3 O-O Nf5 g6 O-O gxf5 exf5 Rfe8 Kg2 Kg7 Kh3 Kf6 Rg1 Kxf5 Rae1 Rg8 Rg3 Ke6 Re4 f5 Rh4 e4 Rxh6+ Kd5 fxe4+ fxe4 dxe4+ Kxe4 Re6+ Kf5 Rge3 Bc5 R3e5+ Kf4 Rxc5 Rae8 Rf6+ Ke4 f3+ Kd4 b4 a5 a3 axb4 axb4 Re2 Rf4+ Ke3 Rf7 Rf2 Re5+ Kd4 Re4+ Kd5 Rf5+ Kd6 c4 Rgg2 Rf6+ Kd7 Rf7+ Kd6 Rf6+ Kd7 Rf7+ Kd6 Rf6+,C65
2025-06-05,c7FAPl5L,blitz,19:53,1195,1182,-13,loss,-1,white,1144,liron1219,-38,26,e4 e5 Nf3 Nc6 Bb5 Nf6 d3 d5 Bg5 h6 Bxf6 Qxf6 Nxe5 Qxe5 Nc3 d4 Nd5 a6 f4 Qd6 Bxc6+ bxc6 Nxc7+ Qxc7 Qh5 Qxf4 Rf1 Qe3+ Kd1 g6 Qe5+ Be7 Qxh8+ Kd7 Qe5 Bg5 Rxf7+ Kd8 Qc7+ Ke8 Qe5+ Kxf7 Qc7+ Kf6 Qd6+ Be6 Qxd4+ Qxd4 c3 Qe3 Kc2 Qd2+,C65
2025-06-06,FglFNT2C,blitz,13:24,1182,1192,10,win,1,black,1137,Alexmas1980,-55,4,c4 e5 e3 Nc6 Nc3 Nf6 Nge2 Bb4,A20
2025-06-06,Sc9KWDNj,bullet,16:08,973,968,-5,loss,-1,black,1049,tufesnoodrex,81,26,e4 e5 Qf3 Nc6 Bc4 Nf6 c3 Bc5 Nh3 d6 Ng5 O-O Nxf7 Rxf7 Bxf7+ Kxf7 O-O Bg4 Qg3 Qd7 d3 Rf8 b4 Bb6 a4 a6 a5 Ba7 Be3 Ke8 Bxa7 Nxa7 Na3 Nb5 Nxb5 Qxb5 h3 Be2 Rfe1 Bxd3 Red1 Bxe4 Qe3 c6 f3 Bd5 Rac1 Nh5 c4 Qxb4 cxd5,C20
2025-06-06,50fV2Y5a,blitz,18:51,1192,1180,-12,loss,-1,black,1157,Shepard08,-23,16,e4 e5 Nf3 Nc6 d4 exd4 Nxd4 Nxd4 Qxd4 b6 Nc3 Nf6 Bg5 Bc5 Qd3 Bxf2+ Kxf2 O-O Qf3 Ng4+ Qxg4 f6 Bf4 d6 Qf3 Qe7 Bc4+ Be6 Nd5 Qf7 Nxc7 Rac8 Bxe6,C44
2025-06-06,dOccogv4,blitz,19:04,1180,1171,-9,loss,-1,black,1221,Anto-Z,50,8,e4 d5 e5 e6 d4 Nc6 Nf3 Nf6 exf6 Qxf6 Bg5 Qf5 Qd3 Qxd3 Bxd3 f6 Bd2,C02
2025-06-06,Wh2zdvaH,bullet,20:05,968,975,7,win,1,black,1040,hockeyfan9,65,19,e4 e5 Nc3 Nf6 f4 Nc6 fxe5 Nxe5 d4 Ng6 e5 Qe7 Qe2 Nf4 Qe3 Nxg2+ Bxg2 Ng4 Qe2 Qh4+ Kd1 Bb4 Nf3 Nf2+ Kd2 Ne4+ Kd3 Nf2+ Ke3 Ng4+ Kd3 Qe7 a3 Bxc3 bxc3 O-O Qe4 Nf2+,C29
2025-06-07,EB6NYojl,bullet,09:05,975,979,4,win,1,white,832,ameer_makky,-147,8,e4 d5 e5 e6 d4 Nc6 Nf3 Nh6 Bxh6 Bb4+ Bd2 b5 Bxb5 Bb7 Bxc6+ Bxc6 Bxb4,C02
2025-06-07,S354cSlD,bullet,13:40,979,972,-7,loss,-1,white,910,cauchyunderground,-62,39,e4 c6 Nf3 d5 e5 Bf5 d4 e6 a3 c5 Be3 Qb6 Nc3 Qxb2 Bd2 cxd4 Nxd4 Nc6 Bb5 a6 Bxc6+ bxc6 Nxc6 Rc8 Rb1 Qxa3 Rb6 Qc5 Na4 Qxc2 Rxa6 Rxc6 Ra8+ Rc8 Qxc2 Bxc2 Rxc8+ Kd7 Rxc2 Bc5 Nxc5+ Kc6 Na4+ Kb5 Nb2 Nh6 Bxh6 gxh6 O-O Ra8 g3 Ra2 Rb1 Ka5 Nd3 Rxc2 Ra1+ Kb5 Ra3 Kc4 Nf4 Rc1+ Kg2 Kb4 Nh5 Kxa3 Ng7 h5 Ne8 d4 Nf6 d3 Nxh5 d2 Nf4 d1=Q Ne2 Qxe2,B12
2025-06-07,uB7nwsvP,bullet,15:10,972,978,6,win,1,white,1004,Suryansh7231,26,10,e4 e5 Nf3 Nc6 Bb5 d6 d4 Bd7 Bxc6 Bxc6 d5 Bd7 Nc3 Nf6 Bg5 Be7 Bxf6 O-O Bxe7,C62
2025-06-07,W1gC0uk8,bullet,16:52,978,972,-6,loss,-1,white,978,guiguiSabrina,6,34,e4 d5 e5 Bf5 d4 e6 Nc3 Bb4 Bd2 Bxc3 Bxc3 Nd7 Nf3 f6 h3 fxe5 dxe5 Ne7 Bd3 Be4 Bxe4 dxe4 Ng5 Nc5 Qh5+ g6 Qh6 Kd7 Rd1+ Kc6 Rxd8 Raxd8 O-O Nf5 Qxh7 Rxh7 Nxh7 Rh8 Nf6 Na4 Bd2 Nxb2 Nxe4 Nc4 Bc3 b5 Rb1 a6 Bb4 Nxe5 Nc5 Kb6 Nxe6 Nc4 Bc3 Re8 Nf4 a5 Nd5+ Kc6 Nf4 g5 Nh5 Nfd6 Nf6 Rf8 Ng4 Ne4,B01
2025-06-07,VAgFQU3G,bullet,17:24,972,979,7,win,1,black,1051,Lawliet1209,72,25,e4 e5 Nf3 Nc6 Bb5 a6 Bxc6 dxc6 O-O Qd4 Re1 Qd8 Nxe5 Bd6 d4 Nf6 Bg5 O-O Bxf6 Qxf6 Re3 Bxe5 dxe5 Qxe5 Qg4 Bxg4 Nc3 b5 f3 Be6 Rd1 c5 g3 c4 f4 Qc5 f5 Qxe3+ Kg2 Bc8 Kf1 Bb7 Re1 Qf3+ Kg1 Rad8 Re2 Rd1+ Re1 Rxe1#,C69
2025-06-08,WEUDjjSo,bullet,10:44,979,987,8,win,1,white,1130,neko_lie,143,24,e4 d6 Nf3 Nf6 Nc3 g6 d4 Bg7 Bg5 O-O Bxf6 Bxf6 Bc4 Bg4 h3 Bxf3 gxf3 Nc6 Ne2 e5 c3 Re8 d5 Na5 Bd3 a6 Qa4 c6 O-O-O cxd5 exd5 b5 Qg4 Bg5+ f4 exf4 Nxf4 Bxf4+ Qxf4 Nb7 h4 Rf8 Rhg1 Nc5 h5 Nxd3+ Rxd3 Qh4 Qxh4,B08
2025-06-08,h466ZvRq,bullet,16:11,987,981,-6,loss,-1,black,995,younesbaazii2,14,26,e4 e5 Nf3 Nc6 Nc3 Nf6 d4 a6 dxe5 Ng4 Bf4 Bc5 Be3 Bxe3 fxe3 Ngxe5 Nxe5 Nxe5 Bd3 Qh4+ g3 Qh3 Bf1 Qe6 Bd3 Qf6 Nd5 Nf3+ Ke2 Nd4+ exd4 Qxd4 Nxc7+ Kd8 Nxa8 Re8 Kd2 Qf2+ Kc1 Qe3+ Qd2 Qxd2+ Kxd2 d5 exd5 Bg4 Rhe1 Rxe1 Rxe1 Kc8 Nb6+,C47
2025-06-08,VH16XCKn,bullet,17:10,981,976,-5,loss,-1,white,977,Rtfreel,1,28,e4 e5 Nf3 Nf6 d3 d5 Bg5 h6 Bxf6 gxf6 Nc3 f5 Nxe5 Qe7 d4 dxe4 Nd5 Qh4 Nxc7+ Ke7 Nxa8 e3 Qe2 exf2+ Qxf2 Qe4+ Be2 Be6 O-O Rg8 Nc7 f6 Nf3 f4 Rad1 Bh3 d5 Rxg2+ Qxg2 Bxg2 Kxg2 Qxe2+ Kg1 Qe3+ Rf2 Nd7 Re1 Ne5 Rxe3 fxe3 Re2 Nxf3+ Kg2 Nd4 Rxe3+ Kd7,C42
2025-06-08,bcyMlEmT,bullet,19:28,976,979,3,win,1,black,824,troll1704,-155,12,e3 e5 d3 d5 Nc3 Nf6 d4 e4 Bb5+ c6 Ba4 Bb4 a3 Bxc3+ bxc3 O-O Bb2 Bg4 Qd2 Re8 h3 Be6 c4 Nbd7,A00
2025-06-08,km7dxN6M,bullet,20:07,979,986,7,win,1,white,1032,anajafichess,46,24,e4 e5 Nf3 Nc6 Bb5 a6 Bxc6 dxc6 h3 Nf6 Nc3 Bd6 d3 O-O Bg5 h6 Bxf6 Qxf6 a3 Be6 Qe2 b5 Nd1 c5 Ne3 Rad8 c4 bxc4 dxc4 Be7 b3 Qg6 Nf1 Qxg2 Ng3 Bxh3 Rg1 Qxg1+ Nxg1 Be6 Qe3 Bg5 Qxc5 Bg4 N1e2 Rd2 Qxc7 Bxe2 Nxe2,C68
2025-06-09,FHOZZdcx,bullet,08:09,986,982,-4,loss,-1,black,1098,nablitim,116,24,d4 d5 Bf4 Nc6 e3 a6 Nf3 Nf6 Bd3 e6 c3 Bd6 Bxd6 Qxd6 O-O Bd7 e4 Nxe4 Bxe4 dxe4 Ng5 O-O Nxe4 Qf4 Nbd2 e5 dxe5 Nxe5 Re1 Nd3 Re2 Nxb2 Qc2 Bc6 Qxb2 Bb5 c4 Bc6 Rae1 Rad8 g3 Qf5 f4 Qh3 Ng5 Qg4 Qc2 g6 Nde4,D00
2025-06-09,3aEnzmBU,bullet,09:04,982,975,-7,loss,-1,white,911,kitrule,-64,21,e4 b5 d4 Bb7 Nc3 e6 Bf4 Bb4 Qd3 Nf6 e5 Be4 Qxb5 Nd5 Bd2 Bxc2 Nxd5 Bxd2+ Kxd2 Be4 Nc3 Qg5+ Ke1 Bxg2 Bxg2 Qxg2 Nce2 Qxh1 Kd2 a6 Qc5 Qxh2 Rc1 Nc6 Nf3 Qxf2 Re1 Qxf3 Qc2 Qf2 Rg1 Nxd4,B00
2025-06-09,cmUpGHUY,bullet,09:17,975,970,-5,loss,-1,black,1018,Tamila123,48,12,d4 d5 Bf4 e6 Nc3 a6 e3 Nf6 Nb5 axb5 Bxb5+ Bd7 Qd3 Bxb5 Qxb5+ Qd7 Qxb7 Qa4 O-O-O Qxa2 Bxc7 Nfd7 Qc8+ Ke7 Qd8#,D01
2025-06-09,iYcLuJCO,bullet,12:06,970,976,6,win,1,black,957,Timur93,-19,23,e3 d5 d4 Bf5 Nc3 e6 g4 Bg6 h4 Bb4 h5 Be4 Rh3 Bxc3+ bxc3 h6 f3 Bh7 Ba3 Nf6 Rb1 b6 Bb5+ c6 Bf1 Qc7 Ne2 Nbd7 g5 Ng8 gxh6 Nxh6 Rg3 Nf5 Rg5 Nxe3 Qd3 Nf5 Bc1 Ng3 Bf4 Bxd3 Bxc7 Bxe2 Bxg3 Bxf1,D00
2025-06-09,o1SKxOHD,bullet,15:05,976,981,5,win,1,white,943,Ariellif,-38,16,e4 e5 Nf3 Nc6 Bb5 a6 Bxc6 dxc6 d3 Bg4 h3 Bxf3 Qxf3 Nf6 Nc3 Bc5 Bg5 O-O O-O Qd6 a3 Nd7 Qg3 f5 Rae1 fxe4 Nxe4 Rf5 Nxd6 Raf8 Nxf5,C68
2025-06-09,ZmoUk4Jr,bullet,15:58,981,985,4,win,1,white,901,bezumnoe_chaepitie,-84,6,e4 g5 Nf3 g4 Ng5 e5 Qxg4 d6 Qh5 Nf6 Qxf7#,B00
2025-06-09,YiQKqxbD,bullet,16:22,985,991,6,win,1,black,968,Pretzel_Rodgers,-23,30,e4 e5 Nf3 Nc6 Bc4 Nf6 d3 Bc5 O-O d6 h3 h6 Qe2 O-O Be3 Na5 Na3 Bxa3 bxa3 Nxc4 dxc4 Nxe4 a4 Nc3 Qe1 Nxa4 Qb4 Bd7 Nd2 a5 Qb1 Nc3 Qe1 a4 Nf3 Ne4 c5 b5 cxd6 cxd6 Nd2 Nc3 f3 Qa5 Nb1 b4 Bd2 Nxb1 Rxb1 Qc5+ Kh1 b3 Bb4 Qc6 Kg1 Qb6+ Kh1 f6 cxb3 a3,C50
2025-06-09,OzZJCj3Z,blitz,16:42,1171,1181,10,win,1,white,1174,Romain6974,-7,14,e4 e5 Nf3 d6 Nc3 Bg4 Be2 Bxf3 Bxf3 Nf6 d3 Nc6 Bg5 Be7 Bxf6 Bxf6 Nd5 Nd4 Bg4 g6 c3 Nc6 Qb3 h5 Be2 b6 Qc4 Qd7 Nxf6+,C41
2025-06-09,04uiItXN,blitz,18:53,1181,1194,13,win,1,white,1266,vihugahe,72,32,e4 d5 e5 Bf5 d4 e6 Nf3 a6 a3 f6 Qe2 fxe5 Qxe5 Nd7 Qe3 Bd6 Ng5 Qe7 Bd3 Bxd3 Qxd3 h6 Qg6+ Kd8 Nf7+ Kc8 Nxh8 b6 O-O Kb7 Nf7 Ngf6 Qxg7 Rg8 Nxd6+ Qxd6 Qxh6 Ng4 Qf4 e5 dxe5 Ndxe5 Nc3 Nf3+ Kh1 Nfe5 g3 Rh8 h4 Qg6 Be3 Rxh4+ gxh4 Qh5 Qg5 Qe8 Nxd5 Qc6 Rad1 Qxc2 Rd2 Qe4+ f3 Nxf3 Qxg4,B01
2025-06-10,xbHl3ZXp,bullet,18:38,991,986,-5,loss,-1,black,1037,A21rtem,51,12,e4 e5 Bc4 Nc6 Nf3 Nf6 c3 Bc5 d4 Bb6 Bxf7+ Kxf7 dxe5 Nxe4 O-O Re8 Qd5+ Re6 Qxe4 d5 Ng5+ Ke7 Qxh7,C54
2025-06-11,Nsb5WTLs,bullet,09:26,986,993,7,win,1,black,1074,nto94,81,31,d4 d5 e3 e6 c3 a6 Nd2 Nf6 Ndf3 Nc6 Bd3 Bd6 Ne2 Ne7 g3 Ng4 h3 Nf6 Qa4+ Bd7 Qc2 Bb5 Bxb5+ axb5 Bd2 Ng6 O-O O-O a4 Qd7 axb5 Rxa1 Rxa1 Qxb5 Kf1 h6 Qa4 Qxa4 Rxa4 Rb8 Ne5 c6 Nxg6 fxg6 Nf4 Kf7 b3 g5 Nd3 Ne4 Ne5+ Bxe5 dxe5 Nxd2+ Ke2 Nxb3 Rb4 Nc5 Rb6 Ne4 Rxc6 bxc6,D00
2025-06-11,TzpV6uvI,bullet,16:48,993,998,5,win,1,white,973,stevechessman522,-25,28,e4 f5 e5 Kf7 d4 e6 Nf3 c5 Bc4 cxd4 Qxd4 Nc6 Qd3 Bc5 Qxf5+ Ke8 Qe4 Nge7 Ng5 d5 Bxd5 Qxd5 Qxd5 Nxd5 O-O Rf8 Nxh7 Rf7 Ng5 Rf5 Nf3 Bd7 Bg5 g6 Nbd2 Kf7 Ne4 Nd4 Nxc5 Bb5 Rfe1 Nxc2 Nxb7 Nxe1 Rxe1 Rb8 Nd6+ Kg7 Nxf5+ exf5 Bf6+ Kf7 Nd4 Re8 Nxb5 Nf4 Nd6+,B00
2025-06-13,XZ6D4Ynt,bullet,17:53,998,995,-3,loss,-1,black,1133,abdallahdeghidy,138,26,e4 e5 Nf3 Nc6 Bc4 Nf6 d3 Bc5 O-O a6 a4 d6 h3 O-O Bg5 h6 Bh4 Na5 Ba2 b5 axb5 axb5 c3 Bb7 b4 Bxf2+ Rxf2 Nc6 Nbd2 Ra3 Bxf7+ Rxf7 Rxa3 Qe7 Nb3 Nd8 Ra8 Bxa8 Na5 Qe6 d4 exd4 cxd4 Qxe4 Re2 Qd5 Bxf6 Rxf6 Re8+ Kh7 Qd3+ Rg6 Nh4,C50
2025-06-14,0STDI4xF,bullet,12:08,995,1001,6,win,1,white,1010,Catcherfreeman,9,24,e4 e5 Nf3 Nc6 Bb5 Bc5 d3 Nf6 h3 d6 Bg5 h6 Bxf6 Qxf6 Nbd2 Bd7 Bxc6 Bxc6 a3 d5 Qe2 dxe4 dxe4 O-O Nc4 Qg6 Ncxe5 Qxe4 Qxe4 Bxe4 O-O-O Bd5 Nd2 c6 Nd7 Rfd8 Nxc5 Bxg2 Rhg1 Bxh3 Nce4 Bf5 Nf6+ Kf8 Nh5 Bg4 Rxg4,C64
2025-06-14,oRzurkKg,bullet,16:21,1001,1007,6,win,1,white,1009,Arshia99m,2,46,e4 d5 e5 Bf5 d4 e6 a3 Bxc2 Qxc2 Be7 Nf3 Bh4 Bb5+ c6 Bd3 Nf6 Bg5 Na6 Nxh4 b5 exf6 Qa5+ Bd2 Qc7 fxg7 Rg8 Bh6 c5 Bxh7 b4 Bxg8 Ke7 Bh7 cxd4 Qxc7+ Nxc7 g8=Q Ne8 Bg5+ f6 Ng6+ Kd6 Bf4+ e5 Bxe5+ fxe5 Qf8+ Kc6 Ne7+ Kd7 Bf5+ Kd6 Qf7 d3 Qxd5+ Kxe7 Qxd3 e4 Qxe4+ Kf7 O-O Nf6 Qb7+ Nd7 Qxa8 Nf6 Qxa7+ Kg8 axb4 Kf8 Nd2 Ne8 Qa8 Kg8 Ra7 Kf8 Qd5 Ng7 Ra8+ Ke7 Qd7+ Kf6 Ra5 Nxf5 Rxf5+ Kg6 Qe6+ Kg7 Rf7+ Kg8 Ra7+ Kh8 Qc8#,B01
2025-06-16,Y5eY12fS,bullet,15:13,1007,1000,-7,loss,-1,black,925,Imperopolis,-75,38,e4 e5 Bc4 Nf6 d3 Bc5 Bg5 d6 Nc3 h6 Bxf6 Qxf6 Nf3 Bg4 Nd5 Qd8 c3 c6 Nb4 Bxb4 cxb4 c5 b5 Qa5+ Qd2 Qd8 O-O-O Nd7 Ne1 Bxd1 Qxd1 O-O g4 Qg5+ Kb1 Qxg4 Qxg4 Nf6 Qf5 b6 a4 Rae8 Nc2 Re7 b4 h5 bxc5 bxc5 h4 Ng4 f3 Nf2 Rf1 g6 Qf6 Re6 Qg5 Nh3 Qg3 Nf4 Bxe6 Nxe6 Qh3 Nf4 Qd7 Nxd3 Qxd6 Nb4 Qxc5 Nxc2 Kxc2 Rd8 Qxe5 Rc8+ Kd3 Rc7 Qxc7,C24
2025-06-16,xbX5YGRG,bullet,15:24,1000,1006,6,win,1,black,1023,stonehama,17,22,b3 e5 Nf3 Nc6 Bb2 e4 d4 exf3 d5 Nb4 exf3 Nf6 a3 Nbxd5 Nc3 Nxc3 Bxc3 Bc5 Kd2 d6 Qe1+ Be6 Bb5+ c6 Bxf6 Qxf6 Bxc6+ bxc6 c3 O-O Qe2 Bxb3 Rhb1 Qf4+ Kd3 Bd5 g3 Qf5+ Kd2 Bxf3 g4 Qxg4 Qf1,A01
2025-06-16,K687f9QN,blitz,18:12,1194,1202,8,win,1,black,1146,thelifeofgeo,-56,54,e4 e5 Nf3 Nc6 Bb5 a6 Ba4 h6 O-O d6 h3 Nf6 Re1 Be7 d4 O-O Bxc6 bxc6 dxe5 dxe5 Qxd8 Rxd8 Nxe5 Bd6 Nxc6 Re8 e5 Bb7 Na5 Bb4 Bd2 Bxa5 Bxa5 Nd5 Nc3 Nxc3 Bxc3 c5 Re3 c4 Rae1 Bd5 Rg3 a5 e6 f6 Bxf6 Bxe6 Rxg7+ Kf8 Bc3 Re7 Rxe7 Kxe7 f4 Kd6 g4 a4 a3 Kd5 f5 Bf7 Rd1+ Ke4 Kf2 Re8 Re1+ Kf4 Rxe8 Bxe8 f6 Bf7 Bd4 Ke4 Bc3 Be6 Bb4 Bf7 Bc3 Be6 Ke2 Bf7 Bb4 Be6 Bc5 Bf7 Bf8 Ke5 Bg7 Kf4 Kf2 Kg5 Kg3 Be6 h4+ Kg6 h5+ Kh7 Kh4 Kg8 g5 hxg5+ Kxg5 Bf7 h6 c3 bxc3 Kh7,C70
2025-06-17,hjQBs9TO,blitz,15:20,1202,1192,-10,loss,-1,white,1182,Lamar2,-10,41,e4 e5 Nf3 Nc6 Bb5 f6 d3 a6 Bxc6 bxc6 Nc3 d5 Qe2 Bb4 O-O Ne7 Nd1 Bg4 a3 Bd6 Ne3 Bxf3 Qxf3 O-O Re1 Ng6 Nf5 Be7 b4 c5 Bd2 d4 c3 Rb8 cxd4 cxd4 Rab1 a5 Qg3 axb4 Bxb4 Bxb4 axb4 Ne7 Nh6+ Kh8 Ng4 Qd6 h3 Ng6 f3 Rxb4 Rxb4 Qxb4 Nf2 Qd2 Rd1 Qe3 Kh2 Qf4 Qxf4 Nxf4 Ng4 h5 Nf2 c5 Rd2 Rc8 Ra2 Kh7 Ra7 c4 Ra3 c3 Nd1 c2 Nb2 c1=Q Nc4 Qc2 Ra7 Qxg2#,C60
2025-06-17,nxKanN54,blitz,16:19,1192,1203,11,win,1,black,1234,Mohamedelbanna93,31,21,e4 e5 Nf3 Nc6 Bc4 Nf6 d3 Bc5 h3 d6 Ng5 O-O g4 d5 exd5 Nxd5 Bxd5 Qxd5 f4 Qxh1+ Kd2 Qxd1+ Kxd1 exf4 Bxf4 Bd6 Be3 Be6 Nc3 Bb4 Nb5 b6 Nxc7 Rac8 Ncxe6 fxe6 Nxe6 Rf3 Bg1 Rf1+ Ke2 Rxa1,C50
2025-06-18,LRa8y7qW,blitz,21:08,1203,1212,9,win,1,white,1187,Vignesh6916,-25,36,e4 e5 Nf3 Nc6 Bb5 Nf6 d3 a6 Bxc6 bxc6 Bg5 d6 Nc3 Be7 Bxf6 Bxf6 h3 Be6 Ne2 Qd7 Ng3 d5 O-O dxe4 Nxe4 Qe7 a3 Bd5 Ng3 O-O b4 c5 Rb1 cxb4 axb4 a5 c4 Bxf3 Qxf3 axb4 Nf5 Qc5 Qg3 g6 Ne3 Rfd8 Nd5 Bg7 Nxb4 e4 Nd5 c6 d4 Bxd4 Nc7 Rac8 Rb7 e3 fxe3 Bxe3+ Kh2 Qd4 c5 Bf4 Qxf4 Qxf4+ Rxf4 h5 Na6 Rd5 Rfxf7,C65
2025-06-19,wiMyUqNP,bullet,13:13,1006,1013,7,win,1,black,1037,virhesiirto,24,27,e4 e5 Nf3 Nc6 Nc3 a6 d4 exd4 Nxd4 Nxd4 Qxd4 Nf6 Bg5 c5 Qd2 Be7 O-O-O Ng4 Bxe7 Qxe7 f3 Ne5 f4 Nc4 Bxc4 O-O e5 b5 Bd5 Ra7 Ne4 c4 g4 Bb7 Bxb7 Rxb7 Nd6 Rb6 h4 Rd8 Qf2 Rc6 g5 a5 Nxb5 Rb8 Nd6 a4 Qa7 Rb4 a3 Rbb6 Qa5 Ra6,C46
2025-06-19,jLzvPsLo,blitz,18:38,1212,1204,-8,loss,-1,white,1262,charliebays,58,8,e4 e5 Nf3 d6 d3 f5 Ng5 f4 Nc3 Qxg5 Nd5 Qd8 g3 c6 Qh5+ g6,C41
2025-06-20,2jNtsZLU,blitz,16:06,1204,1197,-7,loss,-1,black,1271,AG0X,74,50,e4 e5 Nf3 Nc6 Bc4 Bc5 O-O Nf6 Re1 d6 c3 O-O d4 Bb6 d5 Ne7 h3 h6 Nbd2 Ng6 b4 a6 a4 Nf4 Nb3 Bxf2+ Kxf2 Bxh3 gxh3 Nxh3+ Kf1 Qd7 Ng1 Nxg1 Kxg1 Qh3 Bf1 Qg3+ Bg2 Ng4 Qe2 Qh2+ Kf1 Qf4+ Qf3 Nh2+ Kf2 Nxf3 Bxf4 Nxe1 Kxe1 exf4 Kf2 g5 Kf3 h5 Rh1 h4 Bh3 f6 Kg4 Kg7 Nd4 Rfe8 Re1 Re5 c4 Rae8 b5 Rxe4 Rxe4 Rxe4 Nf5+ Kg6 Bf1 a5 Bd3 Re1 Nxd6+ Kh6 Nxb7 Rg1+ Kh3 g4+ Kxh4 g3 Be4 Rh1+ Kg4 Rg1 Kxf4 g2 d6 cxd6 Nxd6 Kg7 c5 Rd1 Bxg2 Rxd6 cxd6,C50
2025-06-20,ZWSSHzYe,bullet,20:16,1013,1019,6,win,1,white,1075,alsanchez,56,36,e4 e5 Nf3 Nc6 Bb5 Bc5 d3 d6 O-O h6 Nc3 Nf6 Be3 Bb6 Bxc6+ bxc6 Ne2 O-O Ng3 Ng4 h3 Nxe3 fxe3 Bxe3+ Kh2 Bf4 Qe1 Qf6 Kg1 Qg6 Ne2 Bxh3 Nxf4 exf4 Qf2 f5 Nh4 Qg4 Qxf4 Qxf4 Rxf4 Bg4 Nxf5 Bxf5 Rxf5 Rxf5 exf5 Rf8 g4 Kf7 Kg2 Kf6 Kg3 Kg5 Rf1 Re8 f6 gxf6 Rf5+ Kg6 Kf4 Re2 Ra5 Rxc2 Rxa7 Rxb2 a4 Ra2 a5 Ra4+ Kf3,C64
2025-06-21,bXnDuiGT,bullet,12:04,1019,1025,6,win,1,black,1008,TeymourKhaan,-17,35,e4 e5 Qh5 Nc6 Qxf7+ Kxf7 Bc4+ d5 Bxd5+ Be6 Bxe6+ Kxe6 f4 exf4 Nf3 Bc5 c3 Nf6 d4 Bxd4 cxd4 Nxe4 O-O Nxd4 Bxf4 Nxf3+ Rxf3 Qd1+ Rf1 Qe2 Nc3 Nxc3 bxc3 Kd7 Rad1+ Kc6 Rfe1 Qc4 Rd4 Qxa2 Re7 Qa1+ Kf2 Qxc3 Rxc7+ Kb6 Rxc3 Rhf8 Kg3 Rac8 Rb4+ Ka5 Bd6 Rxc3+ Kg4 Rf6 Rxb7 Rxd6 Rxg7 Rd4+ Kf5 Rc5+ Ke6 Kb6 Rxh7 Re4+ Kd6 Ree5 Rh6 Rcd5#,C20
2025-06-21,lEBS9piW,blitz,16:47,1197,1206,9,win,1,white,1196,Tihonzhalnin,-10,44,e4 e5 Nf3 Nc6 Bb5 a6 Bxc6 dxc6 d3 Bd6 Nc3 Bg4 h3 Bxf3 Qxf3 Qf6 Qe2 O-O-O O-O Ne7 a3 Kb8 Be3 b6 Na4 Kb7 c4 c5 Nc3 Nc6 b3 Nd4 Bxd4 cxd4 Nd5 Qe6 b4 b5 c5 c6 Nb6 Bc7 a4 Bxb6 cxb6 Kxb6 a5+ Kb7 Qc2 Rc8 Qc5 Rhd8 Qb6+ Ka8 Qxa6+ Kb8 Qb6+ Ka8 a6 Qd7 a7 Qb7 Qc5 f6 Ra5 Rc7 Rfa1 Rdd7 g4 h6 h4 g6 Kg2 g5 Qf8+ Qc8 Qxf6 gxh4 Qxh4 Rh7 f3 Qd7 Qf6 Qg7 Qd8+ Kb7 a8=Q+ Kb6 Qa7#,C68
2025-06-23,vy7yGDC3,blitz,13:30,1206,1216,10,win,1,black,1271,Thmash,55,13,e4 e5 Nf3 Nc6 Bb5 a6 Ba4 Nd4 Nxe5 Qg5 Nf3 Qxg2 Nxd4 Qxh1+ Ke2 Qxe4+ Kf1 Qxd4 Qe2+ Be7 d3 Qxa4 Nc3 Qc6 b3 Qh1#,C70
2025-06-23,BMgkKy4n,blitz,17:45,1216,1225,9,win,1,white,1220,KingToni77,-5,34,e4 e5 Nf3 Nc6 Bb5 d6 d3 a6 Bxc6+ bxc6 Nc3 Nf6 h3 h6 Be3 a5 Ne2 c5 Ng3 c6 c4 Be7 b3 O-O Qd2 d5 Nxe5 dxe4 Bxh6 gxh6 Qxh6 exd3 Qd2 Re8 Qxd3 Qxd3 Nxd3 Bd6+ Ne2 Bf5 Nc1 Ne4 O-O Nd2 Re1 Re6 a4 Rae8 Na2 Rxe2 Rxe2 Rxe2 Nc3 Re8 Rd1 Nxb3 Rxd6 Bd7 Rxd7 Re1+ Kh2 Nd4 Ra7 Rf1 Ne4 Ra1 Rxa5,C62
2025-06-23,jfZbvlpv,blitz,22:55,1225,1233,8,win,1,white,1225,LCBuTDrAnK,-8,18,e4 e6 d4 d5 e5 c5 Nf3 Nc6 Bb5 Bd7 Bxc6 Bxc6 Be3 cxd4 Bxd4 Ne7 Nbd2 g6 Nf1 Bg7 Ng3 O-O Qd2 b6 O-O Rc8 c3 Qd7 Rfe1 Rc7 Qf4 Rfc8 Ng5 Bh6 Qxf7+ Kh8 Qxh7#,C02
2025-06-24,7brtVcip,rapid,13:57,1404,1281,-123,loss,-1,black,1341,Grat_Duck,60,16,e4 e5 Nf3 Nc6 Bc4 d5 exd5 Na5 d3 Nxc4 dxc4 Bd6 Nc3 Bg4 h3 Bxf3 Qxf3 Nf6 Bg5 Qe7 O-O O-O a3 b6 b4 a6 Ne4 Rfc8 Nxf6+ gxf6 Bxf6 Qd7 Qg3+,C50
2025-06-27,Klmt6Nz5,blitz,12:39,1233,1226,-7,loss,-1,white,1269,b0hd4n,43,29,e4 e5 Nf3 Nf6 d3 Nc6 Bg5 Be7 Bxf6 Bxf6 c3 O-O Nbd2 d6 h3 a5 Qa4 Bd7 Qc4 Na7 d4 b5 Qd3 exd4 cxd4 c6 e5 dxe5 dxe5 Be6 exf6 Qxf6 Ne4 Qxb2 Rd1 Qb4+ Nc3 Bc4 Qf5 Qxc3+ Rd2 Rfe8+ Kd1 Qa1+ Kc2 Qxa2+ Kc3 Qb3+ Kd4 Rad8+ Kc5 Qb4+ Kb6 Nc8+ Kc7 Qe7+ Kb8 Qa7#,C42
2025-06-27,bO4Qyd5c,bullet,14:19,1025,1020,-5,loss,-1,white,1051,DereleectMB,31,28,e4 e6 d4 d5 e5 c5 Nf3 Nc6 Bb5 Bd7 Bxc6 Bxc6 c3 cxd4 Nxd4 Bc5 O-O Bxd4 cxd4 Ne7 Bg5 Qd7 Bxe7 Qxe7 Nc3 O-O-O a3 g5 b4 a6 Na4 Bb5 Rc1+ Kb8 Nc5 Rc8 Re1 h5 a4 Bc4 b5 axb5 axb5 g4 Qa4 Qe8 Rxc4 dxc4 Na6+ bxa6 Qxa6 Qd7 b6 Qb7 Rb1 Qxa6,C02
2025-06-27,XpwAwzCP,blitz,19:28,1226,1234,8,win,1,black,1220,incongruous,-14,40,e4 e5 Nc3 Nf6 f4 Nc6 Nf3 d6 Bc4 Bg4 f5 Qd7 h3 Bxf3 Qxf3 Nd4 Qd3 a6 Nd5 Nh5 g4 Nf4 Qc3 Nfe2 Qe3 Nxc2+ Kxe2 Nxe3 Kxe3 c6 f6 cxd5 Bxd5 Qb5 fxg7 Bxg7 d3 Bh6+ Ke2 Bxc1 Raxc1 Qxb2+ Ke3 Qd4+ Ke2 O-O Rc7 Qb2+ Ke3 Rab8 Rf1 Kg7 g5 Qg2 Rfxf7+ Rxf7 Rxf7+ Kg6 h4 Qh3+ Kd2 Qxh4 Rf6+ Kxg5 Rxd6 Qf2+ Kc3 Rc8+ Kb4 Qb2+ Ka5 Rc5+ Ka4 Qb5+ Ka3 Qxd3+ Kb4 Qc3+ Ka4 b5#,C29
2025-06-27,0TiG7Mxw,blitz,19:42,1234,1228,-6,loss,-1,white,1339,BarlasGG,111,27,e4 e5 Nf3 Nf6 d3 Nc6 Bg5 d5 Nc3 dxe4 Nxe4 Be7 Bxf6 Bxf6 Be2 Bf5 Nc5 Rb8 h3 O-O a3 e4 Nd2 exd3 Bxd3 Bxd3 Nxd3 Re8+ Kf1 a5 Nf3 Nd4 c3 Nxf3 Qxf3 Qd7 g4 Red8 Kg2 Qxd3 Qf4 Qd5+ f3 Qd2+ Kg3 Qxb2 Qxc7 Re8 Rab1 Qxb1 Rxb1 Be5+ Kg2 Bxc7,C42
2025-06-27,erJqdTbd,blitz,19:59,1228,1221,-7,loss,-1,black,1275,jacobteampl,54,36,e4 e5 Nf3 Nc6 Nc3 a6 d4 Bb4 d5 Na5 Bd2 h6 a3 Bxc3 Bxc3 b6 Bxa5 bxa5 Qd2 c5 dxc6 Qb6 cxd7+ Bxd7 Nxe5 Nf6 Nxd7 Nxd7 O-O-O Rd8 Qe3 Qxe3+ fxe3 Nc5 Rxd8+ Kxd8 Bd3 Ke7 c3 a4 Kc2 a5 Rf1 f6 Rf5 Nb3 Bc4 Rb8 Bxb3 axb3+ Kd3 a4 Ra5 Rd8+ Ke2 Kd6 Rxa4 Rb8 Rb4 Rxb4 cxb4 Kc6 Kd3 Kb5 Kc3 Ka4 Kc4 g6 g3 f5 exf5 gxf5 h3,C46
2025-06-27,ApGZglhl,bullet,20:12,1020,1026,6,win,1,black,1031,yess218f,5,24,e4 e5 Nf3 Nc6 Bb5 a6 Bxc6 dxc6 Nxe5 Qd4 Nf3 Qxe4+ Qe2 Qxe2+ Kxe2 Bg4 Re1 Bxf3+ Kxf3+ Be7 d3 O-O-O Bg5 Bxg5 Kg4 f6 h4 Bd2 Nxd2 Nh6+ Kg3 Nf5+ Kf4 Nd4 Nb3 Nxc2 Rac1 Nxe1 Rxe1 Rhe8 Rd1 Re2 Kf3 Rxb2 Rd2 Rb1 d4,C68
2025-06-27,pfTOGWFv,blitz,20:51,1221,1227,6,win,1,white,1136,Alditooo,-91,33,e4 e5 Nf3 Nc6 Bb5 a6 Bxc6 dxc6 d3 Bd6 h3 Nf6 Nc3 O-O Bg5 h6 Bxf6 Qxf6 Ne2 Re8 Ng3 b5 b3 c5 c4 Rb8 Qd2 bxc4 bxc4 Bb7 O-O Bf8 Qa5 Qb6 Qc3 Ba8 Nxe5 Bd6 Nd7 Qb2 Qa5 Rbd8 Nxc5 Bxc5 Qxc5 Rxd3 Nf5 Rxe4 Qxc7 Qf6 Ne3 Re7 Qb8+ Rd8 Qg3 Rde8 Rae1 Qb6 Nd5 Bxd5 Rxe7 Rxe7 cxd5 Qd6 Qxd6 Re6,C68
2025-07-01,AEJZMgc8,bullet,14:34,1026,1032,6,win,1,white,1053,Florri,21,20,e4 e5 Nf3 Nc6 Bb5 a6 Bxc6 dxc6 d3 b5 h3 Bb7 Nxe5 Qf6 Nf3 Bc5 Nc3 h6 e5 Qe6 d4 Bb4 Bd2 Bxc3 Bxc3 f6 O-O Qd5 Re1 Kf7 e6+ Ke7 Qd3 a5 Qg6 c5 Qxg7+ Kd6 Qd7#,C68
2025-07-01,sVsub4R9,blitz,17:07,1227,1235,8,win,1,black,1216,Olikawa,-19,34,e4 e5 Nf3 Nc6 Bb5 a6 Bxc6 dxc6 O-O f6 Nc3 Bg4 h3 Bxf3 Qxf3 Qd6 d3 Ne7 Be3 Ng6 a3 O-O-O b4 b5 Bc5 Qe6 Qe3 Nf4 Ba7 g6 Rad1 Bh6 Qc5 Rd4 a4 Nxh3+ gxh3 Bf8 Qxc6 Qxc6 Nd5 Qe6 Bxd4 exd4 Nf4 Qe5 Ne2 Qg5+ Ng3 Bd6 Kh2 Bxg3+ fxg3 Qe3 Rxf6 Qe2+ Rf2 Qxd1 Kg2 Qh5 c4 bxa4 b5 axb5 cxb5 Qxb5 Rb2 Qxd3,C69
2025-07-07,A6fHNx0y,bullet,07:26,1032,1039,7,win,1,white,1010,Chu1ka,-29,18,e4 e5 Nf3 Nc6 Bb5 f5 Bxc6 dxc6 Nc3 Bc5 d3 fxe4 Nxe4 Bb6 Bg5 Qd5 O-O h6 Be3 Bg4 Bxb6 axb6 h3 Bf5 b3 Bxe4 dxe4 Qxe4 Re1 Qg6 Nxe5 Kf8 Nxg6+ Kf7 Nxh8+,C63
2025-07-07,xoBZULuF,bullet,10:38,1039,1046,7,win,1,black,1099,rsocol,53,5,e4 e5 d4 exd4 Qxd4 Nf6 Qe3 Ng4 f3 Nxe3,C21
2025-07-07,TJzMZ7FP,blitz,13:42,1235,1227,-8,loss,-1,black,1251,mohamed1salah3,24,10,e4 e5 Nf3 Nc6 Bc4 Nf6 Ng5 d5 exd5 Nxd5 Nxf7 Kxf7 Qf3+ Ke6 Nc3 Nd4 Bxd5+ Ke7 Qf7+ Kd6 Ne4#,C57
2025-07-07,9dtUCzIB,blitz,13:52,1227,1235,8,win,1,white,1232,tinn55667,-3,18,e4 c5 Nf3 Nc6 Bb5 Nd4 Nxd4 cxd4 d3 a6 Bc4 b5 Bd5 Ra7 a3 e6 Ba2 d5 e5 Qc7 Bf4 Ne7 Nd2 Ng6 Qg4 Nxe5 Qh5 Bd6 Bxe5 Bxe5 O-O O-O Nf3 g6 Qxe5,B30
2025-07-07,uJlnuIgw,bullet,15:01,1046,1039,-7,loss,-1,white,1002,fanzawanaoki,-37,32,e4 c5 Nf3 d6 Bc4 e6 d3 Nc6 Bb5 Bd7 Bxc6 Bxc6 Be3 Nf6 Nc3 Be7 O-O a6 h3 Qc7 Ng5 O-O Bf4 Rac8 Re1 c4 d4 b5 e5 dxe5 Bxe5 Qd8 Ne2 Qd5 Nf3 Nd7 Nf4 Nxe5 Nxd5 Bxd5 Nxe5 Bf6 Qg4 Bxe5 Rxe5 Rfd8 Rg5 g6 Re5 Kf8 Qg5 c3 bxc3 Ke8 Qf6 Kf8 Rae1 Bc4 R1e3 Bxa2 Rc5 Rb8 Rc7 e5,B50
2025-07-07,CEh3918Y,blitz,15:17,1235,1243,8,win,1,black,1217,Evi_ma,-26,29,d4 d5 Nf3 Bg4 e3 e6 Be2 Bxf3 Bxf3 Nf6 Nd2 Nc6 O-O Bd6 b3 h6 Bb2 a6 c4 Bb4 cxd5 exd5 Qc2 Bxd2 Qxd2 O-O Qe2 Qd6 Bh5 Nb4 Rfc1 Ne4 Qg4 Nd3 Rc2 Ndxf2 Rxf2 Nxf2 Kxf2 f5 Qg6 Qxh2 Bf3 Qh4+ g3 Qh2+ Kf1 Qxb2 Bxd5+ Kh8 Be6 Qxa1+ Kf2 Qxa2+ Kf3 Qb1 Bxf5 Rxf5+,D02
2025-07-07,r21CU0tg,blitz,16:00,1243,1235,-8,loss,-1,white,1218,inturic,-17,24,e4 e6 d4 Nf6 e5 Ne4 Bd3 f5 Bxe4 fxe4 a3 Nc6 Nc3 d5 exd6 Qxd6 Nxe4 Qd5 Nc3 Qxg2 Qf3 Qxf3 Nxf3 Bd6 Be3 O-O Ng5 Bf4 Bxf4 Rxf4 f3 Nxd4 O-O-O Nxf3 Nxe6 Bxe6 Rhf1 Bg4 Nd5 Rd4 Ne7+ Kf7 Rxd4 h5 Rd7 Bxd7 Rxf3+ Kxe7,B02
2025-07-07,ZLIHtML7,blitz,21:12,1235,1226,-9,loss,-1,black,1203,New_Vasuki_72,-23,30,e4 e5 Nc3 Nf6 f4 Bd6 fxe5 Bxe5 d4 Bd6 e5 Qe7 Qe2 Bb4 exf6 Bxc3+ bxc3 Qxe2+ Bxe2 gxf6 Bh6 d6 Nf3 Be6 Rb1 b6 a3 Nc6 Ba6 Bg4 O-O Rg8 Rfe1+ Kd7 Nh4 d5 Bb5 Kd6 Rf1 f5 Nxf5+ Bxf5 Rxf5 Ne7 Rxf7 Rg6 Bf4+ Ke6 Rxh7 c6 Re1+ Kf6 Rhxe7 cxb5 Rd7 Kf5 Bg3 a5 Rxd5+ Kg4 Re4#,C29
2025-07-08,Vr7whECK,blitz,16:39,1226,1220,-6,loss,-1,black,1288,udstodt,68,36,d4 d5 c4 e6 Nc3 Bb4 Nf3 Bxc3+ bxc3 Nf6 Bg5 h6 Bh4 Qd6 Bg3 Qd7 e3 O-O Bd3 Nc6 O-O Ne7 Ne5 Qd8 cxd5 Nexd5 c4 Ne7 a4 c6 c5 Nf5 Bxf5 exf5 h3 Ne4 Qc2 Qd5 Rfe1 Be6 a5 a6 Rab1 Ra7 Nf3 Nxg3 fxg3 Qd7 Ne5 Qc7 e4 g6 exf5 Bxf5 Qd2 Kg7 Rbd1 Raa8 g4 Be6 Qf4 Rae8 g5 h5 Qf6+ Kg8 Rf1 Re7 g4 Bd5 gxh5,D31
2025-07-08,izAs5DGx,blitz,17:39,1220,1214,-6,loss,-1,white,1266,sveni_96,52,46,e4 d6 Nf3 Nf6 Nc3 g6 d4 Bg7 Bg5 O-O Bc4 Nc6 O-O Bg4 Bxf6 Bxf6 Nb5 Nxd4 Nbxd4 Bxd4 Qxd4 Bxf3 gxf3 e5 Qd5 Qg5+ Kh1 Qf4 Be2 h5 Rg1 Kh7 Qxb7 Rg8 Rg3 h4 Rg4 Qd2 Rxh4+ Kg7 Qb5 Qxc2 Qd3 Qxb2 Rb1 Qxa2 Kg2 Qe6 Rb7 Qf6 Rg4 Rh8 Rxc7 Qe6 f4 exf4 Rxf4 Raf8 Qd4+ Qe5 Qxe5+ dxe5 Rg4 Rh6 Rxa7 Rfh8 h4 Kf6 Bc4 Kg7 Rxf7+ Kg8 Re7+ Kf8 Rxe5 Rxh4 Rxh4 Rxh4 Kg3 Rh1 f3 Rg1+ Kf2 Ra1 Rg5 Kg7 e5 Ra5 e6 Rxg5 e7 Re5,B08
2025-07-09,0P8O8oVj,blitz,20:52,1214,1209,-5,loss,-1,white,1294,Aublionel,85,19,e4 d5 e5 d4 h3 c6 Nf3 Qb6 b3 Bf5 d3 Nd7 Nbd2 Qb4 Bb2 Nxe5 Bxd4 Nxf3+ Qxf3 Qxd4 Qxf5 Qxa1+ Ke2 e6 Qa5 Nf6 g4 Bd6 Bg2 Qe5+ Qxe5 Bxe5 Re1 Nd5 Kd1 Nc3+ Kc1 Bf4,B01
2025-07-11,rcN09py8,blitz,07:29,1209,1201,-8,loss,-1,black,1152,omerozc,-49,32,e4 e5 Nf3 Nc6 Bc4 Nf6 Ng5 d5 exd5 Na5 Bb3 Nxb3 axb3 Qxd5 Qf3 Qd7 d3 Be7 Be3 Ng4 Ne4 O-O Rxa7 Rxa7 Bxa7 b6 Nbc3 Bc5 Nxc5 bxc5 Bxc5 Re8 Ne4 c6 Ng5 h6 Ne4 f5 Nd6 e4 Qf4 exd3+ Nxe8 Qxe8+ Kd2 Qe2+ Kc3 Qxc2+ Kb4 Nxf2 Rc1 Qxb2 Bxf2 d2 Rd1 Qc1 Qxd2 Qxd2+ Rxd2 Be6 Rd8+ Kh7 Rd6 Bd7 Rxd7,C58
2025-07-11,dsfIs4wD,bullet,11:08,1039,1033,-6,loss,-1,black,1027,difreitas,-6,28,e4 e5 Nf3 Nc6 d4 exd4 Nxd4 Nxd4 Qxd4 Qe7 Bc4 Nf6 Nd2 Qc5 Qxc5 Bxc5 O-O Ng4 Nb3 d6 Nxc5 dxc5 Bf4 c6 Rae1 O-O h3 Nf6 g4 Nd7 Bd6 Re8 e5 b5 Bd3 c4 Bf5 Nb6 e6 fxe6 Be4 Bd7 f4 Nc8 Bc5 Kf7 Rd1 Nb6 Bxb6 axb6 Rxd7+ Kf6 Rfd1 b4 g5#,C44
2025-07-11,UPvbduqs,blitz,14:50,1201,1193,-8,loss,-1,white,1170,salunkhi,-23,29,e4 e5 Nf3 Nc6 Bb5 d6 d4 Nf6 d5 a6 Bxc6+ bxc6 dxc6 Nxe4 Qd5 Nf6 Bg5 Be6 Qd3 h6 Bxf6 Qxf6 O-O d5 Nc3 Bf5 Qe3 d4 Qxe5+ Be7 Qxd4 O-O Qxf6 Bxf6 Nd5 Bxb2 Rab1 Bf6 Nxc7 Rac8 Nd5 Bxc2 Rb6 Bd3 Rd1 Bc4 Nxf6+ gxf6 Rd6 Bxa2 Rxf6 Kg7 Rd6 Rfd8 Rxd8 Rxd8 c7 Rd1+,C62
2025-07-11,S46pL29Y,blitz,15:22,1193,1200,7,win,1,black,1211,oussoo,11,34,e4 e5 Bc4 Nf6 d3 Bc5 Bg5 O-O Nf3 d6 O-O Bg4 Nbd2 Nbd7 a3 a6 b4 Ba7 b5 axb5 Bxb5 c6 Bc4 h6 Bh4 b5 Bb3 Bd4 Ra2 Bc3 Nb1 Bxf3 Qxf3 Bd4 Qf5 d5 Nd2 Bc5 a4 d4 axb5 Rxa2 Bxa2 cxb5 Nb3 Be7 Nd2 Qc8 Bb3 Nc5 Bd5 Qxf5 exf5 Nxd5 Bxe7 Nxe7 Nf3 Nd7 Nh4 f6 Rc1 Nb6 c3 Nbd5 c4 Nc3 g4 Ne2+,C24
2025-07-12,1kanSEn6,blitz,08:16,1200,1193,-7,loss,-1,white,1189,Denizmuslera,-4,50,e4 g6 d4 d6 d5 Bg7 c3 Nf6 Bd3 c6 Bg5 cxd5 Bxf6 Bxf6 exd5 Qb6 b4 Qc7 h3 Bxc3+ Nxc3 Qxc3+ Ke2 Qe5+ Kf1 Qxd5 Nf3 O-O Qd2 Bf5 Rd1 Bxd3+ Qxd3 Qxd3+ Rxd3 Nc6 a3 f6 Ke2 Ne5 Nxe5 dxe5 Rhd1 Rac8 g4 Rc2+ Ke3 Rc7 Rd7 Rfc8 Rd8+ Rxd8 Rxd8+ Kf7 Rd3 b6 f3 Ke6 Rb3 Rc2 a4 Rh2 Rc3 Rb2 b5 Ra2 Rc4 Kd5 Rc7 Rxa4 Rxe7 Rb4 Rxa7 Rxb5 Rxh7 Rb3+ Kf2 e4 Rd7+ Ke6 Rd1 exf3 Re1+ Kf7 Re3 Rxe3 Kxe3 Ke6 Kxf3 Ke5 Ke2 Kf4 Kd3 Kg3 h4 Kxh4 g5 Kxg5 Kc4 Kf5,B06
2025-07-12,IeTHRZhL,bullet,12:51,1033,1040,7,win,1,black,1067,aparicioescaques,27,34,e4 e5 Nf3 Nc6 Bb5 a6 Bxc6 dxc6 O-O Bg4 d4 exd4 Qxd4 Bxf3 Qxd8+ Rxd8 gxf3 Bc5 Be3 Bd6 Nc3 f6 f4 Ne7 Rad1 O-O Ne2 Ng6 c4 b6 a3 Nh4 b4 b5 c5 Be7 f5 Rxd1 Rxd1 Rd8 Rxd8+ Bxd8 f4 Nf3+ Kf2 Nxh2 e5 Ng4+ Kf3 Nh6 e6 Nxf5 Ke4 g6 Nd4 Nxd4 Bxd4 Be7 Bc3 f5+ Ke5 Kg7 Bd2 Kh6 Be3 Kg7 Bf2 Bf6#,C69
2025-07-12,DDdd0G62,blitz,13:28,1193,1188,-5,loss,-1,white,1245,Artem_Mtt,57,32,e4 e6 d4 d5 e5 c5 Nf3 Nc6 Bb5 Qb6 Bxc6+ bxc6 Nc3 cxd4 Nxd4 Bb4 Bd2 c5 Ndb5 Bxc3 Nxc3 Qb7 Rb1 Nh6 Bxh6 gxh6 Qf3 Rg8 O-O Qa6 a3 Bb7 Qh5 d4 Nd1 Bxg2 Ne3 Bf3+ Ng4 Bxg4 Qh4 Be2+ Qg3 Rxg3+ hxg3 Bxf1 Rxf1 O-O-O f3 Rg8 g4 f5 Rf2 fxg4 f4 g3 Rg2 h5 Rd2 h4 Kg2 Qb7+ Kh3 Qh1+,C02
2025-07-12,vxQkNZOs,blitz,16:01,1188,1181,-7,loss,-1,white,1168,Aslan_Edits,-13,33,e4 c5 Nf3 Nc6 Bb5 g6 d3 Bg7 c3 a6 Bxc6 bxc6 d4 Bb7 d5 cxd5 exd5 e6 c4 Qa5+ Bd2 Qb6 O-O Qxb2 Bc3 Bxc3 Nxc3 Qxc3 Re1 Qxc4 Ne5 Qxd5 Qxd5 Bxd5 Rab1 Ne7 Rb6 O-O Ng4 Rfb8 Rxb8+ Rxb8 Nf6+ Kg7 Nxd7 Rd8 Nxc5 Bxa2 h3 Rd5 Nxa6 Bc4 Nb4 Rb5 Nc2 Rb2 Ne3 Rb4 Ng4 Nf5 Ne5 f6 Nd7 Rb5 Rxe6 Bxe6,B31
2025-07-12,jcjr3Rl2,blitz,16:19,1181,1175,-6,loss,-1,black,1213,Kezchesschess,38,20,e4 e5 Nf3 Nc6 Bc4 Nf6 d3 Bc5 c3 a6 b4 Ba7 d4 Nxe4 Nbd2 Nxc3 Qc2 exd4 Bb2 Qe7+ Kf1 Ne2 Re1 Nxb4 Qa4 O-O Rxe2 Qc5 Bxd4 Qf5 Bxa7 Nd3 Qb3 Nf4 Re5 Qg6 g3 d6 Rg5 Qf6 Bd4,C54
2025-07-12,ingLNHmg,blitz,16:34,1175,1181,6,win,1,white,1151,Viv100,-30,28,e4 e5 Nf3 Nc6 Bb5 d6 d3 Bg4 h3 Bh5 Nc3 h6 Qe2 Qd7 Qe3 a6 Bxc6 Qxc6 Bd2 Be7 O-O Bg5 Nxg5 hxg5 Qxg5 Bg6 Nd5 Qd7 Ba5 b6 Bxb6 cxb6 Nxb6 Rh5 Qe3 Qb7 Nxa8 Qxa8 b3 Ne7 Rfe1 Nc6 Qb6 Nd4 Rac1 Qc8 c3 Nc6 b4 Rg5 Re3 Ne7 Qxd6 Kf8 c4 Kg8 Qxe7,C62
2025-07-13,P4qJTi65,blitz,14:01,1181,1175,-6,loss,-1,black,1226,mehdichekired00,51,34,e4 e5 Nf3 Nc6 Bb5 a6 Bxc6 dxc6 d3 f6 O-O Bc5 Be3 Bxe3 fxe3 Bg4 Nbd2 Qd6 Nc4 Qc5 Qd2 Bxf3 Rxf3 Ne7 b4 Qa7 a4 O-O-O Rg3 g5 Rf3 b5 axb5 cxb5 Na5 Rd6 Raf1 Ng8 c4 h5 c5 Re6 d4 Nh6 Rxf6 Rxf6 Rxf6 Ng4 Rf5 c6 Rxg5 Rf8 Rf5 Rg8 h3 Qg7 hxg4 Qxg4 Qf2 h4 Rf8+ Rxf8 Qxf8+ Kd7 Qf5+ Qxf5 exf5 Ke7 dxe5,C68
2025-07-13,F1QNsXpL,blitz,16:07,1175,1181,6,win,1,white,1167,pjchaalan,-14,42,e4 e5 Nf3 Nc6 Bb5 Qf6 c3 a6 Bxc6 Qxc6 d3 d5 Nxe5 Qf6 d4 Bd6 Nf3 dxe4 Qe2 Bg4 Bg5 Qxg5 Qxe4+ Qe7 Qxe7+ Bxe7 Ne5 Nf6 O-O O-O-O Nxf7 Rde8 Nxh8 Rxh8 Nd2 Bd6 h3 Be2 Rfe1 Bd3 Nf3 Ne4 Rad1 Bc2 Rc1 Bd3 c4 Bb4 Re3 Bxc4 Rxc4 Bd6 Rxe4 Rf8 Ng5 h6 Ne6 Re8 d5 Kd7 Rg4 c6 Rxg7+ Be7 Nc5+ Kd6 Nxb7+ Kxd5 Rc5+ Ke6 Rg6+ Kf7 Rxh6 Bxc5 Nxc5 Re1+ Kh2 Re2 Rh7+ Kg6 Rc7 Rxf2 Rxc6+ Kf5 Rxa6,C60
2025-07-13,I1xQoSB2,blitz,17:19,1181,1175,-6,loss,-1,white,1139,flinubbb,-36,44,e4 e5 Nf3 d5 h3 dxe4 Nxe5 Bd6 Nc4 Bc5 Nc3 Be6 Ne5 Qf6 Qe2 Qxe5 Qxe4 Qxe4+ Nxe4 Bb6 d3 Nf6 Nxf6+ gxf6 Be2 f5 Bf4 Nc6 c3 O-O-O Bf3 Rxd3 O-O Bc4 Rfe1 Rdd8 Bh5 Be6 b4 Rhg8 a4 Bd5 g3 a6 a5 Ba7 Be2 Ne7 c4 Be6 Rac1 Ng6 Bd2 f4 Bxf4 Nxf4 c5 Nxh3+ Kg2 Rd5 Bf3 Rd4 c6 b6 g4 Bxg4 Bxg4+ Rdxg4+ Kxh3 bxa5 bxa5 Bxf2 Re7 Rg3+ Kh2 Be3 Rxf7 Bxc1 Rxh7 Rg2+ Kh3 R8g3+ Kh4 Bg5+ Kh5 Rh3+ Kg6 Be3+,C40
2025-07-13,9DgWLa0l,blitz,18:36,1175,1180,5,win,1,black,1114,droind,-66,31,g3 e5 Bg2 d5 e4 d4 d3 Nc6 c3 Nf6 Ne2 Bc5 cxd4 Nxd4 Nxd4 Qxd4 Qe2 Ng4 O-O O-O h3 Nf6 Bg5 Qxb2 Qxb2 Nd7 Nd2 Bd4 Qb4 Bxa1 Rxa1 f6 Be3 a6 Rc1 c6 Nf3 a5 Qc3 Ra6 Bc5 Rf7 Bd6 b5 Nh4 Nb6 Bc7 Na4 Qb3 Nc5 Rxc5 a4 Qc2 Be6 Bd8 b4 Nf5 b3 axb3 axb3 Qb2 Ra2,A00
2025-07-13,3eUencYJ,blitz,20:01,1180,1175,-5,loss,-1,white,1269,suryaprasadMB,94,75,e4 e5 Nf3 d6 h3 h6 Bc4 Nc6 Bb5 a6 Bxc6+ bxc6 d3 c5 Nc3 Nf6 Be3 Bb7 O-O g5 Nh2 g4 Nxg4 Nxg4 hxg4 h5 gxh5 Qh4 g4 O-O-O Qf3 Rd7 Qf5 Rg8 f3 Qg3+ Kh1 Qh3+ Kg1 f6 Rf2 c4 Rh2 Qg3+ Rg2 Qh4 Bf2 Qg5 Qxg5 fxg5 Ne2 cxd3 cxd3 Rf7 Rg3 Bh6 Kf1 Rgf8 Ng1 a5 Ke2 Ba6 Rc1 Bb5 a3 a4 Be3 Kd7 Bd2 c5 Ba5 Rf4 Kd2 Kc6 Kc3 d5 Ne2 d4+ Kd2 Rxf3 Rxf3 Rxf3 Ng1 Rxd3+ Ke2 Re3+ Kf2 Rxe4 Kg3 Re3+ Nf3 e4 Re1 Rxf3+ Kg2 d3 Rxe4 d2 Bxd2 Rd3 Re2 Rg3+ Kxg3 Bxe2 Bc3 Bc4 Kf3 Kd5 Ke3 Kc6 Ke4 Kb5 Ke5 Be2 Kf6 c4 Kg6 Bf8 Kxg5 Bf3 h6 Bxh6+ Kxh6 Bxg4 Kg5 Bd1 Kf4 Kc5 Ke3 Bb3 Ke4 Kb6 Kd4 Kc6 Ke5 Kc5 Bd4+ Kb5 Bc3 Kc6 Bb4 Kd7 Kd4 Ke6 Kc5 Ke5 Bc3+ Ke4 Kb4 Kd3,C41
2025-07-13,jgpSAtBf,blitz,20:29,1175,1181,6,win,1,black,1209,zzardy,28,35,c4 e5 e4 Nf6 Nc3 Bb4 a3 Bxc3 dxc3 Nxe4 f3 Nc5 Ne2 d6 Be3 Ne6 g3 O-O Bh3 Nc6 Bxe6 Bxe6 c5 Qf6 cxd6 Qxf3 Kd2 Qd5+ Kc2 Qxd6 Qxd6 cxd6 Rad1 Bf5+ Kc1 Rad8 Bxa7 Nxa7 c4 b6 b4 Nc6 Nc3 Nd4 Rhf1 Nb3+ Kb2 Nd4 a4 g6 a5 bxa5 bxa5 Ra8 Ra1 Rfb8+ Kc1 Nb3+ Kb2 Nxa1+ Kxa1 Rxa5+ Na2 Rb4 Rc1 Bd3 Rb1 Bxb1 h3 Rxa2#,C20
2025-07-13,TvC6eXgh,blitz,20:46,1181,1188,7,win,1,white,1203,Darius1975,15,33,e4 c6 Nf3 d5 e5 e6 d4 Bd7 Nc3 Bb4 a3 Bxc3+ bxc3 Ne7 Bg5 h6 Bxe7 Qxe7 Bd3 c5 Qb1 b6 O-O c4 Be2 O-O Qc1 Nc6 Qe3 Be8 Nd2 f6 Rfe1 f5 Qg3 Bg6 Qxg6 Nd8 Bh5 Nf7 Nf3 Ng5 Nxg5 Qxg5 Qxe6+ Kh8 Qg6 Qd2 Qd6 Qxc3 Qxd5 Qxc2 Rac1 Qb3 Rxc4 Qxa3 Rc7 Qb4 Rd1 Rad8 Qc4 Qb1 d5 Qxd1+ Bxd1 Rxd5,B10
2025-07-14,0Jfsjgha,blitz,07:22,1188,1193,5,win,1,black,1147,Olaug,-46,45,e4 e5 d3 Bc5 Nf3 d6 Nc3 Bg4 Be2 Bxf3 Bxf3 Nf6 Bg5 h6 Bxf6 Qxf6 Qe2 Nc6 Nd5 Qd8 O-O-O Nd4 Qe1 O-O c3 Qg5+ Kb1 Ne6 h4 Qd8 g4 c6 Ne3 Bxe3 Qxe3 Nf4 d4 Qa5 g5 h5 Qd2 g6 dxe5 dxe5 c4 Qc5 b3 Rad8 Qb2 Nd3 Qd2 Nxf2 Qxd8 Rxd8 Rxd8+ Kg7 Rh2 Nxe4 Bxe4 Qg1+ Kb2 Qxh2+ Ka3 Qxh4 Bc2 Qxg5 Rd7 Qc1+ Kb4 Qxc2 Rxb7 Qd2+ Ka3 Qa5+ Kb2 c5 Re7 Qd2+ Ka3 a5 Rxe5 Qb4+ Kb2 Qd2+ Ka3 Qc1+ Ka4 Qc3 Ka3 Qxe5,C20
2025-07-14,2V49mqA7,blitz,12:45,1193,1200,7,win,1,black,1321,Medetesenkul,121,24,e4 e5 Nf3 Nc6 Bc4 f6 Bb5 a6 Bxc6 dxc6 Nxe5 fxe5 Qh5+ g6 Qxe5+ Qe7 Qxh8 Qxe4+ Kf1 Qxc2 Nc3 Bf5 d4 Bd3+ Ke1 O-O-O Be3 Bb4 Rc1 Bxc3+ bxc3 Qxa2 Bd2 Re8+ Kd1 Be2+ Ke1 Bd3+ Kd1 Qe6 Re1 Qg4+ f3 Rxe1+ Kxe1 Qe6+ Kd1 Qe2#,C50
2025-07-14,XY8SfDDw,blitz,16:48,1200,1195,-5,loss,-1,black,1196,rajesi,1,42,d4 d5 Nc3 Nf6 Bg5 h6 Bxf6 gxf6 e4 e6 exd5 Bb4 Ne2 Qxd5 Qd3 Nc6 Nf4 Bxc3+ Qxc3 Qe4+ Ne2 Bd7 O-O-O O-O-O Ng3 Qf4+ Qd2 Qg5 Qxg5 fxg5 Ne4 Nb4 a3 Nd5 c4 Ne7 Nf6 Ba4 Rd2 Nf5 d5 a6 Bd3 Nd4 dxe6 Nb3+ Kd1 Nxd2+ Kxd2 fxe6 Kc3 Rhf8 Ne4 e5 f3 Bc6 Nc5 Rd6 Rf1 b6 Nxa6 Rfd8 Bf5+ Kb7 Nb4 Rd2 Nxc6 Kxc6 Be4+ Kc5 g4 Rxh2 b4+ Kd6 a4 Ke7 Bd5 Rh3 Re1 Rxf3+ Bxf3 Rd4 Rxe5+ Kf6 Kxd4,D01
2025-07-14,nQE6F4cK,blitz,16:59,1195,1200,5,win,1,white,1181,pank83ga,-19,24,e4 e5 Nf3 Qf6 Nc3 c6 d3 h6 h3 Bc5 Na4 d6 Nxc5 dxc5 Be3 b6 c4 Bb7 Be2 Nd7 O-O O-O-O Qa4 a5 Nd2 g5 Bg4 Kc7 Nb1 h5 Bxd7 Rxd7 Nc3 Rxd3 Bxc5 bxc5 Qxa5+ Kc8 Na4 Rd4 Nxc5 Rxc4 Rad1 Nh6 Rd7 Rd8 Qc7#,C40
2025-07-14,wXZmKXlN,blitz,17:07,1200,1206,6,win,1,black,1204,SamukaPinheiro,-2,36,e4 e5 Nf3 Nc6 Bc4 Nf6 d3 Bc5 Be3 Bxe3 fxe3 a6 c3 d6 b4 Bg4 Nbd2 O-O Qb3 Bxf3 Nxf3 Ng4 O-O Nxe3 Rf2 Qf6 Re1 Ng4 h3 Nxf2 Kxf2 b5 Bd5 Nd4 cxd4 Rad8 h4 Qf4 Kg1 Qg3 Ng5 Qxe1+ Kh2 Qf1 Nxf7 Rxf7 Kh3 Qh1+ Kg3 Qe1+ Kh3 Rd7 a4 Qe3+ Kh2 Qf4+ g3 Qf2+ Kh3 Qf1+ Kg4 Qf6 axb5 axb5 Qa2 h5+ Kh3 Kh7 Qa5 Qf1+ Kh2 Rf2#,C50
2025-07-15,8XpYfBPl,blitz,07:19,1206,1211,5,win,1,white,1190,AREZA1214,-21,2,e4 e5 Nf3,C40
2025-07-15,l5QEaL8z,blitz,07:42,1211,1218,7,win,1,white,1255,kem_hassan,37,62,e4 e5 Nf3 Nc6 Bb5 a6 Bxc6 bxc6 d3 d6 Nc3 Bg4 h3 Bxf3 Qxf3 Nf6 Bg5 h6 Bxf6 Qxf6 Qxf6 gxf6 O-O Rd8 a3 d5 Rae1 Bg7 Na4 Bf8 b4 Ra8 Nc3 h5 Ne2 h4 c3 Bh6 a4 Bd2 Rd1 Bg5 a5 Rb8 f4 Bh6 fxe5 fxe5 Rf6 Be3+ Kh1 Kd7 Rxf7+ Kd6 Rf6+ Kd7 Rf5 Kd6 d4 exd4 Nxd4 Bxd4 Rxd4 Rbe8 Rf6+ Ke5 Rxc6 dxe4 Rc5+ Kf4 Rxc7 Ke5 Rc5+ Kf4 Rc6 Ke5 Rxa6 e3 Rd1 Kf5 Re1 e2 Rd6 Kf4 Rd3 Ke4 Rd2 Kf4 Rexe2 Rxe2 Rxe2 Rc8 Rc2 Ke3 a6 Kd3 Rc1 Ra8 b5 Kc4 Rb1 Kxc3 Kg1 Kc4 Kf2 Rb8 a7 Ra8 b6 Kc5 Kf3 Kc6 Kg4 Kb7 Kxh4 Rc8 Rb4 Rc6 g4 Rxb6 Rxb6+ Kxb6 a8=Q,C68
2025-07-15,qUuEgZqc,blitz,13:10,1218,1212,-6,loss,-1,white,1243,mrtvocich,31,20,e4 e5 Nf3 Nf6 Nc3 Bb4 a3 Bxc3 bxc3 Nxe4 Bb2 Nf6 Bc4 d5 Ba2 Bg4 d3 Nc6 O-O Qd6 Re1 O-O-O c4 d4 c3 h5 h3 Bf5 Ng5 Bxh3 Nxf7 Qe6 Nxd8 Kxd8 g3 h4 c5 Qf5 Qb3 Qf3,C42
2025-07-15,MYF06nUG,bullet,13:17,1040,1047,7,win,1,black,1083,ViktarStr,36,11,e4 e5 Nf3 Nc6 d4 a6 Ng5 exd4 Bc4 d5 Bxd5 Ne5 Bf4 Be7 Nxf7 Nxf7 Qxd4 Nf6 Bxf7+ Kxf7 O-O Qxd4,C44
2025-07-15,HQyAyIHi,blitz,13:22,1212,1207,-5,loss,-1,white,1236,zomboy12,29,47,e4 e5 Nf3 Nc6 Bb5 a6 Bxc6 dxc6 d3 Bd6 Nc3 h6 h3 Nf6 O-O O-O Be3 Re8 Ne2 Be6 b3 Nh5 c4 Nf4 Bxf4 exf4 Qd2 c5 Nxf4 Qd7 Nxe6 Qxe6 Nh4 Qe5 Nf3 Qf6 Rae1 Qg6 e5 Be7 Re4 h5 e6 fxe6 Ne5 Qf6 f4 Bd6 Rf3 Rf8 Nd7 Qe7 Nxf8 Rxf8 f5 Qd7 fxe6 Qe7 Rxf8+ Qxf8 Qf2 Qe7 Qf7+ Qxf7 exf7+ Kxf7 Re3 Kf6 Rf3+ Kg5 g3 h4 Kg2 hxg3 Rxg3+ Bxg3 Kxg3 Kf5 Kf3 Ke5 h4 Kd4 Ke2 Kc3 Ke3 Kb2 Ke4 Kxa2 Kd5 Kxb3 Kxc5 a5 Kb5 a4,C68
2025-07-15,cKktgLhl,blitz,17:53,1207,1212,5,win,1,white,1185,yaswant_ku_jena,-27,52,e4 b6 Nf3 Bb7 d3 Nf6 Nc3 d6 Bg5 h6 Bxf6 exf6 Be2 Be7 Nh4 f5 Nxf5 O-O Bg4 Bf6 Qf3 Nd7 Ne2 Ne5 Qg3 Nxg4 Qxg4 g6 Nxh6+ Kh7 Qh3 Bh4 Ng4 Kg7 Nf4 Bg5 Nh5+ Kg8 Nhf6+ Bxf6 Nxf6+ Qxf6 c3 Bc8 Qh6 Qg7 Qg5 f6 Qg3 f5 f3 f4 Qg5 d5 Qxd5+ Qf7 Qxa8 c5 Qc6 Bd7 Qd6 c4 d4 b5 e5 Be6 O-O a5 Rad1 Bf5 d5 Qg7 e6 Kh7 e7 Re8 Rfe1 Bc2 Rd2 Bf5 Re5 Qf6 Qxf6 Kh6 Qh4+ Kg7 Rxf5 gxf5 Re2 Kf7 Re6 Kg7 Qf6+ Kh7 Qh6+ Kg8 Qg6+ Kh8 Qxf5 Kg7 Rg6+ Kh7 Qh5#,B00
2025-07-17,yNUVlViY,blitz,21:54,1212,1207,-5,loss,-1,black,1244,Tenryu,37,24,c4 e5 Nc3 Nf6 g3 Bb4 Nd5 Nxd5 cxd5 d6 Qa4+ c6 Qxb4 cxd5 Bg2 Nc6 Qa4 Bd7 Bxd5 Nd4 Qc4 O-O Bxb7 Be6 Qa6 Qc7 Bxa8 Nc2+ Kf1 Bc4 Qc6 Bxe2+ Nxe2 Qxc6 Bxc6 Nd4 Nxd4 exd4 Be4 Re8 d3 Re5 Bf4 Re6 Kg2 g6 Rhe1 Kg7 Bd5,A22
2025-07-17,mfQjyLlk,blitz,22:06,1207,1202,-5,loss,-1,white,1219,Totichor,17,30,e4 Nf6 Nc3 e5 d3 Bb4 Bg5 h6 Bxf6 Qxf6 Nf3 O-O Be2 d6 O-O Nc6 Nd5 Qd8 c3 Ba5 b4 Bb6 b5 Ne7 Nb4 a5 Nc2 f5 c4 f4 h3 Ng6 Ne3 fxe3 fxe3 Nh4 Nxh4 Qxh4 Rxf8+ Kxf8 Qf1+ Kg8 Qf3 Bd7 Rf1 Qe7 Qh5 Bxe3+ Kh1 Rf8 Rxf8+ Qxf8 Bg4 Qf1+ Kh2 Bf4+ g3 Qf2+ Kh1 Bxg3,C26
2025-07-18,bXbo7jbO,blitz,16:50,1202,1209,7,win,1,black,1311,manish1900,102,49,e4 e5 Bc4 Nf6 d4 Nc6 d5 Ne7 Nc3 Ng6 Bg5 Be7 Nf3 d6 Qd2 Bg4 h3 Bxf3 gxf3 Nh5 Bxe7 Qxe7 O-O-O Nhf4 Ne2 Qh4 Bb5+ Ke7 Nxf4 Qxf4 Qxf4 Nxf4 Rdg1 g6 Re1 a6 Bd3 b5 Re3 Kd7 Bf1 c5 dxc6+ Kxc6 Rc3+ Kb6 a3 Ne6 h4 Nd4 h5 Rac8 hxg6 fxg6 Bg2 Rxc3 bxc3 Ne2+ Kd2 Nf4 Bf1 Ka5 Kc1 h5 Kb2 Rc8 Rg1 Ka4 Bd3 Rc6 Rd1 d5 exd5 Nxd5 Be4 Nxc3 Bxc6 Nxd1+ Kc1 Nxf2 Kb2 Nd1+ Kc1 Ne3 Be8 Kxa3 Kb1 Kb4 Bxg6 h4 Be4 Kc3 Kc1 a5 Bc6 b4 Ba4 h3,C24
2025-07-19,G4CE5qX3,blitz,08:50,1209,1204,-5,loss,-1,white,1245,lbilocas,41,28,e4 e5 Nf3 Nc6 Bb5 Nf6 d3 d6 Bg5 Be7 Bxf6 Bxf6 Nc3 Bd7 Bxc6 bxc6 O-O O-O h3 Re8 Ne2 d5 Ng3 Qc8 Nf5 Bxf5 exf5 Qxf5 Qe2 e4 Nd4 Bxd4 dxe4 Qxe4 Qxe4 Rxe4 Kh1 Bxb2 Rab1 Bc3 Rb7 Re7 Rfb1 g6 R1b3 d4 a4 a5 Kh2 Bb4 f3 Re2 Rb2 Rae8 Rxc7 Bd6+,C65
2025-07-19,kfGko3cs,blitz,08:54,1204,1198,-6,loss,-1,white,1176,Dimetrious,-22,64,e4 e6 d4 d5 e5 c5 Nf3 Nc6 Bb5 Ne7 Bg5 Qa5+ Nc3 a6 Bxc6+ bxc6 Bxe7 Bxe7 O-O cxd4 Qxd4 Bc5 Qg4 Kf8 Ne2 Be7 Ned4 c5 Nc6 Qc7 Nxe7 Qxe7 b3 h6 c4 d4 Qe4 Qb7 Qd3 a5 a4 Ke7 Rae1 Bd7 Nd2 Bc6 Qg3 Rhg8 Re2 Rad8 Rfe1 f5 Qh4+ Kd7 Qh5 Kc8 Nf3 Bxf3 Qxf3 Qxf3 gxf3 Kc7 f4 Kc6 Rb2 Rb8 Rd1 Rgd8 Kg2 Rb6 h4 Rdb8 h5 Rxb3 Rxb3 Rxb3 f3 Rc3 Kg3 Rxc4 Rb1 Rb4 Ra1 Kd5 Kf2 c4 Ke2 Rb3 Ra2 Kc5 Kd2 Kb4 Kc2 Ra3 Rb2+ Rb3 Ra2 Rxf3 Rb2+ Kc5 Rb5+ Kc6 Rxa5 Rf2+ Kb1 c3 Ra6+ Kb7 Rxe6 d3 Re7+ Kc6 Re6+ Kd5 Rd6+ Ke4 a5 Rf1+ Ka2 d2 Rxd2 cxd2 a6 d1=Q a7 Qa1+ Kb3 Qxa7,C02
2025-07-20,YPxx6sbc,bullet,12:19,1047,1054,7,win,1,black,1091,remi2208,37,21,d4 d5 c4 e6 cxd5 Qxd5 Nc3 Qd8 Qb3 Nc6 a3 Nf6 e3 Bd6 Bb5 Bd7 Bd2 O-O Be2 Na5 Qd1 Qe8 g4 Ba4 Qc1 Nb3 Qb1 Nxa1 Qxa1 Bc2 Qc1 Be4 f3 Bc6 g5 Nd5 h4 Nxc3 bxc3 Bg3+ Kd1 Ba4+,D30
2025-07-20,TyvMp2oj,blitz,14:19,1198,1203,5,win,1,black,1159,StefanMatijevic,-44,12,e4 e5 Nf3 d6 d4 Bg4 dxe5 Bxf3 Qxf3 dxe5 Bc4 Nf6 Bg5 Be7 Nc3 Nc6 Nd5 Nd4 Nxf6+ Bxf6 Qe3 Bxg5 f4 Nxc2+,C41
2025-07-21,Q1gas4wm,blitz,06:15,1203,1198,-5,loss,-1,white,1263,BrazilChess,65,8,e4 e5 Nf3 Bc5 Bc4 Bxf2+ Kxf2 Nf6 d3 c6 Bg5 Qb6+ Ke2 Ng4 Re1 Qf2#,C40
2025-07-21,gnpCQoyg,blitz,06:16,1198,1191,-7,loss,-1,white,1126,LornAuArcos,-65,22,e4 b6 d4 Bb7 d5 Nf6 Nc3 e6 Bg5 Be7 Bxf6 Bxf6 Bd3 Bxc3+ bxc3 exd5 Qg4 O-O Nf3 dxe4 Bxe4 Bxe4 Qxe4 Nc6 O-O Re8 Qd3 Ne5 Qd1 Qf6 Nd4 c5 Nb5 Qc6 Na3 Re6 Nb1 Rg6 g3 Nf3+ Kh1 Nh4+ Kg1 Qg2#,B00
2025-07-21,hhCv8WMd,blitz,07:02,1191,1186,-5,loss,-1,black,1198,marijus84,12,30,e4 e5 Nf3 Nc6 Bc4 Nf6 Nc3 Bc5 O-O O-O d3 d6 a3 Na5 Ba2 Bd4 Bg5 Bxc3 bxc3 Bg4 d4 Nc6 Qd3 Bxf3 Qxf3 h6 Be3 Ne7 Qg3 Ng6 f4 Nh5 Qg4 Qh4 Qxh4 Nxh4 fxe5 Rae8 exd6 cxd6 e5 dxe5 dxe5 Rxe5 Bd4 Re2 Bb3 Ng6 Rad1 Nhf4 g3 Ng2 Rf2 Re1+ Rxe1 Nxe1 Kf1 Re8 Bxf7+ Kh7 Bxe8,C50
2025-07-21,VZH8oIol,blitz,07:29,1186,1192,6,win,1,white,1212,deuxiemement,20,58,e4 d5 e5 e6 d4 c5 Nf3 Nc6 Bb5 Bd7 Bxc6 Bxc6 Be3 cxd4 Bxd4 Bb4+ c3 Ba5 O-O Ne7 Re1 O-O Nbd2 Nf5 Nb3 b5 Nxa5 Qxa5 a3 Nxd4 Nxd4 Qb6 Qb3 f6 h3 fxe5 Rxe5 Bb7 Rxe6 Qc5 Qxb5 Qxb5 Nxb5 Rae8 Rxe8 Rxe8 Nxa7 Ba6 Nc6 Bb5 Nd4 Bc4 f4 h6 Kf2 g5 f5 Bd3 f6 Rf8 Ke3 Be4 Rf1 Kh7 Ne6 Rf7 g3 Kg6 h4 Rxf6 Rxf6+ Kxf6 hxg5+ Kxe6 gxh6 Kf6 b4 Kg6 b5 Kxh6 b6 d4+ cxd4 Bb7 Kf4 Kg7 Ke5 Kf8 Kd6 Ke8 g4 Kd8 g5 Kc8 g6 Kb8 g7 Bc8 g8=Q Kb7 Kc5 Kb8 a4 Kb7 a5 Kb8 Kd6 Kb7 Qd5+ Kb8 Qc5 Bb7 a6 Bxa6 Qc7+ Ka8 Qa7#,C02
2025-07-21,sIPa5Beg,blitz,13:53,1192,1186,-6,loss,-1,black,1180,Niyaz283736,-6,54,e4 e5 Nf3 Nc6 d4 d6 d5 Nd4 Nxd4 exd4 Qxd4 f6 Nc3 Be7 h3 Nh6 Be2 Nf7 O-O Ne5 Bf4 Bxh3 gxh3 Qd7 Bxe5 fxe5 Qd3 a6 Bg4 Qd8 a3 Bh4 Ne2 g6 Ng3 h5 Be6 Qg5 Qf3 Rf8 Qe3 Qxe3 fxe3 Bxg3 Kg2 Bh4 Rxf8+ Kxf8 Rf1+ Kg7 Rf7+ Kh6 Rxc7 Rf8 Rf7 Rxf7 Bxf7 Kg5 Kf3 Be1 c4 b6 b3 a5 a4 Bb4 Be6 h4 Bg4 Kf6 Be6 g5 Kg4 Kg6 Bf5+ Kh6 Be6 Bc5 Kf5 Bxe3 Bf7 Bc5 Ke6 Kg7 Bh5 Kh6 Bg4 Kg7 Kd7 Kf6 Kc6 Ke7 Kc7 Kf6 Kd7 Kg7 Ke6 Kg6 Bf5+ Kh6 Bg4 Kg6 Bf5+ Kh6 Kf6 Kh5 Kg7,C44
2025-07-21,Ly5tAPZJ,blitz,14:04,1186,1192,6,win,1,white,1172,olddub,-20,14,e4 e6 d4 d5 e5 Nc6 Nf3 f6 Bb5 Bd7 Bxc6 Bxc6 Be3 fxe5 Nxe5 Ne7 O-O Qd6 a3 O-O-O b4 Bb5 Nf7 Bxf1 Nxd6+ Rxd6 Kxf1,C02
2025-07-21,S8x5BoL1,blitz,14:05,1192,1191,-1,draw,0,black,1166,Georg_tkach,-25,30,c4 e5 Nc3 Nf6 e4 Bb4 Qc2 Bxc3 Qxc3 Nc6 Nf3 d6 c5 Nxe4 Qc4 Be6 Qxe4 Nd4 Nxd4 exd4 Qxd4 O-O cxd6 cxd6 Bd3 Bh3 gxh3 Re8+ Be4 Qg5 f4 Qxf4 d3 Qf3 Rf1 Qxh3 Bf4 Qh4+ Rf2 Rac8 Bg3 Qg5 Bxd6 Rc1+ Rxc1 Qxc1+ Ke2 Qxb2+ Ke3 Qc1+ Kf3 Qd1+ Kg2 Qg4+ Kf1 Qd1+ Kg2 Qg4+ Kf1 Qd1+ Kg2,A22
2025-07-21,PBlhS4IE,blitz,14:14,1191,1197,6,win,1,white,1191,Dave1300,-6,5,e4 e5 Nf3 Nc6 Bb5 d6 c3 Bd7 Bxc6 a6,C62
2025-07-21,To0NhMjl,blitz,14:15,1197,1202,5,win,1,black,1157,MT_1294,-45,26,e4 e5 Nf3 Nc6 Bc4 Nf6 d3 h6 O-O Bc5 c3 d6 d4 exd4 cxd4 Bb6 Nc3 Bg4 h3 Bxf3 Qxf3 Nxd4 Qd3 O-O Re1 a6 e5 dxe5 Rxe5 Qd6 Bxh6 Qxe5 Be3 Rad8 Re1 Nf3+ gxf3 Rxd3 Bxd3 Bxe3 Rxe3 Qg5+ Kf1 Rd8 Be4 Nxe4 fxe4 Rd2 Rg3 Qf6 Nd5 Qxf2#,C54
2025-07-21,AIJmZk9N,blitz,14:26,1202,1207,5,win,1,white,1186,Dave1300,-21,20,e4 e5 Nf3 d6 d4 f5 dxe5 fxe4 Ng5 Bf5 Bc4 Nh6 Ne6 Bxe6 Bxe6 Qe7 Bxh6 Qxe6 Qh5+ g6 Qh4 Qxe5 Bxf8 Rxf8 Qxh7 Qf5 O-O e3 Nc3 e2 Nxe2 Qxc2 Nd4 Qxb2 Qxg6+ Kd8 Ne6+ Kc8 Nxf8 Nd7 Qe8#,C41
2025-07-21,vEH6EcoZ,blitz,21:42,1207,1201,-6,loss,-1,white,1163,websav,-38,28,e4 e5 Nf3 d5 Nc3 d4 Nd5 c6 Nxe5 cxd5 Bb5+ Ke7 d3 Bd7 Bxd7 Nxd7 Nxd7 Qxd7 exd5 Qxd5 O-O Kd7 Qg4+ Kd8 Bf4 Bd6 Qxg7 Bxf4 Qxh8 Kc7 Qxh7 Nf6 Qh4 Qd6 g3 Be5 Qg5 Rg8 Qd2 Ng4 f4 Bf6 Qa5+ Kb8 Qf5 Nxh2 Kxh2 Rh8+ Kg2 Qc6+ Kf2 Rh2+ Ke1 Qg2 Qe4 Qd2#,C40
2025-07-22,JTpVrvXZ,bullet,10:13,1054,1047,-7,loss,-1,white,1015,apex726,-32,12,e4 d5 e5 e6 d4 f6 Nf3 fxe5 Nxe5 Qh4 g3 Qe4+ Be2 Qxh1+ Kd2 Qxd1+ Kxd1 Bd6 Bh5+ g6 Bxg6+ hxg6 Nxg6 Rxh2,C02
2025-07-22,yI1h1CRc,blitz,10:52,1201,1195,-6,loss,-1,black,1203,manalroufael,8,60,e4 e5 d4 exd4 Qxd4 Nf6 Nc3 Nc6 Qd1 Bb4 Bd2 Bxc3 Bxc3 O-O Nf3 Nxe4 Be2 Nxc3 bxc3 Qf6 Nd2 Qxc3 O-O Nd4 Bd3 d6 a3 Qa5 Nc4 Qg5 f4 Qf6 Qh5 g6 Qg5 Qxg5 fxg5 Ne6 Na5 Nxg5 Nb3 Be6 Nd4 a6 Nxe6 Nxe6 Rab1 b5 c4 c6 cxb5 axb5 Be4 d5 Bf3 Rxa3 Rbc1 Nd4 h3 Kg7 Bg4 f5 Bf3 Ne6 Rxc6 Nf4 Rc7+ Kh6 Rc5 b4 Bxd5 Nxh3+ gxh3 Rxh3 Rb5 b3 Rxb3 Rxb3 Bxb3 Re8 Kg2 Re3 Rf3 Re4 Bg8 Rh4 Rh3 Rxh3 Kxh3 Kg7 Bd5 h5 Kg3 Kf6 Kf4 g5+ Kg3 Ke5 Bf7 h4+ Kh3 Kf4 Bg6 Ke4 Bh5 f4 Bg4 Ke5 Bh5 Kf6 Kg4 f3 Kxf3 Kf5 Bg4+ Kg6 Bc8 h3 Kg3,C21
2025-07-22,2xCNaYiw,blitz,15:22,1195,1189,-6,loss,-1,black,1137,erfan72415,-52,30,e4 e5 Nf3 Nc6 Bc4 Nf6 c3 Bc5 d4 exd4 cxd4 Bb6 Nc3 d6 e5 Ng4 exd6 Be6 O-O O-O Bxe6 fxe6 Bg5 Qxd6 Qe2 Rxf3 g3 Nxd4 Qe4 Nxh2 Kxh2 e5 Rad1 Qc5 Nd5 Re8 Nxb6 axb6 Be3 Qd6 Bxd4 Qh6+ Kg2 Re6 Kxf3 exd4 Qd5 Qf6+ Kg2 Kf7 Qd7+ Kg6 Rxd4 Re2 Rg4+ Kh6 Rh4+ Kg5 Qg4#,C54
2025-07-22,j1qBYqlZ,blitz,20:44,1189,1184,-5,loss,-1,black,1241,xaif77,57,30,d4 d5 c4 e6 a3 Nf6 Nc3 Nc6 Bg5 Be7 Nf3 O-O Qd2 Qd6 O-O-O Bd7 c5 Ne4 Nxe4 Bxg5 Nfxg5 Qe7 f4 f6 Nxh7 Kxh7 h4 f5 Ng5+ Kg8 h5 Be8 h6 gxh6 Rxh6 Qg7 Rh7 Qg6 Rxc7 Bf7 Rxb7 Nd8 Rc7 Qh5 Qe3 Kg7 Qe5+ Kg6 Re7 Re8 Rxe8 Bxe8 e3 Ba4 Rd2 Bd7 Be2 Nc6 Bxh5+ Kxh5 Qd6,D30
2025-07-23,61XVTf1y,blitz,15:48,1184,1179,-5,loss,-1,white,1217,satyammetal,38,54,e4 c6 Nf3 d5 e5 Bf5 d4 e6 Nc3 c5 Bb5+ Nc6 Na4 a6 Bxc6+ bxc6 dxc5 Qa5+ c3 Bg4 Be3 Bxf3 gxf3 Ne7 Nb6 Rd8 Qb3 Qb5 Qxb5 axb5 O-O-O Nf5 f4 Nxe3 fxe3 Bxc5 Nxd5 cxd5 e4 O-O exd5 Rxd5 Rxd5 exd5 Kc2 Re8 Rf1 Be3 h4 Kf8 Kd3 Ba7 b4 Ke7 Rg1 g6 Ra1 Ke6 a4 bxa4 Rxa4 Bg1 b5 Rc8 c4 dxc4+ Rxc4 Rd8+ Ke4 Bf2 Rc6+ Ke7 b6 Rd4+ Kf3 Bxh4 b7 Rb4 Rc7+ Kd8 Rxf7 h5 Rf8+ Kc7 Rf7+ Kb8 e6 Rxb7 Rxb7+ Kxb7 Ke4 Kc7 Kd5 Kd8 Ke5 Ke7 Kd5 Bf6 f5 g5 Ke4 h4 Kf3 Kd6 Kg4 Ke5 Kf3 Kxf5,B12
2025-07-23,ZIl09hGm,blitz,19:01,1179,1185,6,win,1,white,1216,gankam,31,24,e4 e6 d4 b6 e5 Bb7 Nf3 h6 Bc4 Ne7 Bf4 Nf5 Nc3 Bb4 a3 Bxc3+ bxc3 Qe7 O-O O-O h3 a5 Bd3 c6 Bxf5 exf5 Be3 Ba6 Re1 c5 d5 d6 Rb1 Qc7 e6 f6 Bf4 Re8 Nh4 g5 Nxf5 gxf4 Nxh6+ Kh7 Qh5 Qg7 Nf5+ Qh6,C00
2025-07-24,KJlgauz8,blitz,07:17,1185,1190,5,win,1,black,1144,MacRob86,-46,37,d4 d5 Bf4 Nc6 Nf3 Bg4 e3 f6 Be2 Bxf3 Bxf3 e6 Nc3 Bb4 O-O Bxc3 bxc3 Nge7 Be2 a6 c4 g5 Bg3 Qd7 cxd5 exd5 c4 O-O-O c5 Kb8 Rb1 Na5 Qd2 Nec6 Bxa6 Ka7 Be2 Rb8 Rb2 h5 h3 g4 hxg4 hxg4 Bh2 Qh7 Rxb7+ Rxb7 f3 Qxh2+ Kf2 Qh4+ g3 Qh2+ Ke1 Rb1+ Bd1 Qxg3+ Ke2 Qxf3+ Rxf3 Rh2+ Rf2 Rxf2+ Kxf2 Nc4 Qc2 Rb2 Kg3 Rxc2 Bxc2 Nxe3 Kf2 Nxc2,D00
2025-07-24,XVR5cQtV,blitz,11:35,1190,1198,8,win,1,white,1313,tor_baap_shala,115,18,e4 e5 Nf3 Nc6 Bb5 Nf6 d3 Bc5 Bg5 Be7 Bxf6 Bxf6 O-O Nd4 Nxd4 exd4 Nd2 O-O Nf3 d5 h3 dxe4 dxe4 d3 Bxd3 Bxb2 Rb1 Bf6 Re1 Bc3 Re2 Qf6 e5 Qg6 Bxg6,C65
2025-07-24,sU5pX06a,blitz,12:23,1198,1205,7,win,1,white,1288,Mahmoud_has,83,28,e4 e5 Nf3 Nc6 Bb5 Nf6 d3 d6 Bg5 Be7 Bxf6 Bxf6 Nc3 a6 Bxc6+ bxc6 h3 Be6 O-O Qd7 Ne2 Bxh3 gxh3 Qxh3 Ng3 h5 Re1 g5 Qe2 Qe6 Nf5 Rg8 c4 g4 N3h4 Bxh4 Nxh4 g3 Qxh5 gxf2+ Kxf2 Qh3 Rg1 Rxg1 Rxg1 Qxd3 Rg8+ Kd7 Rxa8 Qd4+ Kg3 Qe3+ Nf3 Qxe4 Qxf7#,C65
2025-07-26,uoT1gntx,blitz,14:29,1205,1211,6,win,1,black,1218,ismailrshaikh,7,31,e4 e5 Nf3 Nc6 Bb5 a6 Bxc6 dxc6 d3 Bg4 h3 Bxf3 Qxf3 Nf6 Bg5 Be7 Nc3 Qd4 Be3 Qd7 a3 O-O-O O-O b5 a4 c5 axb5 axb5 Ra8+ Kb7 Rfa1 Rxa8 Rxa8 Rxa8 d4 Ra1+ Kh2 exd4 e5+ Nd5 Nxd5 Kb8 Bf4 h6 Nxe7 Qxe7 c3 g5 Bg3 Qd7 cxd4 cxd4 Qb3 d3 f4 d2 fxg5 d1=Q Qxd1 Qxd1 gxh6 Qh1#,C68
2025-07-26,2CSdgQ7d,blitz,20:47,1211,1204,-7,loss,-1,black,1168,MrUkwn,-36,24,e4 e5 Bc4 Nf6 Nf3 Nc6 d3 Bc5 Bg5 d6 Nbd2 O-O O-O Bg4 h3 Nd4 hxg4 Nxf3+ Nxf3 Qd7 Bxf6 gxf6 Nh4 b5 Bd5 c6 Bb3 Rfb8 Nf5 Kf8 a3 Ke8 Qf3 Kd8 Ng7 Kc7 Qxf6 Qxg4 Qxf7+ Kb6 Ne6 Rg8 Qc7+ Ka6 Qxc6+ Bb6 Nc7+ Ka5 Qxb5#,C50
2025-07-27,lW4Me8xz,blitz,06:36,1204,1210,6,win,1,white,1220,Basor777,10,42,e4 b6 d4 Bb7 Nc3 g6 d5 Bg7 Nf3 Bxc3+ bxc3 d6 Bb5+ Nd7 Qd4 f6 O-O Nh6 Bxh6 g5 Bxg5 fxg5 Qxh8+ Kf7 Nxg5+ Kg6 Qxd8 Rxd8 Nf3 a6 Bxd7 Rxd7 c4 Rd8 h3 Rg8 a4 h6 Ra3 Kf6 Nh4 Ke5 Re1 e6 c3 a5 Re3 Ba6 Rg3 Rc8 Ng6+ Kf6 dxe6 Kxe6 Nf4+ Ke5 Ng6+ Kxe4 Ne7 Rf8 Nd5 Bxc4 Nxc7 Be2 Re3+ Kf4 Nd5+ Kf5 Rxe2 Rd8 Nxb6 d5 c4 d4 Nd5 d3 Rxd3 h5 Ne7+ Kf6 Rxd8 Kf7 Nf5 h4 Nxh4,B00
2025-07-27,ogHn0NtL,blitz,15:37,1210,1205,-5,loss,-1,white,1209,luzhinautumn,4,23,e4 c5 Nf3 e6 Bb5 a6 Bc4 b5 Be2 Nc6 d4 h6 d5 exd5 exd5 Nd4 Nxd4 cxd4 Qxd4 d6 O-O Nf6 Bf4 Bb7 Nc3 Be7 Rfe1 O-O Bd3 b4 Ne2 Re8 Be4 Nxe4 Qxe4 Bf6 Qf3 Qa5 Bxd6 Rad8 Bxb4 Qxb4 Rab1 Bxd5 Qb3 Bxb3,B40
2025-07-27,0Z13jMCr,blitz,15:43,1205,1211,6,win,1,black,1242,abdallah_messi10,31,38,e4 e5 Nf3 Nc6 Bc4 Nf6 d3 Bc5 Bg5 O-O Nc3 d6 h3 Be6 Bxe6 fxe6 Qd2 Qe7 O-O-O Qf7 Nh4 Nh5 f3 Nf4 g3 Ng6 Ng2 Nd4 f4 h6 Bxh6 gxh6 f5 exf5 exf5 Qxf5 Qxh6 Ne2+ Nxe2 Rf7 Qd2 Qe6 c4 e4 Rde1 exd3 Nef4 Qxc4+ Kb1 Nxf4 Nxf4 Raf8 Ne6 Re8 Nxc5 Rxe1+ Qxe1 Qc2+ Ka1 Qxc5 Qe8+ Kg7 Qe1 Qc2 Qf2 Qxf2 Rb1 Qc2 b3 d2 Rb2 Qc1+ Rb1 d1=Q Rxc1 Qxc1#,C50
2025-07-27,EDGQHUV6,blitz,16:12,1211,1206,-5,loss,-1,black,1232,syuzyo,26,38,e4 e5 Nf3 Nc6 Bc4 Nf6 Ng5 d5 exd5 Na5 Bb5+ c6 dxc6 bxc6 Ba4 h6 Nf3 e4 Ne5 Qd5 d4 exd3 Nxd3 Qe4+ Qe2 Qxe2+ Kxe2 Bf5 Ne5 Be4 Nc3 Bxg2 Re1 O-O-O Nxf7 Re8+ Be3 Rh7 Rad1 g5 Nd6+ Bxd6 Rxd6 Rc7 Rxf6 Nc4 Rxh6 Nxb2 Bb3 c5 Rb1 c4 Rxb2 cxb3 Rxb3 Bd5 Nxd5 Rxc2+ Kd3 Rxa2 Rc3+ Kb7 Nb4 Ra5 Rh7+ Ka8 Rhc7 Rb8 Nc6 Rb6 Nxa5 Rd6+ Bd4 a6 Rc8#,C58
2025-07-27,BPbKWmff,blitz,16:50,1206,1211,5,win,1,white,1211,trandungbmt1249,0,58,e4 e5 Nf3 Nc6 Bb5 Bd6 d3 f6 Nc3 Bb4 Bd2 Bxc3 Bxc3 a6 Bxc6 dxc6 O-O Bg4 h3 Bh5 Qe2 Ne7 Qe3 g5 Bd2 Qd7 Nh2 b6 Qg3 c5 b3 O-O-O a4 Rhg8 f3 a5 Rf2 Qd4 Rc1 h6 Ng4 Rd6 Nxh6 Rh8 Ng4 Nc6 Ne3 Nb4 Nf5 Qb2 Nxd6+ cxd6 Bxb4 cxb4 Rff1 Kb7 Qf2 Rc8 h4 gxh4 Qxh4 Qd4+ Rf2 Rc7 Qxh5 d5 Qf5 dxe4 fxe4 Qd8 Qxf6 Qxf6 Rxf6 Ka6 Re6 Rb7 Rxe5 Rf7 g3 Rg7 Kg2 Rg4 Rf5 Rg7 Kf3 Rg6 g4 Kb7 Kf4 Kc6 g5 Kd7 Rf6 Rxf6+ gxf6 Ke8 Kf5 Kf7 e5 b5 axb5 a4 bxa4 b3 cxb3 Kf8 Rc7 Kg8 Kg6 Kf8 b6 Kg8 b7 Kh8 b8=Q#,C60
2025-07-29,jCGfYl7E,blitz,12:49,1211,1206,-5,loss,-1,black,1212,glebccc,6,29,d4 d5 Bf4 Nc6 Nf3 Bg4 Nbd2 e6 e3 Nf6 Bd3 Nb4 Be2 Bxf3 Nxf3 Ne4 c3 Nc6 Bd3 Nf6 Qc2 a6 Qb3 b5 a4 Na5 Qc2 c6 axb5 axb5 O-O Be7 Ra2 g6 Rfa1 O-O Bh6 Re8 b4 Ng4 Bf4 Nxf2 Kxf2 Bh4+ g3 Bxg3+ Bxg3 Qf6 bxa5 e5 dxe5 Rxe5 a6 Rf5 Bxf5 Qxf5 Qxf5 gxf5,D00
2025-07-29,Eg9Lz70B,blitz,15:00,1206,1202,-4,loss,-1,white,1322,New-plan,120,41,e4 e6 Nf3 d5 e5 c5 d4 Nc6 Bb5 Bd7 Bxc6 bxc6 Nc3 cxd4 Nxd4 c5 Nf3 Be7 a3 f6 Bf4 fxe5 Bxe5 Nf6 O-O O-O h3 Be8 Qd3 Bg6 Qd2 Bd6 Nb5 Ne4 Qe3 Rxf3 Qxf3 Bxe5 c4 Nd2 Qe2 Nxf1 Qxe5 Nd2 Qxe6+ Bf7 Qe3 Nxc4 Qxc5 a6 Nd4 Rc8 Qb4 Ne5 Re1 Nd3 Qd2 Nxe1 Qxe1 Qg5 Nf3 Rc1 Nxg5 Rxe1+ Kh2 Bg6 Ne6 Rb1 Kg3 Bf7 Nd4 Rxb2 Kf4 Ra2 Ke3 Rxa3+ Ke2 Ra2+ Kf3 a5 Nb3 Ra3,C02
2025-07-30,g47CweYE,bullet,12:59,1047,1040,-7,loss,-1,black,1026,Timurplushpepe,-14,18,e4 e5 Nf3 Nc6 d4 exd4 Ng5 Qf6 Bc4 Ne5 Bd5 Bc5 f4 d6 fxe5 dxe5 Nxf7 d3 Rf1 Qh4+ g3 Qxh2 Nxh8 dxc2 Bf7+ Ke7 Bg5+ Nf6 Bxf6+ gxf6 Rxf6 cxd1=Q+ Kxd1 Qxg3 Re6+,C44
2025-07-30,BMZVTd0b,blitz,13:21,1202,1202,0,draw,0,white,1231,KotObormot2,29,46,e4 e5 Nf3 Nc6 Bb5 Nf6 d3 Bc5 Nc3 d6 h3 h6 O-O Be6 Be3 Bb6 a3 O-O Bxc6 bxc6 d4 Bc4 dxe5 Bxf1 exf6 Bc4 fxg7 Re8 Bxh6 Qf6 Qd2 a5 Re1 Qg6 Qf4 Re6 Nh4 Qxh6 Qxh6 Rxh6 Nf5 Rf6 Ne7+ Kxg7 Nxc6 Bxf2+ Kh2 Bxe1 Na4 Ra6 Nd4 Bf2 Nf3 Ba7 b3 Be2 Ng5 Rg6 h4 f6 Nf3 Bxf3 gxf3 Rh6 Kh3 Kg6 Nc3 Bd4 Ne2 Kh7 c3 Be3 f4 c6 f5 Kg7 Ng3 Kh7 a4 Kg7 c4 Rb6 Kg4 Rxb3 Nh5+ Kh7 Ng3 Kg7 Kf3 Bc5+ Kg4 Be3,C65
2025-07-30,dEA9N3oY,blitz,13:42,1202,1197,-5,loss,-1,black,1234,muharremha,37,22,g3 e5 Bg2 d5 d3 Nf6 Nf3 Be6 Nbd2 Nc6 O-O Bd6 Re1 O-O e4 d4 c3 Bc5 b4 Bb6 b5 Ne7 cxd4 exd4 Bb2 Bg4 h3 Bxf3 Nxf3 Ng6 Rb1 a6 a4 Qd7 e5 Ne8 Ng5 axb5 axb5 Ra5 Qh5 Rxb5 Qxh7#,A00
2025-07-30,Gte3Fe3L,blitz,14:05,1197,1203,6,win,1,black,1219,AndreyDudinAleks,16,53,e4 e5 Nf3 Nc6 d4 exd4 Nxd4 Nxd4 Qxd4 Nf6 Bg5 c5 Qc4 Qa5+ Nc3 Bd6 Bxf6 gxf6 Be2 Be5 O-O-O Bxc3 bxc3 Qa3+ Kd2 d6 Bh5 Be6 Qb5+ Kf8 Qxb7 Kg7 f4 Qa4 f5 Rab8 Qc7 Qd7 Qxd7 Bxd7 g4 Rb2 Ra1 a5 Rhe1 a4 c4 Rb4 Kc3 Rbb8 Rab1 Rxb1 Rxb1 Kh6 Rb7 Be8 Rb8 Kg5 Ra8 Kf4 Rxa4 Bxa4 a3 Kxe4 g5 fxg5 Bxf7 Kxf5 Kd3 Rf8 Bd5 Kf4 Be4 h5 Bd5 h4 Kd2 g4 Ke2 Ke5 Ke3 g3 hxg3 hxg3 Kd3 Rf4 Ke3 Bxc2 Kd2 Be4 a4 Bxd5 a5 Bc6 a6 g2 a7 g1=Q Kc3 Qc1+ Kb3 Rf3+ Ka2 Qc2+ Ka1 Rf1#,C44
2025-07-30,ZVb4pwr9,bullet,17:14,1040,1035,-5,loss,-1,white,1129,pbelite,94,54,e4 e5 Nf3 d6 Bc4 Be6 Bxe6 fxe6 d3 Nf6 Bg5 Be7 Bxf6 Bxf6 Nbd2 O-O Nb3 d5 Nc5 dxe4 Nxe4 Nc6 Nc5 Re8 Nxb7 Qb8 Nc5 Nd4 Rb1 Nxf3+ Qxf3 h6 Ne4 Rf8 O-O Bg5 Qg4 Rf4 Qxe6+ Kh7 Qxe5 Qf8 Qxc7 Qf7 Qxf7 Rxf7 Rbe1 Rb8 b3 Bf6 Nxf6+ Rxf6 Re7 a6 f4 Rbf8 g3 Rc6 c4 Rd6 Re3 Rfd8 Rff3 a5 a4 Rb6 c5 Rxb3 c6 Rb4 Re4 Rb1+ Kg2 Ra1 Rc4 Rc8 d4 Ra2+ Kh3 g5 f5 h5 g4 hxg4+ Kxg4 Rxh2 f6 Re2 Kxg5 Ree8 f7 Rf8 Kf6 Rc7 Ke6 Kg7 d5 Rcc8 d6 Rb8 c7 Rbe8+ Kd5 Rxf7 Rxf7+ Kxf7 c8=Q Rxc8,C41
2025-07-30,R9N6ojv8,bullet,19:41,1035,1026,-9,loss,-1,white,912,hyiven,-114,23,e4 d5 Nf3 dxe4 Ne5 Nf6 d3 Bg4 Bg5 Bxd1 Bxf6 exf6 Nxf7 Kxf7 Nc3 Bxc2 Rc1 Bxd3 Bxd3 exd3 O-O d2 Rcd1 Bb4 a3 Bxc3 bxc3 Qd3 c4 Nc6 c5 Nd4 h3 Ne2+ Kh2 Rhd8 g3 Rd4 h4 Nc3 Ra1 d1=Q Raxd1 Nxd1 Kg2 Rad8,A06
2025-07-30,NYCtFs3O,blitz,19:44,1203,1209,6,win,1,white,1224,rocky2050,15,40,e4 e5 Nf3 Nc6 Bb5 h6 d3 Bc5 h3 Nf6 O-O O-O Nc3 a6 Bxc6 bxc6 Nxe5 Qe7 Nf3 d6 Bf4 Bxh3 gxh3 Nh5 Bg3 f5 Nd2 Qf7 Bh2 f4 Nf3 g5 Nb1 Rae8 Nbd2 Qg6 c4 d5 cxd5 cxd5 Qa4 Be7 exd5 g4 Ne5 gxh3+ Nxg6 Rf6 Nh4 Kh7 Qe4+ Kg7 Nf5+ Kf8 Bxf4 Bd6 Bxd6+ cxd6 Qh4 Rxf5 Qxh3 Rg5+ Kh2 Re2 Qc8+ Kg7 Qd7+ Kg6 Qxd6+ Nf6 Nf3 Rh5+ Kg3 Rxb2 Ne5+ Kg5 Nf7+ Kg6 Ne5+ Kg5 Rg1,C60
2025-07-30,yM9DeS83,bullet,20:05,1026,1033,7,win,1,black,1076,Will_Blunder,43,41,e4 e5 Nc3 Nf6 Nf3 Bb4 Bc4 Bxc3 bxc3 d6 d3 O-O O-O Bg4 h3 Bxf3 Qxf3 Qe7 Bg5 h6 Bxf6 Qxf6 Qxf6 gxf6 f4 Nd7 Rf3 Kh7 Raf1 Rae8 fxe5 Rxe5 Bb3 Rc5 Bc4 a6 Rf5 b5 Rxc5 dxc5 Bd5 Kg7 Bc6 Ne5 d4 Nxc6 d5 Ne5 Kf2 Nc4 Ke2 Re8 Kd3 f5 Rxf5 a5 g4 Ne5+ Ke3 f6 h4 Nxg4+ Kf4 Ne5 Rh5 Ng6+ Kf5 Re5+ Kg4 Rxh5 Kxh5 Nf4+ Kg4 Ne2 Kf5 Nxc3 e5 Nxd5 e6 Ne7+ Ke4 Kg6,C42
2025-07-30,T6oGYNAe,blitz,20:22,1209,1215,6,win,1,white,1217,rgd22,2,20,e4 c5 d4 cxd4 Qxd4 Nc6 Qd1 e6 Bb5 a6 Bxc6 bxc6 Nc3 d5 Bf4 Bb7 Nf3 dxe4 Qxd8+ Rxd8 Ne5 Bd6 Rd1 Nf6 Nxf7 Kxf7 Bxd6 Nd5 Nxe4 a5 O-O Ba6 Rfe1 Bc4 b3 Ba6 c4 Nf6 Ng5+ Kg6 Nxe6,B21
2025-07-30,pFWudTN5,blitz,21:10,1215,1208,-7,loss,-1,black,1147,GarryChess777,-61,46,e4 e5 Qh5 Nc6 Bc4 g6 Qf3 Nf6 Ne2 Bc5 O-O d6 h3 Qe7 a3 Be6 d3 Bxc4 dxc4 O-O-O Bg5 Nd4 Nxd4 Bxd4 c3 Bc5 Bxf6 Qd7 Bxh8 Rxh8 Nd2 Rf8 b4 Bxb4 axb4 a6 Rfd1 f5 c5 f4 cxd6 cxd6 Nc4 Qe6 Rxd6 Qxc4 Rad1 Kb8 Qg4 Qxc3 Rd8+ Rxd8 Rxd8+ Ka7 Qd7 Qe1+ Kh2 Qxe4 Qc8 Qxb4 Qa8+ Kb6 Rd7 Ka5 Qxb7 Qxb7 Rxb7 Ka4 Rxh7 a5 Ra7 Kb4 g3 a4 gxf4 exf4 Kg2 a3 Kf3 g5 Kg4 Kb3 Kxg5 Kb2 h4 f3 Kf4 a2 Kxf3 a1=Q Rxa1 Kxa1 h5,C20
2025-07-31,yqFncqqL,blitz,07:19,1208,1203,-5,loss,-1,black,1230,mbarutcu,27,36,e4 e5 Nf3 Nc6 Bc4 Nf6 d3 Bc5 a3 a6 Be3 Bxe3 fxe3 O-O Nc3 d6 h3 Be6 Nd5 Bxd5 exd5 Ne7 e4 Ng6 Qd2 b5 Ba2 Nf4 g3 Ng6 O-O-O Nh5 Rdg1 Qf6 Qe3 a5 g4 Nhf4 g5 Qe7 h4 f6 h5 fxg5 hxg6 h6 Rg4 Nxg6 Nxg5 Nf4 Ne6 Rf7 Rxh6 Nxd3+ cxd3 Rf1+ Kd2 Qf7 Rxg7+ Qxg7 Nxg7 Kf7 Ne6 Rg8 Rh7+ Ke8 Qh3 Rf2+ Kc3 b4+ axb4 axb4+ Kxb4,C50
2025-07-31,wLRjF9xp,blitz,11:04,1203,1197,-6,loss,-1,black,1182,cr7suiiiiiiii,-15,26,e4 e5 f4 exf4 Nf3 d6 d4 Bg4 Bxf4 Nc6 Nc3 Nf6 d5 Nb4 Be2 Bxf3 Bxf3 Be7 Qd2 Na6 Nb5 Nc5 Nd4 Ncxe4 Bxe4 Nxe4 Qb4 Bh4+ Bg3 Bxg3+ hxg3 Nxg3 Rh3 Qe7+ Kd2 Ne4+ Kd3 Nc5+ Kd2 Qg5+ Re3+ Kd7 Re1 Rae8 Qb5+ c6 dxc6+ bxc6 Qxc6+ Kd8 Qxd6+ Nd7 Nc6+,C34
2025-07-31,Xen7xQ5S,bullet,13:08,1033,1028,-5,loss,-1,white,1081,Sergey40www,53,28,e4 e5 Nf3 Nf6 d3 c6 Bg5 Bc5 Nc3 d5 Be2 h6 Bxf6 Qxf6 h3 Be6 Na4 Bd6 c4 dxe4 dxe4 Bb4+ Kf1 Nd7 a3 Ba5 b4 Bc7 c5 O-O-O Bd3 g5 Qe2 g4 Nd2 gxh3 gxh3 Qh4 Qf3 f5 exf5 Bd5 Be4 Nf6 Bxd5 Nxd5 Nc4 Qxc4+ Kg2 Nf4+ Kh2 Ne2 Qh5 Rhg8 f6 e4+,C42
2025-07-31,Rrz6zhHM,bullet,13:18,1028,1021,-7,loss,-1,white,985,Renastor,-36,33,e4 c6 Nf3 d5 e5 Bg4 d4 c5 Be2 Nc6 Be3 e6 Bb5 Qb6 Bxc6+ bxc6 b3 Rb8 Qd3 Ne7 Nbd2 Nf5 Ng5 Be7 Nxf7 Kxf7 f3 Bh5 g4 Nxe3 Qxe3 cxd4 Qf4+ Ke8 gxh5 h6 Qg4 Bg5 Qxe6+ Kf8 Nb1 Qb4+ Kf2 Be3+ Kg3 d3 Qf5+ Ke8 Qxd3 Qf4+ Kg2 Qg5+ Kf1 Ke7 Qg6 Qxg6 hxg6 h5 Ke2 Bf4 Rg1 Bxe5 h4 Bxa1 Nd2 Bd4,B10
2025-07-31,1mSRDvhY,bullet,13:49,1021,1028,7,win,1,black,1047,Venkatachalam_V,19,23,e4 e5 Nf3 Nc6 Bc4 Nf6 Ng5 d5 exd5 Na5 Bb5+ c6 dxc6 bxc6 Be2 h6 Nf3 e4 Ng1 Bc5 d4 Bd6 f3 O-O Nc3 Bb4 Bd2 Bxc3 Bxc3 Nb7 Qd2 Nd6 O-O-O Nd5 Nh3 e3 Qd3 Bxh3 gxh3 Qe7 Bf1 Nf4 Qa6 e2 Re1 Qe3+,C59
2025-07-31,Yn96zGJC,bullet,16:22,1028,1022,-6,loss,-1,white,1059,matbar17,37,21,e4 c6 e5 d5 Nf3 Bg4 d4 e6 Be2 c5 Be3 cxd4 Nxd4 Bxe2 Nxe2 Nc6 a3 Nxe5 O-O Nc6 Nd2 Nf6 Nb3 Be7 c3 O-O Nbd4 Nxd4 Nxd4 a6 Bg5 Ne4 Be3 Bf6 f3 Nd6 Ne2 Nc4 Ng3 Nxe3 Qd3 Nxf1,B10
2025-07-31,kWxKv00K,bullet,16:32,1022,1016,-6,loss,-1,black,1043,RomanK1rby,27,24,e4 e5 Nf3 Nc6 Bc4 Nf6 d3 h6 Nc3 Bc5 h3 d6 Qe2 a6 Be3 Bxe3 Qxe3 Nb4 Bb3 c5 Nd5 Nfxd5 exd5 O-O O-O-O a5 Kb1 b6 a4 b5 c3 bxa4 Bxa4 Na6 g4 Bd7 Bb3 a4 Ba2 Nc7 c4 Qb8 g5 a3 Rd2 axb2 gxh6,C55
2025-07-31,a9DWWHRW,bullet,17:03,1016,1010,-6,loss,-1,black,1013,ironsidecw,3,36,d4 d5 c4 e6 e3 Nf6 Nf3 Bd6 Nc3 Bb4 a3 Bxc3+ bxc3 c6 cxd5 cxd5 Ne5 O-O Bb5 Bd7 Bxd7 Nbxd7 Nxd7 Qxd7 O-O a6 a4 b5 Ba3 Rfc8 axb5 axb5 Bb4 h6 Rxa8 Rxa8 Qe2 Ne4 h3 Nd6 Bxd6 Qxd6 Qxb5 Rb8 Qd3 Rb3 Rb1 Rxb1+ Qxb1 g6 Qb3 Kg7 c4 f5 cxd5 exd5 Qb7+ Kf6 Qh7 Kg5 g3 f4 h4+ Kh5 exf4 Qb4 Qg7 Qe1+ Kg2 Qe2 Qe5+,D30
2025-08-02,vNFKl5C4,bullet,15:11,1010,1015,5,win,1,white,1097,Nahza2025,82,30,e4 c5 Nf3 c4 Bxc4 b5 Bxb5 a5 d4 Nc6 Bxc6 dxc6 Nc3 a4 a3 c5 d5 c4 Qd4 e6 Qxc4 f5 Nxa4 Rxa4 Qxa4+ Bd7 Qd4 fxe4 Qxe4 e5 O-O g5 Qxe5+ Kf7 Nxg5+ Kg6 Qxh8 Be6 Qxh7+ Kf6 dxe6 Ke5 Re1+ Kd6 Nf7+ Ke7 Nxd8+ Kxd8 Qxg8 Ke8 e7 Kd7 exf8=Q Kc7 Qf5 Kd6 Qgg6+ Kc7 Qff7+ Kc8 Qgg8#,B27
2025-08-02,rXJjc0eB,blitz,15:27,1197,1191,-6,loss,-1,black,1191,Sekretnaya,0,64,e4 e5 Nf3 Nc6 Bc4 Nf6 d3 Bc5 Nc3 d6 Bd2 O-O Bg5 Bg4 Nd5 Bxf2+ Kxf2 Nd4 Nxf6+ gxf6 Bh6 Re8 Qd2 Bxf3 gxf3 f5 Bg5 Qd7 Rhg1 Kf8 Bh4 f4 Rg4 b5 Bb3 Ne6 Rag1 f6 Rg8+ Kf7 Bxe6+ Qxe6 R8g7+ Kf8 Rg8+ Ke7 R1g7+ Kd8 Rxe8+ Qxe8 Bxf6+ Kc8 Qe1 Qh5 Rg8+ Kb7 Qa5 Rxg8 Qxb5+ Kc8 Qa6+ Kd7 Qa4+ Ke6 Qb3+ Kd7 Qxg8 Qxh2+ Ke1 Qh1+ Kd2 Qxf3 Qg7+ Kc6 Qxh7 Qe3+ Kc3 f3 Bd8 Qd4+ Kd2 Qb6 Bxc7 Qxc7 Qxc7+ Kxc7 Ke1 Kc6 Kf2 Kc5 Kxf3 Kd4 Ke2 a6 Kd2 a5 b3 Kc5 c4 Kb4 Kc2 Ka3 Kb1 Kb4 Kb2 Kc5 Kc3 Kb6 d4 Kc6 dxe5 dxe5 b4 axb4+ Kxb4 Kb6 c5+ Kc6 Kc4 Kb7 Kd5 Ka6 Kxe5 Kb5 Kd5 Ka6 c6 Kb6 Kd6,C50
2025-08-02,GPvjFsPX,blitz,15:44,1191,1185,-6,loss,-1,white,1197,maskedavengerpjw,12,29,e4 e5 Nf3 Nf6 Nxe5 d6 Nxf7 Kxf7 d3 Be6 Bg5 Be7 Bxf6 Bxf6 Nc3 Re8 Ne2 Kg8 Nf4 Nc6 Be2 Bg5 Nh5 Bf7 Ng3 Nd4 Bh5 Bxh5 Nxh5 Re5 O-O g6 Ng3 Bh4 Ne2 Nxe2+ Qxe2 Bf6 d4 Re7 c3 c5 Qc4+ Kh8 d5 a6 Rae1 b5 Qd3 c4 Qf3 Qf8 Qg3 Be5 Qg4 Qf4 Qe2 Qxh2#,C42
2025-08-02,3xfV6mpf,bullet,17:30,1015,1020,5,win,1,black,924,Adagoras,-96,18,d4 d5 Nc3 e6 a3 Nf6 Nf3 Nc6 Bg5 Be7 Ne5 Ne4 Nxe4 dxe4 e3 Bxg5 f4 Nxe5 fxe5 a6 Qg4 Bh6 O-O-O Bxe3+ Kb1 g6 Re1 Bh6 h4 Qxd4 h5 Qxe5 Rxe4 Qxh5 Qd1 Qxd1+,D00
2025-08-04,IUO39j0V,bullet,11:45,1020,1014,-6,loss,-1,white,1033,pboissy,19,24,e4 e5 Nf3 Nc6 Bb5 Qf6 d3 h6 Nc3 Nd4 Nd5 Nxf3+ gxf3 Qd6 c4 c6 c5 Qxc5 Nc7+ Kd8 Nxa8 cxb5 Be3 Qb4+ Bd2 Qxb2 Ba5+ Ke7 Nc7 b6 Nd5+ Kd8 Bc3 Qa3 O-O Bc5 Qc2 Ne7 Bxe5 Nxd5 exd5 Qb4 Bxg7 Rg8 Kh1 Rxg7 Rae1 Qf4,C60
2025-08-04,atccs5Yy,blitz,12:08,1185,1191,6,win,1,white,1154,ekemi,-37,40,e4 d6 Nf3 Nf6 Nc3 g6 d4 Bg7 Bg5 h6 Bxf6 Bxf6 Bc4 e6 Qe2 O-O e5 dxe5 dxe5 Bg7 O-O Nc6 Rad1 Qe7 Bb5 a6 Bxc6 bxc6 Qc4 Bb7 Na4 Rfd8 Nc5 Rxd1 Rxd1 Bc8 h3 f6 Nh4 g5 exf6 Bxf6 Nf3 Kf7 Nd4 Bxd4 Rxd4 Rb8 b3 Kf6 Ne4+ Kg6 Qxc6 Rb4 c3 Rxd4 cxd4 Bd7 Qc2 Qb4 Nc5+ Kg7 Nxd7 Qe1+ Kh2 Qb4 Qxc7 Qxd4 Ne5+ Kf6 Ng4+ Kg6 Qe7 Qf4+ g3 Qf3 Qxe6+ Kh5 Qxh6#,B08
2025-08-04,RSTyGqJB,bullet,12:37,1014,1009,-5,loss,-1,black,1073,Tratrus2,64,22,e4 e5 Nf3 Nc6 Nc3 Nf6 d3 Bb4 Bd2 Bxc3 Bxc3 d6 a3 Bg4 Be2 Bxf3 Bxf3 O-O h3 h6 Qd2 Nh5 Bxh5 Qh4 Bg4 Ne7 d4 Ng6 dxe5 dxe5 O-O-O Rad8 Qe3 Rxd1+ Rxd1 Nf4 g3 Ng2 Qxa7 Qf6 f4 exf4 Bxf6,C47
2025-08-04,tKlWgqpY,bullet,12:45,1009,1015,6,win,1,white,1028,Nikolay_Mishchenko,13,26,e4 c5 Nf3 Nf6 d3 d5 Bg5 dxe4 Bxf6 exf6 Nfd2 Bd6 dxe4 O-O Nc4 Qe7 Nxd6 Bg4 Qxg4 Qxd6 Bd3 Nc6 O-O Ne5 Qe2 a6 b3 b5 c4 b4 Bc2 h6 Nd2 Nc6 Rad1 Nd4 Qd3 Rad8 Nf3 Nxc2 Qxd6 Rxd6 Rxd6 Na3 Nh4 Nc2 Nf5 Nd4 Nxd4 cxd4 Rxd4 Re8,B29
2025-08-04,3ml9Qfdn,bullet,13:16,1015,1022,7,win,1,black,1047,ammar197,25,27,e4 e5 Nf3 Nc6 Bc4 d6 O-O Bg4 Nc3 Bxf3 Qxf3 Nf6 d3 Be7 Bg5 O-O Nd5 Nxd5 Bxd5 Bxg5 Bxc6 bxc6 a4 Qf6 Qg4 Bd2 Qd7 Ba5 Qxc6 Bb6 a5 Bd4 c3 Bc5 Qxc7 Rac8 Qb7 Rb8 Qd5 Rxb2 Rab1 Rxb1 Rxb1 Qxf2+ Kh1 Qf6 d4 exd4 cxd4 Bxd4 Rd1 h6 Rxd4 Qf1#,C50
2025-08-04,RlNpc1CZ,bullet,13:30,1022,1028,6,win,1,white,1080,despix7,52,18,e4 e5 Nf3 Nc6 Bb5 Nf6 d3 a6 Bxc6 dxc6 Bg5 Be7 Bxf6 Bxf6 Nc3 Be6 O-O Qd7 h3 O-O-O Na4 c5 Nxc5 Qd6 b4 b6 Nxa6 Kb7 b5 c6 a4 cxb5 axb5 Ra8 c4 Rhd8 Ne1,C65
2025-08-04,bDQTjHrT,blitz,13:35,1191,1197,6,win,1,black,1215,Artemiy007,18,34,e4 e5 Nc3 Nf6 Nf3 Nc6 Bb5 a6 Bxc6 dxc6 O-O Bg4 Qe2 Bb4 Nd1 Bxf3 Qxf3 Bxd2 Bxd2 Qxd2 Qd3 Qh6 Ne3 O-O Nf5 Qf4 Rae1 Ng4 g3 Qg5 h4 Qf6 f3 Nh6 Nxh6+ Qxh6 Qe3 Qe6 g4 b5 a3 Qa2 Qc3 Qe6 Kg2 h5 Kg3 Rad8 g5 f5 Qe3 f4+ Kf2 fxe3+ Rxe3 Qh3 f4 Qxh4+ Ke2 Qg4+ Ke1 Qd1+ Kf2 Rd2+ Kg1 Qg4+ Kh1 Qg2#,C48
2025-08-04,CmuJNb1T,bullet,14:38,1028,1022,-6,loss,-1,white,978,parthsharma13,-44,32,e4 e6 Nf3 d5 e5 Nc6 d4 Bb4+ c3 Ba5 Bb5 Bd7 Bxc6 Bxc6 O-O a6 b4 Bb6 a4 Ba7 a5 Ne7 Bg5 h6 Bxe7 Qxe7 Nbd2 b6 Re1 bxa5 Rxa5 Bb5 h3 O-O Nf1 Bxf1 Kxf1 Bb6 Ra2 a5 Qd2 f6 Kg1 fxe5 Nxe5 Qe8 Qe3 a4 Qg3 a3 Ng6 Rf7 Ne5 Rf8 Qd3 Ra4 b5 Ra5 Nc6 Ra4 Kh2 Rc4 Rxa3 Rxf2,C00
2025-08-05,vcWkCgPb,bullet,13:56,1022,1029,7,win,1,white,1081,JChess69,52,22,e4 e5 Nf3 Nc6 Bb5 a6 Bxc6 dxc6 d3 Bg4 h3 Bxf3 Qxf3 Nf6 Nc3 Bc5 Bg5 Qe7 Bxf6 gxf6 a3 O-O-O O-O-O b5 g4 Kb7 Ne2 Rd7 c3 Qe6 Rd2 Qb3 Rhd1 h5 Qxf6 hxg4 Qxh8 Qa2 Qxe5 Qa1+ Kc2 Bxa3 Rxa1,C68
2025-08-06,aGQTgcXm,bullet,14:24,1029,1035,6,win,1,black,1084,A21rtem,49,26,e4 e5 Nf3 Nc6 Bc4 Nf6 O-O Bc5 Bxf7+ Kxf7 c3 Re8 d4 Bb6 dxe5 Nxe5 Nxe5+ Rxe5 Qb3+ d5 exd5 Nxd5 Kh1 Qf6 f4 Be6 Qc4 Ne3 Qxe6+ Rxe6 Bxe3 Rxe3 f5 Rae8 Nd2 Rd3 Nf3 Re2 Nd4 Bxd4 cxd4 Rxb2 Rac1 c6 h4 Rxd4 Rfe1 Qxh4+ Kg1 Qf2+ Kh2 Qxg2#,C55
2025-08-06,qd1VV3RM,blitz,15:41,1197,1191,-6,loss,-1,white,1178,CRI7ICAL,-13,16,e4 g6 d4 Bg7 e5 d6 h3 dxe5 Be3 exd4 Bf4 Nf6 Bxc7 Qxc7 Qxd4 O-O c3 Nfd7 Qe4 Nc5 Qe3 Rd8 Bc4 Be6 Na3 Bxc4 Nxc4 Nd3+ Ke2 Nf4+ Kf3 Rd3,B06
2025-08-06,Tq9I8r3u,blitz,15:44,1191,1196,5,win,1,black,1149,Drpraveenkant,-47,1,e4 e5,C20
2025-08-06,vSkGhQa9,blitz,15:46,1196,1201,5,win,1,black,1150,venonmatador,-51,32,e4 e5 Nf3 Nc6 Bc4 Nf6 d3 Bc5 Ng5 d5 exd5 Bxf2+ Kxf2 Ng4+ Kg3 Nd4 d6 Nf5+ Kxg4 Nxd6+ Kg3 O-O Bb3 h6 Nf3 Nf5+ Kf2 Nd4 Nxd4 Qxd4+ Ke2 Bg4+ Kd2 Bxd1 Kxd1 Qf2 Re1 Qxg2 Nd2 Qxh2 Bc4 a6 c3 b5 Bd5 Rad8 Nf3 Qh5 Be4 f5 Bc6 Rxd3+ Kc2 Rxf3 Bxf3 Qxf3 Rxe5 Qf2+ Kb3 c5 c4 Qg3+ Be3 Qxe5,C50
2025-08-07,YVDb4Dq5,blitz,10:40,1201,1196,-5,loss,-1,black,1256,Djigurdyaz,60,40,d4 d5 c4 e6 cxd5 Qxd5 e3 a6 Nc3 Bb4 Bd2 Bxc3 bxc3 Nf6 c4 Qe4 Nf3 O-O Bc3 Ng4 Bd3 Qc6 h3 Nf6 Ne5 Qxg2 Qf3 Qxf3 Nxf3 Nbd7 Rg1 g6 Ne5 Nxe5 dxe5 Nd7 h4 Nc5 Bc2 Bd7 h5 b5 hxg6 hxg6 Ke2 a5 Rg3 bxc4 Rh1 Kg7 Rhg1 Rh8 Bxg6 fxg6 Rxg6+ Kf7 Rf6+ Ke7 Rg7+ Kd8 Rff7 Kc8 Bd4 Kb7 Bxc5 Bc6 Rxc7+ Ka6 Rxc6+ Kb5 Rgc7 c3 Bd4 c2 Rc5+ Ka4 Rxc2 Rab8 R7c4+,D30
2025-08-07,jcsOGZ3z,blitz,12:22,1196,1191,-5,loss,-1,white,1271,BennoMassiv,80,50,e4 e5 Nf3 Nc6 Bb5 Bc5 d3 Nf6 Bg5 h6 Bxf6 gxf6 Nc3 a6 Bxc6 bxc6 Qe2 Bb7 Nh4 d5 Nf5 d4 Na4 Bb4+ c3 dxc3 bxc3 Ba5 Ng7+ Kf8 Nf5 Rg8 O-O c5 Nxh6 Rg6 Nf5 Bc8 Qh5 Bxf5 exf5 Rg5 Qh8+ Ke7 Qxd8+ Rxd8 Rad1 Rxf5 c4 Rf4 Nxc5 Rfd4 Nxa6 Rxd3 Rxd3 Rxd3 Nc5 Rc3 Rd1 Rxc4 Nb7 Bb6 h3 Ra4 h4 Rxh4 g3 Ra4 Rd2 Ra3 Kg2 Ra7 Nd8 Ra8 Nc6+ Ke6 Nb4 Ba5 a3 Bxb4 axb4 Rb8 Rb2 Kd5 Kf3 f5 Ke3 Kc4 f3 c5 b5 Rxb5 Rxb5 Kxb5 Kd3 Kb4 f4 e4+ Kc2 c4,C64
2025-08-07,o0waLxMc,blitz,12:56,1191,1186,-5,loss,-1,black,1183,MarNar12,-3,50,e4 e5 Nf3 Nc6 Bc4 Nf6 O-O a6 d3 Bc5 Bg5 O-O Bxf6 Qxf6 Nc3 d6 Nd5 Qg6 Nxc7 Bh3 Nh4 Qg5 Nxa8 Qxh4 Qf3 Be6 Bxe6 fxe6 Qh3 Qxh3 gxh3 Rxa8 c3 Ne7 b4 Ba7 Kh1 Ng6 a4 Nf4 b5 Nxd3 b6 Bxb6 Rab1 Nxf2+ Kg2 Nxe4 Rxb6 Nxc3 Rxb7 Nxa4 Rff7 Nc5 Rxg7+ Kf8 Rbf7+ Ke8 Re7+ Kd8 Rxh7 Rb8 Rh8+ Kxe7 Rxb8 Kf6 Rg8 Kf5 h4 Nd7 h5 Nf6 Rg6 Nxh5 Rg8 Nf4+ Kg3 e4 Rf8+ Kg5 Rxf4 d5 h4+ Kh5 Rg4 e3 Rg5+ Kh6 Kf3 d4 Re5 Kg6 Rxe6+ Kh5 Re4 d3 Kxe3 d2 Kxd2 a5 Ke2,C55
2025-08-07,TyzIn4T8,bullet,18:55,1035,1031,-4,loss,-1,black,1090,Egor_Fed,59,30,a3 e5 e4 d5 exd5 Qxd5 Nc3 Qd8 Qf3 Nf6 d3 Bg4 Qg3 Bd6 Ne4 Bf5 f3 Bxe4 dxe4 Rg8 Bg5 Be7 Bb5+ Nc6 Rd1 Bd6 Ne2 Qe7 Nc3 O-O-O Nd5 Qe6 Qh3 Qxh3 gxh3 Ne7 Nxf6 gxf6 Bxf6 Rg2 Rd2 Rxd2 Kxd2 Rg8 Re1 c6 Bc4 Rg2+ Re2 Rxe2+ Kxe2 Ng6 Bxf7 Nf4+ Kd2 Nxh3 Be6+ Kc7 Bxh3,C20
2025-08-08,I7v5jMWS,blitz,10:34,1186,1181,-5,loss,-1,white,1277,BaDrish,96,17,e4 e5 Nf3 d6 Bc4 h6 d3 a6 a3 Nc6 Nc3 f6 Bxg8 Rxg8 O-O Bg4 h3 Bc8 Nd5 g5 Nxf6+ Qxf6 c3 g4 Ne1 gxh3 Qh5+ Kd8 Bxh6 Bxh6 g3 Bg4 Kh2 Bxh5,C41
2025-08-08,kovzjg2z,bullet,11:22,1031,1024,-7,loss,-1,black,977,AlexFromRiga,-47,32,e4 e5 Nf3 Nc6 Bb5 a6 Bxc6 dxc6 c3 Bg4 d4 Bd6 dxe5 Bxf3 gxf3 Bxe5 Qxd8+ Rxd8 Bg5 Rd3 Nd2 f6 Be3 b6 O-O-O Ne7 f4 Bd6 e5 fxe5 fxe5 Bxe5 Nf3 Rxd1+ Rxd1 O-O Nxe5 Nf5 Nxc6 Nd6 b4 b5 a3 Rf3 Nd4 Rh3 Bf4 Nc4 Bxc7 Nxa3 Re1 Rxc3+ Kd2 Rc4 Be5 Kf7 Nf3 Rc2+ Kd1 Ra2 Re2 Ra1+ Kd2 Nc4+ Kd3,C68
2025-08-08,bQhgCb0u,blitz,11:32,1181,1175,-6,loss,-1,white,1131,ameeb_050,-44,31,e4 e5 Nf3 Nc6 Bb5 d6 d3 Bd7 Bxc6 Bxc6 Nc3 g6 a3 Bh6 h3 Bxc1 Rxc1 Nf6 Qe2 Nh5 O-O Nf4 Qe3 Bd7 Ne2 Nxh3+ gxh3 Bxh3 Rfd1 Qf6 Ng3 Bg4 Kg2 h5 Rd2 h4 Ng5 h3+ Kh2 O-O-O f3 Be6 Rf1 d5 Qxa7 Qxg5 Qa8+ Kd7 Qa4+ c6 Rdf2 d4 c4 dxc3 bxc3 b5 Qa7+ Ke8 Qb6 Kf8 Qxc6 Bc8,C62
2025-08-08,qIo8GAGr,bullet,11:50,1024,1018,-6,loss,-1,black,1027,oleg-nikolaich,9,34,e4 e5 Nf3 Nc6 d4 exd4 Nxd4 Nxd4 Qxd4 Nf6 e5 Qe7 Bg5 c5 Qe3 Ng4 Bxe7 Nxe3 fxe3 Bxe7 Nc3 Bg5 Nd5 O-O Nc7 Rb8 e4 Bf4 Nd5 Bxe5 Ne7+ Kh8 Nxc8 Rbxc8 O-O-O d6 g3 a6 c3 b5 Bh3 Rc7 a3 Re7 Rd2 g6 Kc2 h5 b4 c4 Ra1 Kg7 a4 g5 axb5 axb5 Bf1 h4 gxh4 gxh4 Rg2+ Kf6 Rg4 Rh8 Bh3 Bxh2 Rf1+ Ke5 Rf5+,C44
2025-08-08,V8Ku5alY,bullet,12:06,1018,1025,7,win,1,white,1053,Mortezasadighi,28,28,e4 d6 Nf3 e6 d4 a6 Nc3 h6 h3 g6 a3 Bg7 Be3 b6 Bc4 Bb7 O-O Ne7 e5 d5 Bd3 Nbc6 Ne2 Na5 c3 Nc4 Qc2 Nxe3 fxe3 Qd7 Bxg6 fxg6 Nh4 O-O-O Nxg6 Qe8 Nxh8 Qxh8 Nf4 Qf8 Nxe6 Qg8 Nxd8 Kxd8 Qf2 Ng6 Qg3 Bc8 Qxg6 Bd7 Rf7 Be8 Rxg7 Bxg6 Rxg8+,B00
2025-08-08,ExWlyPvf,blitz,12:13,1175,1181,6,win,1,black,1196,mazinoov,15,29,e4 e5 Nf3 Nc6 Bc4 Nf6 Ng5 d5 exd5 Na5 Bb5+ c6 Bxc6+ bxc6 Qf3 cxd5 Nc3 Bg4 Qe3 Nc4 Qg3 d4 b3 Nd6 Qxe5+ Be7 Qxd4 O-O O-O Nf5 Qa4 Nd7 d3 Bxg5 Bxg5 Qxg5 Qxd7 Rac8 Ne4 Ng3 Qa4 Ne2+ Kh1 Qe7 Rfe1 Nc3 Nxc3 Qc5 Ne4 Be6 Ng5 Qxg5 Qxa7 Bd5 f3 Rxc2 Qd4 Qxg2#,C58
2025-08-08,M9V2s5xk,blitz,14:03,1181,1188,7,win,1,white,1268,Kirmint,80,22,e4 e5 Nf3 Nc6 Bb5 a6 Bxc6 dxc6 d3 h6 h3 Bc5 Nc3 Be6 a3 Ne7 Ne2 O-O Ng3 Ng6 O-O b5 c3 a5 d4 exd4 cxd4 Bb6 Be3 c5 d5 Bc8 Qb3 c4 Qxb5 Bxe3 fxe3 Ba6 Qxa5 Qd6 Nf5 Qe5 Nxe5,C68
2025-08-08,YP2j6orw,blitz,17:57,1188,1183,-5,loss,-1,white,1199,thebrambram,16,50,e4 g6 d4 Bg7 e5 e6 Nf3 Nc6 Bb5 a6 Bxc6 dxc6 Nc3 Ne7 Be3 Nd5 Nxd5 cxd5 O-O O-O Qe2 b6 c4 c5 b4 cxb4 Qb2 a5 Qb3 Ba6 Nd2 Rc8 Rac1 Bh8 g3 Rc6 Rc2 Qd7 Rfc1 Rfc8 Qa4 b5 Qxa5 bxc4 Qxb4 Bg7 Qc3 Bf8 Nb1 Rb8 Qd2 Bb4 Nc3 Kg7 Bh6+ Kg8 Qg5 Qe7 Qxe7 Bxe7 Kg2 Bf8 Bxf8 Kxf8 f4 Rcb6 Kh3 Rb2 Kg4 Rxc2 Rxc2 h5+ Kg5 Kg7 Na4 Rb1 Nc5 Bb5 Nd7 Bxd7 a4 Bxa4 Ra2 Bb3 Ra7 Rh1 h4 Rg1 f5 gxf5 Kf4 Kg6 Ra8 Rxg3 Rg8+ Kh7 Rxg3 Kh6 Rxb3 cxb3,B06
2025-08-08,MEmyEsaf,bullet,18:57,1025,1031,6,win,1,white,1039,vsavkov,8,30,e4 c5 Nf3 d6 Bc4 Nf6 d3 e6 Bg5 Be7 Bxf6 Bxf6 c3 Nd7 a3 O-O Nbd2 a6 O-O b5 Ba2 Bb7 Re1 Ne5 Nf1 Rc8 Nxe5 Bxe5 Ng3 Bxg3 fxg3 d5 e5 c4 d4 f6 Qc2 Rb8 Bb1 f5 g4 Qg5 h3 g6 Qd1 Rf7 Qf3 Rbf8 Qg3 fxg4 Qxg4 Qxg4 hxg4 Rf4 Bc2 Rf2 Bxg6 hxg6 Kh2 Rxb2 Kg3,B50
2025-08-09,yrvEbnDU,blitz,19:57,1183,1187,4,win,1,black,1082,E1415g26,-105,14,d4 d5 c4 e6 c5 Nf6 e3 a6 Be2 Nc6 Nf3 Be7 Ne5 Nxe5 dxe5 Ne4 Qd4 c6 O-O O-O b4 f6 Bf3 Ng5 exf6 Bxf6 Qh4 Nxf3+,D30
2025-08-10,xwB2719j,blitz,15:12,1187,1194,7,win,1,black,1269,kalin72,75,29,d4 d5 Nf3 Nc6 Bf4 e6 e3 a6 c3 Nf6 Nbd2 Bd6 Ne5 Bxe5 dxe5 Nd7 Nf3 h6 Qc2 b5 Bd3 Nb6 b3 Bb7 Nd4 g5 Bg3 f5 Nxe6 Qe7 Bxf5 Rf8 Bg6+ Kd7 Nd4 Nxd4 exd4 Rg8 Bf5+ Ke8 h4 g4 Bf4 h5 Bg5 Qa3 g3 Bc8 Bg6+ Kd7 O-O Kc6 Qe2 Rxg6 e6 Bxe6 Qe5 Re8,D02
2025-08-10,2UkR4psh,blitz,18:51,1194,1188,-6,loss,-1,black,1208,Steinar69,20,22,d4 d5 Nf3 Nc6 Nc3 Nf6 Bf4 e6 a3 a6 h3 Bd6 Ne5 Bxe5 dxe5 Nd7 e3 Ndxe5 Bxe5 Nxe5 Qh5 Ng6 Bd3 Qf6 O-O-O Bd7 g4 Ne5 f4 Nf3 g5 g6 Qxf3 Qe7 e4 O-O-O exd5 exd5 Nxd5 Qc5 Ne3 Be6 Bxa6 bxa6 Qa8#,D02
2025-08-10,IOsVVgge,blitz,18:57,1188,1183,-5,loss,-1,white,1188,smjay231,5,6,e4 e5 Nf3 Bc5 Bc4 d6 d3 c6 Nc3 b5 Bxf7+,C40
2025-08-10,1IqSyAYy,blitz,20:21,1183,1177,-6,loss,-1,white,1179,hado96,2,30,e4 c6 Nf3 d5 e5 Bf5 d4 e6 Bd3 Bxd3 Qxd3 Nd7 Nc3 h6 Be3 Ne7 Na4 Nf5 O-O Be7 c3 O-O b4 Rc8 Nb2 b6 Qd2 c5 a3 cxd4 cxd4 Nxe3 Qxe3 Nb8 Na4 Nc6 Nc3 Qc7 Ne2 Kh7 Ng3 f6 Nh4 fxe5 Qd3+ Kg8 Ng6 Rfe8 dxe5 Nxe5 Nxe5 Qxe5 Rae1 Qf6 Re3 Bd6 h3 Bxg3 fxg3 Qg5,B12
2025-08-11,Twp7Jjnp,bullet,12:10,1031,1025,-6,loss,-1,black,1050,knight1960,25,30,e4 e5 Bc4 Nf6 Nf3 Nc6 Ng5 d5 exd5 Na5 Bb5+ c6 dxc6 bxc6 Be2 h6 Nf3 e4 Ng1 Bc5 d3 O-O dxe4 Qb6 Be3 Bxe3 fxe3 Qxe3 Qd3 Qxe4 Nd2 Qxd3 Bxd3 Re8+ Ne2 Bg4 Nf3 Bxf3 gxf3 Re3 Kf2 Re5 Rhe1 Rb8 b3 c5 Nc3 Rh5 Kg2 Nc6 h3 Nd4 Ne4 Nxe4 Rxe4 Ne6 Rae1 Rg5+ Kf2 Rh5 Kg2,C59
2025-08-11,4EZCQZIe,blitz,13:01,1177,1172,-5,loss,-1,white,1219,drholger,47,38,e4 e5 Nf3 Nc6 Bb5 Nge7 c3 a6 Bxc6 Nxc6 d4 exd4 cxd4 Bb4+ Bd2 O-O Bxb4 Nxb4 O-O d6 Qb3 Nc6 d5 Ne7 Nbd2 b5 h3 Bb7 Rac1 c6 Rfe1 cxd5 Nf1 dxe4 Ng5 h6 Nxe4 Nf5 g4 Nh4 Rcd1 d5 Nc5 Bc6 Ne3 Nf3+ Kf1 Nxe1 Kxe1 Re8 Kf1 Qh4 Nf5 Qf6 Nd3 Re6 Nf4 Re4 Nxd5 Bxd5 Qxd5 Rae8 b3 Qb2 Nd6 Qe2+ Kg1 R8e5 Qxf7+ Kh7 Nf5 Qxd1+ Kg2 Qd5 Qxd5,C60
2025-08-11,Tj43Jtkd,blitz,13:21,1172,1179,7,win,1,white,1244,bidyzu,65,16,e4 e5 Nf3 Nc6 Bb5 d6 c3 Bd7 Bxc6 Bxc6 d3 Qf6 Be3 b6 Nbd2 O-O-O Nb3 Be7 O-O Qe6 d4 f5 d5 Qg6 dxc6 fxe4 Nfd2 Bh4 Qe2 Nf6 Qa6+ Kb8 Qb7#,C62
2025-08-11,ADtbyMsa,bullet,13:51,1025,1032,7,win,1,white,1083,jubito_456,51,22,e4 e5 Nf3 Nc6 h3 Nf6 Bb5 Nxe4 d3 Nf6 Bg5 Be7 Bxf6 Bxf6 Bxc6 dxc6 O-O O-O Nbd2 Bd7 Ne4 a6 c4 Bf5 Qc2 Bxe4 dxe4 Qd7 Rad1 Qe6 b3 Rad8 Rxd8 Rxd8 g4 h6 a4 Qd6 Kg2 Qb4 h4 Rd2 Nxd2,C44
2025-08-11,zqjhAsVB,blitz,14:17,1179,1174,-5,loss,-1,black,1224,Sahaya_Jithin,50,26,e4 e5 d4 exd4 Qxd4 Nc6 Qd1 Bd6 Bb5 Ne5 Bf4 Qf6 Bxe5 Qxe5 Nc3 Bb4 Qd3 Bxc3+ bxc3 Nf6 Nf3 Qxe4+ Qxe4+ Nxe4 O-O O-O c4 c6 Ba4 Nc3 Bb3 d6 Rfe1 Be6 Re3 Nxa2 Rxa2 a6 c5 Bxb3 Rxb3 d5 Rxb7 Rab8 Rxb8 Rxb8 g3 Rb5 Rxa6 h6 Rxc6,C22
2025-08-11,vLXH3GL4,blitz,16:18,1174,1180,6,win,1,white,1209,shiwangsharma,29,38,e4 d5 e5 Nc6 d4 e6 Bb5 a6 Bxc6+ bxc6 Nc3 c5 Be3 cxd4 Bxd4 Bb4 Ne2 f6 O-O fxe5 Bxe5 Qg5 Qd4 c5 Qf4 Qg6 Na4 Bb7 Nb6 d4 Ng3 Rd8 Nc4 Nf6 Nd6+ Rxd6 Bxd6 Qxc2 Rae1 Bxe1 Rxe1 Bd5 h3 Qxb2 Bxc5 Qc3 Qd6 Qxe1+ Kh2 Kf7 Qe7+ Kg6 Bxd4 Re8 Qa3 Nh5 Qd3+ Kf7 Nxh5 g6 Nf6 Rh8 Nxd5 exd5 Bxh8 Qxf2 Qxd5+ Kf8 Qd6+ Kg8 Qd8+ Kf7 Qd7+ Kg8 Qg7#,B00
2025-08-12,RsMFEAdC,bullet,11:47,1032,1028,-4,loss,-1,black,1118,bythetime,90,26,Nf3 Nc6 g3 e5 Bg2 Nf6 d3 d5 Nc3 Bg4 b3 Bxf3 Bxf3 Nd4 e3 Nxf3+ Qxf3 Bb4 Bd2 Bxc3 Bxc3 e4 dxe4 dxe4 Qf4 Qe7 Rd1 O-O O-O c6 a3 Nh5 Qg4 Nf6 Qg5 h6 Qf5 Nd5 Bd4 Qxa3 Qxe4 Qd6 c4 Rae8 Qd3 Nb4 Qc3 c5 Bxg7 Qg6 Be5,A04
2025-08-12,mv2XYqUn,blitz,13:37,1180,1173,-7,loss,-1,white,1112,Fun_Arne,-61,26,e4 d5 e5 Nc6 d4 Bf5 Bb5 e6 a3 a6 Bxc6+ bxc6 Nc3 Rb8 Nf3 Bg4 O-O Be7 h3 Bxf3 Qxf3 Bh4 b4 Ne7 Ne2 Nf5 Nf4 Nxd4 Qg4 Nxc2 Ra2 Nd4 Nh5 g6 Ng7+ Kf8 Bh6 Nf5 Nxe6+ Ke7 Nxd8 Rbxd8 Bg5+ Bxg5 Qxg5+ Kd7 Qf6 Nd4 Qxf7+ Kc8 Qf4 Ne2+,B00
2025-08-12,4e1kSBsS,blitz,14:05,1173,1171,-2,loss,-1,black,1374,Abdullah_110,203,40,e4 e5 Nf3 Nc6 Nc3 Nf6 d4 exd4 Nxd4 Nxd4 Qxd4 b6 Bg5 c5 Qe5+ Be7 Bc4 O-O Bd5 Nxd5 Qxd5 Bxg5 Qxa8 Re8 O-O Qc7 Qd5 Bf6 Nb5 Qf4 Nd6 Be5 Qxf7+ Qxf7 Nxf7 Kxf7 Rad1 d6 f4 Bd4+ Kh1 Rxe4 c3 Be3 Rf3 Bxf4 Rdf1 g5 g3 Bg4 R3f2 Be2 Re1 Bf3+ Rxf3 Rxe1+ Kg2 Re2+ Kf1 Rxb2 gxf4 g4 Rd3 Ke6 h3 Rxa2 hxg4 Ra4 Rf3 Re4 f5+ Kf6 Kg2 h6 Kg3 Rc4 Kh4 d5 Kh5,C47
2025-08-12,LUl9q6gU,bullet,14:53,1028,1021,-7,loss,-1,black,941,Yosef_asher,-80,18,e4 e5 Nf3 Nc6 Bc4 Nf6 Nc3 Bc5 d3 O-O Ng5 d6 Be3 Bxe3 fxe3 Ng4 Nf3 Nxe3 Qe2 Ng4 h3 Nf6 O-O-O Nd7 g4 Nc5 h4 Be6 g5 Bxc4 dxc4 g6 h5 Qxg5+ Nxg5,C50
2025-08-12,KOzIJ7bk,blitz,15:47,1171,1165,-6,loss,-1,black,1155,ylopezernandez,-10,16,d4 d5 e3 a6 Bd3 Nf6 c3 e6 Nf3 Nc6 Nbd2 Bd6 O-O Ng4 g3 Qf6 Re1 e5 h3 Nxf2 Kxf2 e4 Ke2 exf3+ Nxf3 Bxg3 Rf1 Bxh3 Rg1 Bg4 Rxg3 O-O,D00
2025-08-12,OPUph3EU,bullet,16:19,1021,1017,-4,loss,-1,white,1136,Kevinw1526,119,35,e4 e5 Nf3 Nc6 Bb5 a6 Bxc6 dxc6 d3 Nf6 Bg5 Bd6 Nc3 O-O O-O Re8 h3 Bb4 Ne2 h6 Bxf6 Qxf6 c3 Bc5 d4 exd4 cxd4 Rd8 e5 Qe6 Qc2 Bb6 Rad1 Qe7 b3 g6 a4 Bf5 Qd2 Be4 Qxh6 Bxf3 gxf3 c5 Qf4 cxd4 Nxd4 Bxd4 Rxd4 Rxd4 Qxd4 Qg5+ Kh2 Kh7 Rg1 Qe7 f4 Qe6 Qe3 Rg8 b4 b6 Qf3 b5 a5 c6 Rg3 f5 exf6 Qxf6,C68
2025-08-12,sVVJeqpW,blitz,17:27,1165,1160,-5,loss,-1,white,1199,FANG91,39,49,e4 e5 Nf3 Nc6 Bb5 h6 d3 d6 h3 a6 Bxc6+ bxc6 Nc3 c5 Ne2 a5 O-O a4 c4 a3 b3 Nf6 Be3 g5 Ng3 g4 Nh4 gxh3 gxh3 Bxh3 Re1 Ng4 Ngf5 Nxe3 Rxe3 Qg5+ Rg3 Qf4 Qh5 Bxf5 Nxf5 O-O-O Rf3 Qg5+ Qxg5 hxg5 Ne3 g4 Rxf7 Rg8 Nf5 Rd7 Rxd7 Kxd7 Kg2 Be7 Rh1 Bf6 Rh7+ Ke6 Ne3 Bg5 Nxg4 Bd2 Rxc7 Rxg4+ Kh3 Rf4 Kg2 Bc1 f3 Rf8 Rg7 Kf6 Rg4 Rh8 Kf1 Rh2 Rg2 Rh1+ Ke2 Rh3 Rf2 Bb2 Rg2 Rh1 Kf2 Rc1 Kg3 Rc3 Rh2 Rxd3 Rh6+ Ke7 Kg4 Bc1 Kf5 Bxh6,C60
2025-08-12,Qzhhzz0B,blitz,17:50,1160,1165,5,win,1,black,1166,Dagis14,1,26,e3 e5 d3 d5 h3 Nc6 a3 a6 Nd2 h6 Qe2 Be6 g3 Nf6 Bg2 Bd6 b4 b5 c4 bxc4 dxc4 e4 b5 Ne7 cxd5 Bxd5 bxa6 Be5 Rb1 O-O f3 Nc6 f4 Bc3 Kf2 Bxd2 Bxd2 Qd6 Bb4 Nxb4 axb4 Rxa6 Bf1 Rb6 h4 Rxb4 Ra1 Bc4 Qc2 Ng4+ Kg2 Nxe3+,A00
2025-08-15,If3h0yR0,blitz,10:46,1165,1171,6,win,1,white,1162,Jerzy23,-9,28,e4 c5 Nf3 Nc6 Bb5 g6 Bxc6 dxc6 d3 b6 Nc3 Bg7 Rb1 Be6 a3 Bg4 h3 Be6 O-O Qd7 Ne2 h5 Nf4 Bf6 c4 g5 Nxe6 Qxe6 Bxg5 O-O-O Re1 Kb7 e5 Bg7 b3 f6 exf6 Qxe1+ Qxe1 exf6 Be3 Rxd3 Nh4 Ne7 Qe2 Rd7 Bf4 Rhd8 Qe6 Rd1+ Rxd1 Rxd1+ Kh2 Nc8 Qf7+,B31
2025-08-15,pMw6nFHj,bullet,11:03,1017,1012,-5,loss,-1,black,1055,meathook63,43,30,d4 d5 Nf3 Nc6 Bf4 Bf5 e3 Nf6 Nbd2 a6 h3 e6 g4 Bg6 Nh4 h6 Nxg6 fxg6 g5 Nd7 gxh6 gxh6 Bd3 Qf6 Qg4 Ne7 Nf3 O-O-O Ne5 Nb6 Nxg6 Nxg6 Bxg6 Nc4 Rg1 Nxb2 Rb1 Bb4+ Ke2 Bc3 Be5 Qg5 Qxg5 hxg5 Rxg5 Rxh3 Bh5 Nc4 Rg7 Rxh5 Rxc7+ Kb8 Rbxb7+ Ka8 Ra7+ Kb8 Rcb7+ Kc8 Rf7 Ba5 Ra8#,D02
2025-08-15,xSRMEpqr,blitz,11:20,1171,1176,5,win,1,white,1132,avi_0,-44,21,e4 d6 d4 Nf6 Nc3 g6 Bg5 Bg7 Bxf6 Bxf6 h3 O-O Nf3 Bg7 Bc4 h6 a3 Kh7 Ne2 Nd7 Ng3 Nf6 O-O Nh5 Nxh5 gxh5 Bd3 f5 Nh4 fxe4 Bxe4+ Kg8 Qxh5 e6 d5 Rf4 dxe6 Rxh4 Qf7+ Kh8 e7 Rxe4,B07
2025-08-15,pjk8WDgd,blitz,13:20,1176,1183,7,win,1,black,1215,UweMetti,32,48,d4 d5 Nf3 Bg4 e3 e6 h3 Bxf3 Qxf3 Nf6 c4 Bb4+ Nc3 Ne4 Bd2 Bxc3 Bxc3 Nc6 Bd3 Nf6 cxd5 Nxd5 O-O O-O Rac1 Qg5 Be4 Nce7 a3 c6 b4 f5 Bxd5 exd5 a4 a6 Qe2 Nc8 b5 axb5 axb5 Nb6 bxc6 bxc6 Bb4 Rfc8 Bc5 Nc4 Ra1 Rxa1 Rxa1 Re8 Qa2 f4 exf4 Qxf4 Rf1 Nd2 Rd1 Ne4 f3 Ng3 Qf2 Re2 Re1 Rxf2 Re8+ Kf7 Rf8+ Ke6 Rxf4 Ra2 Kh2 Nh5 Rh4 Nf6 f4 Kf5 Kg3 h6 Kh2 Rf2 Be7 Ne4 Rh5+ Kg6 Rh4 Nd2 Rg4+ Kf7 Bb4 Ne4 Rh4 Kg6 Rg4+ Kf7,D02
2025-08-15,YjtNHpxZ,blitz,21:20,1183,1177,-6,loss,-1,black,1185,Diokenes,8,24,d4 d5 Bf4 Nf6 e3 a6 Bd3 e6 Bg3 Bd6 Nd2 Nc6 Ngf3 Bd7 b3 Nb4 a3 Nxd3+ cxd3 Bb5 Ne5 Bxe5 dxe5 Nd7 d4 Bd3 a4 b5 a5 c5 dxc5 Nxc5 b4 Na4 Nb3 Bc4 Nd4 Nc3 Qc2 Ne4 f3 Nxg3 hxg3 Qg5 Kf2 O-O Qxh7#,D00
2025-08-16,0px8SZS7,blitz,07:44,1177,1182,5,win,1,white,1153,Troad117,-29,64,e4 e5 Nf3 Nc6 Bb5 f6 d3 a6 Bxc6 bxc6 Nc3 d6 Be3 Be6 a3 Be7 h3 f5 Bd2 Nf6 Bg5 O-O Bxf6 Bxf6 Ne2 d5 Nd2 dxe4 dxe4 fxe4 Nxe4 Qxd1+ Rxd1 Bd5 N2c3 Bc4 b3 Bb5 a4 Rad8 axb5 Rxd1+ Nxd1 cxb5 O-O Rd8 Ndc3 b4 Na4 a5 Nac5 Rd4 Ra1 h6 Rxa5 Rd1+ Kh2 Bg5 Nd3 Bf4+ Nxf4 exf4 Nc5 Rd2 Ra2 Rxf2 Nd3 Re2 Nxf4 Re4 Nd3 g5 Kg3 h5 Kf3 Re6 Nxb4 Rf6+ Kg3 h4+ Kg4 Rf4+ Kxg5 Rxb4 Ra6 Kf7 Rh6 Ke7 Rxh4 Rb5+ Kf4 Rb4+ Kg3 Rb5 Rc4 Kd6 h4 Re5 Kf3 Rf5+ Ke4 Re5+ Kf4 Re2 g3 Rf2+ Kg4 Rf7 h5 Rg7+ Kh4 c6 g4 c5 g5 Rf7 h6 Rf2 Kh5 Rh2+ Kg6 Rf2 h7 Rh2 Kg7 Rg2 g6,C60
2025-08-16,SvtVMiA6,bullet,07:56,1012,1007,-5,loss,-1,black,1057,Shef67,50,20,e4 e5 f4 exf4 Nf3 d6 Be2 Bg4 O-O Bxf3 Bxf3 Nc6 d4 Nce7 Bxf4 Ng6 Bd2 Qh4 Nc3 O-O-O Nb5 a6 Nc3 Nf6 Qe2 d5 e5 Qxd4+ Be3 Qxe5 Rfe1 Qd6 Ba7 Nf4 Bg4+ Nxg4 Qxg4+ Ne6 Rad1,C34
2025-08-16,FKWwFW6P,bullet,08:10,1007,1001,-6,loss,-1,white,1008,cookeee,7,12,e4 d5 Nf3 dxe4 Ng5 Qd5 Nxf7 Qxf7 Bb5+ Bd7 Bxd7+ Nxd7 Nc3 O-O-O Nxe4 Qe6 d3 Nc5 O-O Nxe4 dxe4 Rxd1 Rxd1 Nf6,A06
2025-08-16,PBY0cCuu,bullet,08:12,1001,995,-6,loss,-1,white,971,Douglit,-24,41,e4 e5 Nf3 Nc6 Bb5 d6 d3 a6 Bxc6+ bxc6 O-O f6 Be3 Bg4 Nbd2 Nh6 Re1 Be7 h3 Bxf3 Qxf3 O-O Nf1 Qd7 Bxh6 gxh6 Qg3+ Kh8 Qh4 f5 Qxh6 f4 Nd2 Rg8 Nf3 Raf8 Nh4 Bxh4 Qxh4 Qg7 g4 fxg3 fxg3 Rf3 Kg2 Rxg3+ Kf2 Rf8+ Ke2 Rg2+ Kd1 Rg1 Kd2 Qg2+ Kc3 Rxe1 Rxe1 Rb8 Qf6+ Qg7 Qxg7+ Kxg7 Rg1+ Kf6 Rg4 h5 Rh4 Kg5 Rxh5+ Kxh5 Kd2 Kh4 Ke3 Kxh3 Kf3 Kh4 b3 Kg5 a4 Rh8 Kg3 Rh1,C62
2025-08-16,4eGIaz7U,bullet,08:56,995,1001,6,win,1,black,998,Ilja_1977,-3,27,e4 e5 Nf3 Nc6 Bc4 Nf6 d3 Bc5 O-O d6 Bg5 O-O Nc3 h6 Bh4 Be6 Nd5 Bxd5 Bxd5 Nb4 Bxb7 Rb8 Bd5 Nbxd5 exd5 g5 Bg3 Nxd5 c4 Ne7 b3 Ng6 d4 Bb6 a3 Qf6 c5 dxc5 dxc5 Bxc5 b4 Bd6 Rc1 a6 Rc6 Rb6 Rxb6 cxb6 Qd3 b5 Rd1 Rd8 Nxe5 Bxe5,C50
2025-08-16,q8kYeQl1,bullet,22:19,1001,1006,5,win,1,white,951,Timello,-55,42,e4 e5 Nf3 Nc6 Bb5 d6 d3 Nf6 Bg5 Be7 Bxf6 Bxf6 Nc3 Bd7 Bxc6 Bxc6 O-O O-O a3 h6 Ne2 Qe7 Ng3 Rad8 Nf5 Qe6 c4 a6 b4 Bd7 a4 Qe8 Ng3 Bxa4 Rxa4 Be7 Ra2 c5 b5 axb5 cxb5 Qxb5 Qc2 Rb8 Rb1 Qc6 h3 b5 Nd2 b4 Nc4 Rb7 Na5 Qc7 Nxb7 Qxb7 Qa4 Rb8 Nf5 Bf8 Qb3 g6 Ne3 Be7 Nd5 Bf8 Nf6+ Kg7 Nd7 Qxd7 Qd5 Qc7 Ra8 Rxa8 Qxa8 Qe7 Qd5 Qg5 Ra1 Qd2 Ra6 Qxd3 Qxd3 d5 Qxd5,C62
2025-08-19,af3VHnnm,blitz,11:43,1182,1188,6,win,1,black,1182,Nicco_10,-6,35,e4 e5 d4 exd4 Nf3 c5 Bc4 Nf6 Ng5 d5 exd5 h6 Qe2+ Be7 Nxf7 Kxf7 d6+ Kf8 dxe7+ Qxe7 Qxe7+ Kxe7 O-O Nc6 Re1+ Kd6 Na3 Bf5 c3 a6 Bf4+ Kd7 h3 b5 Bf1 Kc8 g4 Bd7 Rac1 Kb7 Bg2 Kb6 cxd4 Nxd4 Bxa8 Rxa8 Kg2 Bc6+ Kh2 Nf3+ Kg3 Nxe1 Rxe1 Ne4+ Kh2 Nxf2 Be3 Ne4 Rc1 Re8 b4 Ng5 bxc5+ Kb7 Bxg5 hxg5 Nc2 Re2+ Kg3 Rg2#,C21
2025-08-19,bLa9OkKb,rapid,21:54,1281,1369,88,win,1,black,1294,BrasilRioNilde,-75,28,d4 d5 c4 e6 Nc3 Bb4 Bd2 Bxc3 Bxc3 Nf6 f3 Nbd7 e3 Nf8 h4 a6 g4 h6 h5 N8h7 Bd3 Ng5 Qc2 Qd6 c5 Qg3+ Kd2 Nxf3+ Nxf3 Qxf3 Raf1 Qxg4 Rf4 Qg2+ Be2 Qxh1 Rxf6 gxf6 c6 b6 Bb4 a5 Ba3 Rg8 Kd3 Qe4+ Kd2 Qxc2+ Kxc2 Rg2 Kd2 e5 dxe5 fxe5 b3 Bg4,D31
2025-08-20,9jm96Kkh,blitz,03:38,1188,1194,6,win,1,white,1158,khairulazuan,-36,38,e4 e5 Nf3 Nc6 Bb5 Nf6 d3 Bc5 O-O Qe7 Bg5 Nd4 Nxd4 Bxd4 c3 Qc5 Bxf6 gxf6 Bc4 Qb6 b4 Bxc3 Nxc3 Qxb4 Nd5 Qd6 Qf3 c6 Nxf6+ Ke7 Ng4 Rf8 Nh6 b5 Nf5+ Kd8 Nxd6 Ba6 Bxf7 Kc7 Qf6 b4 Qxe5 Bxd3 Nc4+ Kb7 Na5+ Ka6 Bc4+ Bxc4 Nxc4 Kb7 Qe7 Rad8 Qxb4+ Kc7 e5 Rb8 Qd6+ Kb7 Qxd7+ Ka6 Qxc6+ Rb6 Nxb6 axb6 a4 Rd8 a5 Rb8 e6 h5 e7 Ka7 axb6#,C65
2025-08-21,pFMEygCT,blitz,07:21,1194,1187,-7,loss,-1,black,1152,Artem_Slepets,-35,36,e4 e5 Nf3 Nc6 Bc4 Nf6 d3 Bc5 Bg5 h6 Bh4 O-O Nc3 Bxf2+ Kxf2 Ng4+ Kg1 Qe8 h3 Nf6 Nd5 Nxd5 Bxd5 Nd4 Nxd4 exd4 Qf3 c6 Bb3 d6 Kh2 Be6 Rae1 Bxb3 axb3 c5 e5 Qd7 Qg3 Rad8 Bf6 g6 e6 fxe6 Bxd8 Qxd8 Qxg6+ Kh8 Rxe6 Qd7 Qxh6+ Qh7 Rxd6 Qxh6 Rxh6+ Kg7 Re6 b6 Rhe1 Rf7 Re7 Rxe7 Rxe7+ Kf6 Rxa7 Ke5 Rb7 Kf4 Rxb6 Ke3 Rc6,C50
2025-08-21,cc0iEhMR,blitz,18:17,1187,1181,-6,loss,-1,white,1165,Kpn2024,-16,42,e4 e5 Nf3 d6 h3 Nf6 Nc3 Be7 d3 Nc6 Bg5 Nd4 Bxf6 Bxf6 Nxd4 exd4 Nd5 Bh4 Qh5 g6 Qh6 Bf6 Be2 Rg8 Qxh7 Rh8 Nxf6+ Qxf6 Qxh8+ Qxh8 O-O-O Be6 Bg4 Bxa2 b3 Qe5 Kb2 Qa5 h4 c5 h5 g5 h6 Ke7 h7 Rh8 Ra1 Qc3+ Kxa2 Qxc2+ Ka3 b5 Rac1 Qxd3 Kb2 b4 Rcd1 Qc3+ Ka2 Qc2+ Ka1 Qxb3 e5 dxe5 Rde1 Kd6 Bd1 Qa3+ Kb1 a5 Rh6+ Kd5 Bf3+ Kc4 Rc1+ Kb5 Be2+ d3 Bf1 c4 g3 b3 Bg2 Qa2#,C41
2025-08-23,R79GmY4E,blitz,13:02,1181,1176,-5,loss,-1,black,1201,nhugoz,25,44,e4 e5 Bc4 Nf6 d3 Bc5 f4 d6 Nf3 Bg4 c3 O-O b4 Bb6 a4 a6 Nbd2 Be3 Bb2 Bxf4 O-O Nc6 Qc2 Bxf3 Nxf3 Ne7 d4 Ng6 Bd3 Ng4 Rfd1 Ne3 Qb3 Nxd1 Rxd1 Be3+ Kh1 Nf4 g3 Ng6 Qd5 c6 Qc4 Qf6 Rf1 Qe6 d5 Qh3 dxc6 bxc6 Qxc6 Bf4 Ng1 Qg4 Be2 Qe6 c4 Ne7 Qb6 Rfb8 Qf2 Rxb4 Bc3 Rb3 Rb1 Rxc3 Rb6 Be3 Qf5 Qxf5 exf5 Bxg1 Rxd6 Bc5 Rd3 Rc1+ Rd1 Rc3 Kg2 Nxf5 Kh3 Re3 Bg4 Nd4 Bd7 h6 Kg4,C24
2025-08-24,cHteBwKI,blitz,09:47,1176,1182,6,win,1,white,1213,BaDrish,31,18,e4 e5 Nf3 d6 h3 h6 Nc3 g5 d3 a6 g4 Nd7 Bg2 Nb6 Be3 c6 a3 Nf6 Nd2 Bg7 f3 h5 Bxg5 hxg4 fxg4 Nbd7 Nf3 Qb6 Na4 Qa5+ c3 Nc5 b4 Qb6 bxc5 dxc5 Nxb6,C41
2025-08-24,yD6OaBTz,blitz,15:41,1182,1188,6,win,1,white,1200,edwardteras,12,20,e4 e5 Nf3 Nc6 Bb5 a6 Bxc6 dxc6 d3 Bd6 Nc3 Nf6 h3 O-O Bg5 h6 Bxf6 Qxf6 Ne2 Re8 Ng3 Bc5 Qd2 Bd7 b4 Ba7 c4 b5 c5 a5 a3 axb4 axb4 Be6 O-O Bb3 Qc3 Ba4 Nh5 Qd6,C68
2025-08-27,WMRIGanw,blitz,16:01,1188,1183,-5,loss,-1,black,1258,exu_fuzi,75,14,e4 e5 d4 exd4 Qxd4 Nc6 Qd5 Nf6 Qd3 Bc5 Nf3 O-O e5 Ng4 Be3 Bxe3 fxe3 Qe7 Nc3 Ncxe5 Nxe5 Nxe5 Qe4 d6 Bd3 Qf6 Qxh7#,C22
2025-08-27,q25idWCt,blitz,16:13,1183,1190,7,win,1,white,1286,niiiiikkkk,96,62,e4 g6 d4 Bg7 e5 d6 Nf3 dxe5 Be3 e4 Ng5 Nd7 Nxe4 Ngf6 Nxf6+ Bxf6 Bb5 c6 Bc4 Nb6 b3 Nxc4 bxc4 c5 c3 cxd4 cxd4 O-O Nc3 h5 Rc1 Bg4 Ne2 e5 d5 Qa5+ Bd2 Qxa2 O-O Rac8 Rc2 Qa4 Nc3 Qb3 Rb2 Qxd1 Nxd1 e4 Rxb7 Bd4 Be3 Bxe3 Nxe3 Be2 Re1 Bxc4 Rxa7 f5 Nxc4 Rxc4 d6 Rfc8 h3 Rc1 Rxc1 Rxc1+ Kh2 Rd1 d7 Kf8 Kg3 Ke7 Kf4 Rxd7 Rxd7+ Kxd7 Kg5 Ke6 Kxg6 Ke5 Kxh5 Kf4 Kh4 Ke5 Kg3 f4+ Kg4 e3 fxe3 fxe3 Kf3 Kd4 Ke2 Ke4 g3 Kd4 h4 Ke4 h5 Kd4 h6 Ke4 h7 Kd4 h8=Q+ Ke4 Qh4+ Kf5 g4+ Kf4 Qh5 Kg3 g5 Kg2 g6 Kg1 Qf3 Kh2 g7 Kg1 g8=R+ Kh2 Qg2#,B06
2025-08-30,cFQjoXZk,blitz,15:56,1190,1184,-6,loss,-1,black,1193,Oliviermorel,9,40,e4 e5 Nf3 Nc6 d4 exd4 Nxd4 Nxd4 Qxd4 Nf6 e5 Qe7 f4 c5 Qd3 b6 Be2 Bb7 exf6 Qxf6 Rg1 Qh4+ Qg3 Qxg3+ hxg3 O-O-O Kd1 d5 Bd2 d4 Bf3 Ba6 Re1 g6 b3 f5 c4 Bd6 Kc2 Kc7 Na3 Kb8 Bc6 Bb7 Bxb7 Kxb7 Nb5 Bf8 a4 Bg7 Ra2 d3+ Kd1 Bd4 Be3 Bc3 Bd2 Bxd2 Kxd2 a6 Nc3 Kc6 a5 b5 cxb5+ axb5 Re6+ Kd7 Rb6 b4 Nb5 Ke7 Rb7+ Kf6 a6 Rb8 Rxb8 Rxb8 a7 Ra8 Nc7,C44
2025-08-31,NllQUafp,blitz,10:11,1184,1191,7,win,1,white,1222,lukasronec,31,30,e4 d5 e5 Bf5 d4 e6 Nf3 Bg4 Be2 Bb4+ Bd2 Na6 a3 Ba5 Bxa5 Ne7 Bxa6 bxa6 Qd3 Nf5 Nbd2 O-O Qxa6 Qd7 O-O Qa4 b3 Qd7 a4 Bxf3 Nxf3 f6 Qe2 fxe5 Nxe5 Qd6 Nf3 c5 c3 c4 Bb4 Ng3 hxg3 Qc7 Bxf8 Rxf8 Qxe6+ Kh8 Qxd5 Rd8 Qxc4 Qb8 Ne5 Rc8 Nf7+ Kg8 Nd6+ Kh8 Qxc8+ Qxc8 Nxc8,B01
2025-08-31,2spSZYi0,blitz,18:56,1191,1197,6,win,1,black,1215,Yusuf_akay,18,29,e4 e5 c3 a6 Nf3 Nc6 b4 d6 a4 Bd7 Na3 Nf6 Bc4 Bg4 O-O Bxf3 Qxf3 Be7 d3 O-O Bd5 Nxd5 exd5 Nb8 Nc4 Nd7 Qe4 Nf6 Qf5 h6 f4 Nxd5 fxe5 g6 Qe4 Nxc3 Qxb7 dxe5 Nxe5 Qd4+ Kh1 Qxe5 Bb2 Qd4 Ra3 Bxb4 Bxc3 Bxc3 Qxc7 Qxd3 h3 Qxf1+ Kh2 Qf6 Rxc3 Rac8 Rf3 Qxf3,C20
2025-09-02,OpOjb8Ga,blitz,08:00,1197,1202,5,win,1,black,1174,sl_chess_beginner,-28,30,f3 e5 a3 Nf6 d3 d5 c4 d4 e4 Nc6 Nd2 a6 g4 Bc5 h3 Be6 Ne2 O-O Bg2 Ne7 b3 Ng6 Bb2 b5 Qc2 b4 axb4 Bxb4 O-O-O c5 Rdf1 Ba5 Kd1 Bc7 Nb1 Bd6 Nc1 Nf4 Rh2 h5 Rf2 hxg4 hxg4 Bxg4 fxg4 Nxg4 Rxf4 Nxh2 Rf2 Qg5 Bf3 Qg1+ Rf1 Nxf1 Qg2 Qxg2 Bxg2 Ne3+ Kd2 Nxg2 b4,A00
2025-09-08,7sgCKOXe,bullet,17:52,1006,1000,-6,loss,-1,white,1107,JwaMyr,107,20,e4 c5 Nf3 Nc6 Bb5 g6 Bxc6 bxc6 e5 e6 d4 cxd4 Qxd4 Bg7 Bf4 Ne7 Nc3 O-O O-O d5 Qc5 Qb6 Qxb6 axb6 a3 Ba6 Rfe1 b5 b4 Rfc8 Ne2 c5 Ng3 c4 c3 Nc6 Bg5 h6 Be7 Nxe7,B31
2025-09-09,cz5RY8XH,bullet,19:25,1000,1007,7,win,1,black,987,A3aanschaakt,-20,27,d4 d5 Bf4 e6 e3 Nf6 Nf3 a6 Bd3 Nc6 c3 Bd6 Nbd2 Bxf4 exf4 Bd7 Ne5 Qe7 Ndf3 Nxe5 fxe5 Ng4 h3 Nh6 Qc2 O-O-O O-O-O g6 g4 Ng8 h4 f6 g5 f5 Qb3 Bc6 Kb1 Qf7 Rc1 Ne7 Rhd1 Kb8 Bxa6 f4 c4 Qf5+ Ka1 b6 c5 Nc8 cxb6 Nxb6 Rxc6 Ka7,D00
2025-09-10,l0ua6gDe,bullet,08:16,1007,1001,-6,loss,-1,white,1018,mustCR7,17,40,e4 e5 Nf3 Nc6 Bb5 Nf6 d3 d6 Bg5 h6 Bxf6 Qxf6 Bxc6+ bxc6 Nc3 Bg4 O-O Rb8 h3 Bxf3 Qxf3 Qxf3 gxf3 Rxb2 Rab1 Rb6 Ne2 g5 Ng3 Bg7 Nf5 O-O Kg2 Bf6 Nxh6+ Kg7 Nf5+ Kg6 Kg3 Rh8 Kg4 Rbb8 Rg1 Rb6 c4 Bg7 h4 gxh4 Nxh4+ Kf6 Kh3 Ke6 Rxg7 Rxb1 Rg4 Rh1+ Kg3 Ra1 Ng2 Rxa2 Ne3 a5 c5 d5 exd5+ cxd5 d4 f6 f4 e4 f5+ Ke7 Rg7+ Kd8 Rg6 Rf8 Nd1 c6 Nc3 Ra3,C65
2025-09-10,JVyfYztw,blitz,12:02,1202,1196,-6,loss,-1,white,1199,Cabrisalem,3,25,e4 c6 d4 d5 e5 Bf5 h3 e6 Nf3 Nd7 Nc3 c5 g4 cxd4 Nxd4 Bg6 Bf4 Bc5 Bb5 a6 Bxd7+ Qxd7 Nce2 Qa4 b3 Qa5+ Bd2 Bb4 a4 Nf6 exf6 gxf6 O-O e5 Nf3 e4 Nh4 Bxd2 Nf4 Bxf4 Nxg6 hxg6 Qd4 Rxh3 Rfd1 Be5 Qxd5 Qxd5 Rxd5 Bxa1,B12
2025-09-10,gBBoFybF,blitz,14:51,1196,1189,-7,loss,-1,black,1137,zbchess39,-52,44,e4 e5 Nf3 Nc6 Bc4 Nf6 Nc3 Bb4 O-O d6 Ng5 O-O a3 Bxc3 bxc3 Ng4 d4 Nf6 d5 Ne7 Be3 Ng6 Qe1 h6 Nf3 Nxe4 Bd2 Nf6 Qe3 Ng4 Qd3 Qf6 Qe4 Bf5 Qe2 Bxc2 Bxh6 Nxh6 Qxc2 Qf4 h3 Nh4 Nxh4 Qxh4 Ba2 Qf6 Bb1 g6 Qe2 Kg7 Qb5 Rab8 Qa5 Rh8 Qxc7 Rbc8 Qxb7 Rxc3 Qxa7 Ng8 Qa5 Rc5 Qb4 Rxd5 Qc4 Rd4 Qe2 Qg5 Bd3 Rxh3 g3 Rdh4 a4 Rh1+ Kg2 R4h2+ Kf3 Qf6+ Ke4 Qf5+ Kd5 Nf6+ Kc4 Qc8+ Kb4 Nd5+ Kb3,C47
2025-09-10,6lE86emZ,blitz,15:18,1189,1195,6,win,1,white,1157,mymanchess,-38,38,e4 e5 Nf3 Nc6 Bb5 Nf6 Nc3 Bc5 h3 b6 d3 O-O Bg5 a6 Bxc6 dxc6 O-O Qd6 Bxf6 Qxf6 Ne2 Qg6 Ng3 Be7 Nxe5 Qe6 Nf3 Bh4 Nf5 Qg6 N5xh4 Qh5 Qe2 Bxh3 gxh3 Rae8 Rae1 Re6 Ng2 Qxh3 Ng5 Qh6 Nxe6 Qxe6 Nf4 Qh6 Qg4 Re8 e5 Rd8 Re4 g6 e6 f5 e7 Re8 Qh3 Qg5+ Qg2 Qh4 Nxg6 hxg6 Rxh4 Rxe7 Qxg6+ Rg7 Qxg7+ Kxg7 f4 Kf6 Rh6+ Kg7 Rxc6 a5 Re1,C48
2025-09-10,UfuVE11G,bullet,16:25,1001,1008,7,win,1,black,1167,ONLYPLAYINBULLETHYPE,159,45,d4 d5 Nf3 e6 Bf4 Nc6 e3 Bd6 c3 Bxf4 exf4 Nf6 Bd3 Bd7 g3 h6 Qe2 a6 c4 Nb4 Be4 Ba4 cxd5 Nfxd5 Bxd5 Nxd5 b3 Bb5 Qe5 Qe7 Qxg7 O-O-O Qg4 Qb4+ Nbd2 Nc3 f5 Be2 a3 Qd6 Ne4 Nxe4 Qxe4 Bxf3 Qxf3 exf5 Qxf5+ Kb8 Qxf7 Rhe8+ Kf1 Qxd4 Qh5 Qxa1+ Kg2 Qe5 Qxh6 Qe4+ f3 Qe2+ Kh3 Qxf3 Qh4 Qxh1 Qc4 Rh8+ Kg4 Qxh2 Kf3 Rdf8+ Ke4 Qg2+ Kd3 Rd8+ Kc3 Qxg3+ Kb4 Rh4 Ka4 Rxc4+ bxc4 Qe1 Kb3 Rd3+ Kc2 Qd2+ Kb1 Rb3+ Ka1 Qb2#,D02
2025-09-10,hQig72Ni,blitz,16:40,1195,1189,-6,loss,-1,black,1159,Halogen32q,-30,20,e4 e5 Nf3 Nc6 d4 exd4 Nxd4 Nxd4 Qxd4 b6 Qd5 Nf6 Qxa8 Bc5 Bd3 O-O O-O Qe7 Qxa7 b5 Qxc7 b4 Bg5 Qd6 Qxd6 Bxd6 Nd2 Bxh2+ Kxh2 Ng4+ Kg1 d6 f3 Ne5 Nc4 Nxc4 Bxc4 h6 Be7 Re8 Bxd6,C44
2025-09-11,3pPMuiBQ,blitz,18:02,1189,1183,-6,loss,-1,white,1194,rjd_free,11,32,e4 e5 Nf3 d6 h3 h6 Nc3 c6 d4 Nd7 d5 Ngf6 dxc6 bxc6 Bc4 a5 a4 Ba6 Bxa6 Rxa6 O-O g5 b3 Bg7 Ba3 Qc7 Bxd6 Qb7 Bxe5 O-O Bxf6 Bxf6 Qd6 Bxc3 Qxh6 Bxa1 Nxg5 Nf6 Rxa1 Re8 Qxf6 c5 Qf5 Kf8 Qxc5+ Qe7 Nh7+ Kg8 Qf5 Rg6 Qxa5 Kxh7 Qh5+ Rh6 Qf5+ Kh8 Re1 Rg8 e5 Rxh3 Qf6+ Qxf6 exf6 Rh6,C41
2025-09-12,ExR9UX8f,blitz,07:35,1183,1178,-5,loss,-1,black,1227,leehighway,49,44,d4 d5 Nc3 Nf6 Bf4 e6 e3 Bb4 Bd3 a6 Qd2 b5 a3 Ba5 b4 Bb6 Nf3 c6 O-O O-O Ng5 Nbd7 Qe2 h6 Nf3 Bc7 Ne5 Bxe5 dxe5 Nh7 Qg4 Ng5 Ne2 Re8 Nd4 Bb7 f3 Nf8 h4 Nfh7 hxg5 Nxg5 Bxg5 Qxg5 Qxg5 hxg5 g4 f6 exf6 gxf6 Kg2 Kg7 Rh1 Rh8 Rxh8 Rxh8 Rh1 Rxh1 Kxh1 e5 Nb3 e4 fxe4 dxe4 Bxe4 Kf7 Nc5 Ba8 Kg2 Ke7 Kf2 Kd6 Ke2 Ke5 Kd3 Kd6 Kd4 Kc7 Nxa6+ Kb6 Nc5 Bb7 Nxb7 Kxb7 Kc5 Kc7 Bxc6,D01
2025-09-12,FMrVD8ZN,blitz,16:25,1178,1185,7,win,1,white,1224,IGOR_K_F,39,36,e4 e6 Nf3 c5 e5 Nc6 Bb5 Nd4 Nxd4 cxd4 c4 a6 Ba4 Ne7 d3 Nc6 Bxc6 Bb4+ Bd2 Bxd2+ Qxd2 dxc6 Qf4 c5 Nd2 Qb6 b3 Qb4 O-O O-O Nf3 f6 Nh4 fxe5 Qxe5 Qd2 Rfd1 Qh6 Nf3 Rf5 Qc7 Qg6 Kf1 Rf7 Qe5 Rf5 Qe2 Bd7 Ne5 Qf7 Nxf7 Rxf7 Re1 Re8 Qe5 Ref8 Re2 Bc6 Qxc5 e5 Qxe5 Bxg2+ Kxg2 Rf5 Qxd4 Rg5+ Kf1 Rh5 Qd6 Rxh2 Qxh2,B40
2025-09-13,Kj2Kwbf7,blitz,08:16,1185,1180,-5,loss,-1,white,1221,abo_motwakil,41,37,e4 e5 Nf3 Nc6 Bb5 a6 Bxc6 dxc6 d3 f6 h3 b5 Nc3 b4 Ne2 Bd6 c4 c5 b3 Bd7 Neg1 a5 Ne2 a4 Be3 Ne7 O-O O-O Ng3 g6 Qd2 Rf7 Bh6 f5 Nh4 fxe4 Nxe4 Rf4 Bxf4 exf4 Ng5 Nf5 Nxf5 Bxf5 d4 Qxg5 dxc5 Bxc5 Qd5+ Kg7 Qxc5 Kh6 Qxc7 Rc8 Qb7 Bxh3 Qf3 Bg4 Qd3 f3 g3 Qh5 Qe3+ Kg7 Qf4 Rf8 Qc7+ Rf7 Qd6 Qh3 Qe5+ Kg8 Qe8+ Rf8,C68
2025-09-13,doS5lqxC,blitz,12:53,1180,1174,-6,loss,-1,black,1158,Damndan8,-16,26,e4 e5 Nf3 Nc6 Nc3 Nf6 Bb5 Bb4 Bxc6 dxc6 Nxe5 Bxc3 bxc3 Qe7 d4 Nxe4 Qf3 Nf6 O-O O-O Re1 Be6 Bg5 Bd5 Bxf6 Qxf6 Qxf6 gxf6 Nd7 Rfd8 Nxf6+ Kg7 Nxd5 cxd5 Re7 Rac8 h3 Rd6 Rae1 Ra6 R1e3 Rxa2 Rg3+ Kf6 Re5 c6 Rf3+ Kg7 Re7 Kf8 Rexf7+ Ke8 Rxh7,C49
2025-09-13,F7NVlX5Z,blitz,19:13,1174,1168,-6,loss,-1,black,1184,hassanmt,16,28,d4 d5 Bf4 e6 Nf3 a6 e3 Nc6 c3 Nf6 Bd3 Bd6 Nbd2 Bxf4 exf4 Qe7 Ne5 Bd7 Nxc6 Bxc6 Nf3 Nd7 g3 O-O-O b4 f5 a4 Nb6 b5 axb5 Bxb5 Bxb5 axb5 Nc4 Ne5 Nxe5 fxe5 Kd7 Qa4 b6 O-O Qg5 Qa7 Qd2 Rfc1 Ra8 Qb7 Rxa1 Qc6+ Kd8 Rxa1 Re8 Ra8+ Ke7 Qxe8#,D02
2025-09-13,EJSTOCOI,blitz,19:34,1168,1174,6,win,1,white,1198,someart,24,14,e4 c6 Nf3 d5 h3 dxe4 Ng5 Nf6 Nc3 Bf5 g4 Bg6 Bc4 h6 Bxf7+ Bxf7 Ngxe4 Nxe4 Nxe4 Bg6 Nc5 Qd5 d4 Qxh1+ Kd2 Bf7 Qxh1,B10
2025-09-13,BScEH75m,bullet,20:36,1008,1003,-5,loss,-1,white,1091,arkaba,88,32,e4 d5 e5 Bf5 d4 e6 h3 c5 Nf3 cxd4 Nxd4 Bg6 Bb5+ Nd7 Bf4 a6 Bxd7+ Qxd7 Nc3 Bc5 Nf3 Ne7 O-O O-O Ne2 Nf5 Ned4 Nxd4 Nxd4 b6 Nf3 Rac8 c3 Be7 Bg5 Bxg5 Nxg5 Qe7 Nf3 f6 Qd4 Qc5 exf6 Qxd4 Nxd4 Rxf6 Rae1 Rcf8 Nc6 Bd3 Ne5 Bxf1 Kxf1 Rxf2+ Kg1 Rxb2 Nd7 Rf7 Ne5 Rxa2 Nxf7 Kxf7 Rf1+ Ke7,B01
2025-09-13,y6kGNhBO,blitz,20:51,1174,1169,-5,loss,-1,white,1178,Nnaph,9,22,e4 c5 e5 g6 Nf3 Bg7 Bb5 e6 d4 Ne7 dxc5 Nbc6 Bxc6 Nxc6 Qe2 Qa5+ Bd2 Qxc5 Nc3 Nxe5 Nxe5 Bxe5 Be3 Bxc3+ bxc3 Qxc3+ Bd2 Qxa1+ Qd1 Qxd1+ Kxd1 O-O Re1 b5 Bc3 a5 Kd2 d5 Re3 b4 Bb2 Ba6 c4 Bxc4,B20
2025-09-13,4v7auCs4,blitz,22:18,1169,1163,-6,loss,-1,black,1196,GmoralesduocMP,33,18,e4 e5 Bc4 Nf6 Nf3 Nc6 Ng5 h6 Nxf7 Qe7 Nxh8 Qc5 Bf7+ Ke7 d3 Nd4 O-O d6 Be3 Ng4 h3 Nxe3 fxe3 Nc6 Qf3 Qxc2 Ng6+ Kd8 Nxf8 Qxd3 Ne6+ Bxe6 Bxe6 Ne7 Qf8#,C57
2025-09-14,7HSEcWtn,blitz,10:13,1163,1158,-5,loss,-1,black,1167,HansZimmer_15,9,48,e4 e5 Nf3 Nc6 Bb5 a6 Ba4 Bc5 Nc3 Nf6 d3 O-O O-O b5 Bb3 d6 Bd5 Bb7 a4 b4 Ne2 a5 c3 Rb8 cxb4 Nxb4 Bxb7 Rxb7 Bd2 Nc6 Qc2 Nb4 Bxb4 Rxb4 b3 Qb8 Rab1 Qa7 Nc3 Bd4 Nb5 Qb6 Nfxd4 exd4 h3 Rc8 Rfc1 c5 Qe2 Qd8 Qf3 h6 Qf5 Rb8 Qf4 R8xb5 axb5 Rxb5 f3 Qe7 Rb2 Nd7 Rcc2 Ne5 Qd2 Qh4 Kf1 Qg3 Qe2 Ng6 Rc4 Nf4 Qe1 Qxg2+ Rxg2 Nxd3 Qd2 Ne5 Qf4 Nxc4 bxc4 Rb1+ Kf2 Rb2+ Kg3 Rxg2+ Kxg2 a4 Qc1 d3 Qa3 d2 Qd3 a3 Qxd2 Kh7 Qa2,C70
2025-09-14,QdwUlnBl,blitz,10:49,1158,1158,0,draw,0,white,1150,Ben_Mahmoud,-8,36,e4 d6 d4 Nf6 Nc3 g6 Nf3 Bg7 h3 O-O Bg5 Nbd7 Bxf6 Bxf6 Bd3 e5 d5 c6 Bc4 Nc5 b4 b5 bxc5 bxc4 cxd6 Qxd6 O-O cxd5 Qxd5 Qxd5 Nxd5 Bg7 Ne7+ Kh8 c3 f5 Rfe1 Be6 Nc6 fxe4 Nfxe5 Rae8 Rxe4 Bf5 Rxc4 Bxe5 Nxe5 Rxe5 Rf4 Re4 Rf3 Rc8 Rc1 Re2 a4 Rce8 c4 Re1+ Rxe1 Rxe1+ Kh2 Rc1 Rf4 Ra1 c5 Rc1 Rb4 Rxc5 g4 Be6 Rb5,B08
2025-09-14,ChjzhWlU,blitz,20:49,1158,1164,6,win,1,black,1222,Bourscheid,58,28,e4 e5 Nf3 Nc6 Nc3 Nf6 d4 Bb4 a3 Bxc3+ bxc3 d6 dxe5 Nxe4 Bb5 Nxc3 Qd3 Nxb5 Qxb5 Bd7 exd6 Nd4 Qxb7 Nxc2+ Kd2 cxd6 Kxc2 Rc8+ Kb2 Rb8 Qxb8 Qxb8+ Ka2 O-O Rb1 Qc7 Re1 Qc2+ Rb2 Be6+ Ka1 Qc4 Nd2 Qd4 f3 h6 Nb3 Qa4 Kb1 Bxb3 Rxb3 Qxb3+ Bb2 Qd3+ Ka2 Rc8,C47
2025-09-15,0jh0xzz2,blitz,06:17,1164,1158,-6,loss,-1,black,1128,majidamini1981,-30,28,Nc3 Nf6 e4 e5 Bc4 Bb4 Nd5 Nxd5 Bxd5 Qe7 Qf3 O-O Nh3 c6 Bc4 b5 Bd3 d6 Be2 Bxh3 Qxh3 h6 O-O Nd7 d4 Qf6 Qxd7 exd4 Qxc6 Rac8 Qxb5 Bc5 Qd3 Qe5 Bf3 Bb6 Bg4 Rc6 f4 Qc5 e5 Qxc2 Qb5 d3+ Kh1 d2 Bxd2 Rc5 Qe2 Qg6 f5 Rxe5 Qxe5 Qxg4 Qxd6 Rd8 Qb4,C26
2025-09-15,5vajFLY2,blitz,06:26,1158,1152,-6,loss,-1,black,1169,MissterV,17,28,e4 e5 Nc3 Nf6 f4 exf4 e5 Ng8 Nf3 Bb4 d4 d6 Bxf4 Bg4 Be2 Bxf3 Bxf3 Bxc3+ bxc3 d5 O-O Nc6 Bh5 Nge7 Bg5 Qd7 Bxf7+ Kd8 e6 Qd6 Bf4 Qa3 Bg5 Qxc3 Bxe7+ Kxe7 Qg4 g6 Qg5+ Kd6 Qf4+ Ke7 Qg5+ Kf8 Bxg6+ Kg8 Bf7+ Kf8 Qxd5 Ne7 Bh5+ Kg8 Qg5+ Ng6 Bxg6 hxg6 Qxg6#,C29
2025-09-15,R646pGgG,blitz,10:36,1152,1157,5,win,1,white,1123,aminhotob,-34,32,e4 d5 e5 e6 d4 Nc6 Nf3 Bb4+ Bd2 Bxd2+ Nbxd2 f6 Bb5 Qe7 a3 Bd7 Bxc6 Bxc6 Nb3 Bb5 Nc5 Nh6 Nxb7 Ng4 Nc5 Bc4 b3 Bb5 a4 Nxf2 Kxf2 Bc6 Qd2 f5 Ng5 h6 Ngxe6 Qh4+ g3 Qh5 Nxg7+ Ke7 Nxh5 f4 Nxf4 Raf8 e6 Rf6 Rhe1 h5 Kg2 Rhf8 Nxh5 Rg6 Nf4 Rgf6 Ncd3 Be8 Qb4+ Kd8 Qb8+ Ke7 Qxc7+ Bd7 Qxd7#,C02
2025-09-15,a3N5oVhG,blitz,11:15,1157,1163,6,win,1,white,1161,AlWild,-2,68,e4 c6 d4 d5 e5 c5 h3 Nc6 Nf3 Bf5 Bb5 e6 Nc3 h6 g4 Bh7 Be3 Be4 Rg1 Bh7 Qd2 a5 O-O-O Qb6 Ne1 Ne7 Qe2 c4 Bxc6+ bxc6 Na4 Qb5 Nc5 Rb8 b3 a4 Nxa4 cxb3 Qxb5 cxb5 Nc5 bxa2 Kb2 Ra8 Ra1 Nc6 Rxa2 Rxa2+ Kxa2 Nb4+ Kb3 Nc6 c3 Be7 Nf3 O-O Ra1 Be4 Nd2 Bg2 Ra6 Rc8 Nd7 Bxh3 Nb6 Rc7 Ra8+ Kh7 Nc8 Bxg4 Nxe7 Rxe7 Rc8 Na7 Rc5 h5 Bg5 g6 Bxe7 Bf5 Bf6 Kh6 Rc7 h4 Bxh4 g5 Bxg5+ Kxg5 Rxf7 Nc6 Rg7+ Kf4 Rg3 b4 c4 dxc4+ Nxc4 Nxd4+ Kxb4 Ne2 Re3 Nd4 Kc5 Bh7 Kxd4 Bg8 Nd6 Kg5 Rg3+ Kf4 Rxg8 Kf3 Rf8+ Kg2 f3 Kg3 f4 Kg4 f5 exf5 Nxf5 Kg5 e6 Kg6 e7 Kg5 e8=Q Kf4 Nd6+ Kg4 Qf7 Kg5 Rg8+ Kh6 Qg6#,B12
2025-09-15,xUJB7nfM,blitz,14:10,1163,1169,6,win,1,black,1182,TrentBoyet,13,31,e4 e5 Nc3 Nf6 Nf3 Bb4 d3 d6 Bd2 Bxc3 Bxc3 Bg4 h3 Bxf3 Qxf3 Nc6 Qd1 O-O Qf3 a6 Qg3 Qd7 Bd2 Nh5 Qg5 Nd4 O-O-O Nf6 Qg3 Qa4 b3 Qxa2 Bc3 Nb5 Kd2 Nxc3 Kxc3 Qa5+ Kb2 b5 Ra1 Qd2 Qe3 Qb4 c3 Qc5 d4 exd4 cxd4 Qb6 e5 Rfe8 Bd3 Nd5 Qg5 Qxd4+ Kc2 Qxf2+ Kd1 Ne3+ Kc1 Rxe5,C42
2025-09-16,hQOTNxkr,blitz,10:06,1169,1164,-5,loss,-1,black,1183,mooc14,19,46,e4 e5 Nf3 Nc6 Bc4 Nf6 Nc3 Bb4 a3 Bxc3 dxc3 d6 Be3 Bg4 h3 Bxf3 Qxf3 O-O g4 Ne7 g5 Ne8 h4 Ng6 h5 Nf4 g6 h6 gxf7+ Rxf7 Bxf7+ Kxf7 Bxf4 exf4 Qxf4+ Nf6 O-O-O Kg8 Rdg1 Qe7 f3 Rf8 Rg6 Nxh5 Qg4 Nf6 Qg2 h5 Rg1 Rf7 Qe2 a6 Qc4 c6 Rxg7+ Kf8 Rxf7+ Qxf7 Qxf7+ Kxf7 Kd2 Ke6 Ke3 Ke5 Rg5+ Ke6 Kf4 d5 e5 Nd7 Rg6+ Kf7 Kf5 h4 e6+ Ke7 exd7 Kxd7 Rh6 b5 Ke5 Kc7 Rxh4 Kb6 Ke6 Kc5 f4 d4 cxd4+ Kxd4 f5+,C47
2025-09-16,8YfkGfWR,blitz,13:37,1164,1168,4,win,1,white,1093,bananaband,-75,48,e4 e5 Nf3 Nf6 d3 Bc5 Bg5 h6 Bxf6 Qxf6 Nc3 c6 h3 d5 Qe2 dxe4 Nxe4 Qe7 c3 Bf5 Nxc5 Qxc5 d4 Qb5 Qd2 Qd5 Nxe5 O-O Bc4 Qe4+ Be2 Re8 O-O Nd7 Bd3 Qxd3 Nxd3 Nf6 Rfe1 Red8 Nc5 Rab8 Re7 Kf8 Nxb7 Kxe7 Nxd8 Rxd8 Qf4 Rd5 Qc7+ Nd7 Qxc6 Rd6 Qc4 g5 Re1+ Be6 d5 Nb6 Qc7+ Rd7 Qc5+ Rd6 dxe6 fxe6 Qc7+ Rd7 Qe5 Rd5 Qxe6+ Kd8 Qe7+ Kc8 Qf8+ Kb7 Re7+ Ka6 Qxh6 Ka5 Qh8 Nc4 Rxa7+ Kb5 Qb8+ Kc5 Qc8+ Kd6 Qxc4 Ke5 Re7+ Kf5 Qe2 Kf4 Qf3#,C42
2025-09-17,Uu9YipkX,blitz,08:37,1168,1174,6,win,1,black,1165,Vkusniepirogi,-9,35,e4 e5 Bc4 Nf6 Qf3 Nc6 Nc3 Nd4 Qh3 Nxc2+ Kf1 d6 Rb1 Bxh3 gxh3 Nd4 Nd5 Nxd5 Bxd5 c6 Bc4 d5 exd5 cxd5 Bb5+ Nxb5 d4 Nxd4 Be3 Ne6 Rc1 d4 Bd2 Qb6 b3 Ba3 Rc2 O-O Nf3 Qb5+ Kg2 d3 Rc3 Bc5 Re1 Bd4 Rcc1 Qd5 Kh1 Qxf3+ Kg1 Qxf2+ Kh1 Qxd2 Rcd1 Qf2 Rf1 Qh4 Rxd3 Nf4 Rd2 Nxh3 Rg2 Qe4 Rc1 Nf2+ Kg1 Nd3+ Kf1 Nxc1,C24
2025-09-17,hzDKg1Yn,blitz,09:56,1174,1168,-6,loss,-1,white,1171,Anodoe100,3,41,e4 d5 e5 e6 d4 Nc6 Bb5 Bd7 Bxc6 Bxc6 Nf3 f6 Be3 Bb4+ c3 Ba5 O-O Qd7 Nbd2 Ne7 Re1 Ng6 Nf1 fxe5 dxe5 O-O-O Bxa7 b6 b4 Ba4 Qd4 Kb7 bxa5 Kxa7 axb6+ cxb6 Rab1 Rb8 Ng3 Rhf8 Ng5 h6 Nf3 Bc2 Rb2 Ba4 Nd2 Ka6 Nb3 Bxb3 axb3 b5 Ra1+ Kb7 Ra7+ Kc8 Rxd7 Kxd7 Qb6 Rxb6 c4 dxc4 bxc4 b4 c5 Rb5 Rd2+ Kc6 Ne4 b3 Rd6+ Kc7 Rxe6 Nf4 Re7+ Kd8 Rxg7 b2 Nd2 b1=Q+ Nxb1 Rxb1#,C02
2025-09-17,jwUv4LA4,blitz,11:29,1168,1174,6,win,1,white,1169,harrry1754,-5,22,e4 d5 e5 e6 d4 Nc6 Nf3 Bd7 a3 Nge7 Bg5 h6 Bxe7 Bxe7 Nc3 Bg5 h4 Bf4 g3 Bxg3 fxg3 g5 hxg5 Qe7 gxh6 O-O-O g4 Rdg8 g5 f6 exf6 Qf7 Bb5 Qg6 Bxc6 Bxc6 Ne5 Qxg5 Nf7 Qg3+ Kd2 Qf4+ Kd3 Qe4+ Nxe4,C02
2025-09-19,46E7KaNy,blitz,16:09,1174,1169,-5,loss,-1,black,1224,jamal012,55,26,e3 d5 Nc3 e5 Nf3 Bg4 h3 Bxf3 Qxf3 Nf6 Qf5 e4 Qe5+ Be7 Bb5+ c6 Be2 Nbd7 Qh2 Bb4 a3 Bxc3 dxc3 O-O h4 Re8 h5 Ne5 h6 g6 f4 Neg4 Qh4 a5 Bxg4 Qe7 f5 Nxg4 Qxg4 Qf6 Rf1 Re5 fxg6 Qxg6 Qf4 Rae8 Bd2 R8e7 O-O-O Qxh6 Qxh6,A00
2025-09-19,rKh1yEBS,blitz,16:15,1169,1174,5,win,1,white,1094,BarbarxD,-80,18,e4 e5 Nf3 Nc6 Bb5 d6 c3 Nf6 d3 Bg4 O-O a6 Bxc6+ bxc6 Nbd2 d5 Qa4 Qd7 Nxe5 Qe6 Nxc6 Bc5 Nd4+ Qd7 Qxd7+ Kxd7 N4f3 dxe4 Ne5+ Ke7 d4 Bd6 Nc6+ Kd7 Na5 Bf4,C62
2025-09-19,cPBQERbs,blitz,16:49,1174,1168,-6,loss,-1,white,1157,arun-prakash,-11,43,e4 d5 e5 c5 d4 c4 h3 e6 Nf3 Ne7 Nbd2 a6 Be2 Nf5 Nf1 Qb6 g4 Qa5+ Bd2 c3 Bxc3 Bb4 Qd3 Bxc3+ Qxc3 Qxc3+ bxc3 Ne7 Ne3 O-O c4 Nbc6 c5 Nb4 c3 Nbc6 O-O Ng6 Bd3 Nf4 Bxh7+ Kxh7 Rab1 Nxh3+ Kh2 Nf4 Rb6 Nd3 Ng5+ Kg8 f4 f6 Nf3 Nxf4 Nh4 Nd3 exf6 gxf6 g5 f5 Kg2 Kg7 Kf3 Rh8 Rh1 Ne7 Nhxf5+ exf5 Rxh8 Kxh8 Rh6+ Kg7 Rd6 Ne5+ Kf4 N5g6+ Kg3 f4+ Kf2 fxe3+ Kxe3 Nf5+ Kd2 Nxd6 cxd6 Bd7,B01
2025-09-19,CNqUZ2cv,blitz,17:39,1168,1174,6,win,1,black,1188,JesusSsanchez8901,14,28,c4 e5 g3 Nc6 b3 Nf6 e3 d6 Bg2 Bf5 Ne2 Ne7 Bb2 c6 Nbc3 Ng6 O-O Be7 a4 O-O b4 Qd7 b5 Bh3 bxc6 bxc6 d4 Bxg2 Kxg2 Qg4 dxe5 Nxe5 a5 d5 cxd5 cxd5 Nd4 Qg6 Nf3 Nd3 Ba3 Bxa3 Rxa3 Rad8 Ne5 Nxe5 a6 Qf5 e4 dxe4 Qe2 Nd3 Rd1 Ng4 Qxd3,A20
2025-09-19,oqx4CdKt,blitz,18:00,1174,1168,-6,loss,-1,black,1156,leaf010,-12,40,e4 e5 Nf3 Nc6 Bc4 Nf6 Nc3 Bc5 O-O d6 a3 Bg4 b4 Bxf3 Qxf3 Bd4 Bb2 Bxc3 Bxc3 O-O b5 Ne7 d4 Ng6 dxe5 dxe5 g3 Qe7 Bb4 c5 Bc3 b6 Rad1 h6 Qf5 Nh7 Rd7 Qf6 Qxf6 Nxf6 Rd6 Nxe4 Rd3 Rad8 Re3 Nxc3 Rxc3 Rd2 Bd3 Ne7 Re1 f6 Kg2 Nd5 Rb3 Re8 Be4 Ne7 c4 f5 Bd3 e4 Be2 Ng6 f3 Ne5 fxe4 Nxc4 Kf1 Ne5 exf5 Nd7 Bc4+ Kh7 Rxe8 Nf6 Ke1 h5 Kxd2,C50
2025-09-19,JMvS3H24,blitz,20:06,1168,1173,5,win,1,black,1160,daywalkersbp,-13,44,d4 d5 Bf4 Nc6 e3 e6 Nf3 a6 Be2 Nf6 c3 Bd6 Nbd2 Bxf4 exf4 Qd6 Ne5 O-O O-O Nxe5 fxe5 Qe7 exf6 Qxf6 Nf3 Qg6 Ne5 Qg5 Bf3 f6 Ng4 e5 dxe5 fxe5 Nxe5 Qxe5 Bxd5+ Kh8 f4 Qf6 Qf3 c6 Bb3 Bf5 Rae1 h6 Be6 Bxe6 f5 Bxf5 Qxf5 Qxf5 Rxf5 Rxf5 Re7 b5 h3 c5 Kh2 c4 Kg3 Kg8 Kg4 Rf2 Kg3 Rxb2 a3 Rb3 Kh2 Rxa3 h4 Rxc3 g3 Kf8 Re6 a5 Rb6 b4 Kh3 Rf3 Kg4 Rf6 Rb5 c3 h5 c2 Kh3 c1=Q,D00
2025-09-20,H4rU0Lni,blitz,10:16,1173,1168,-5,loss,-1,white,1161,YusDyr,-7,32,e4 c5 Nf3 g6 d4 Bg7 d5 Nc6 dxc6 e6 Nc3 Ne7 Bb5 O-O O-O Bxc3 bxc3 bxc6 Bc4 d5 exd5 cxd5 Bb5 Bb7 c4 a6 Ba4 d4 Qe2 Qd6 Bh6 Rfe8 Rad1 Nf5 c3 e5 Bc2 Nxh6 cxd4 exd4 Qd2 Bxf3 gxf3 Re5 Qxh6 Rae8 Kg2 Qf6 Be4 Rg5+ Kh1 Qf4 Qh3 f5 Bd5+ Kg7 Rfe1 Rxe1+ Rxe1 d3 Re7+ Kf6 Qxh7 Qc1+,B27
2025-09-20,94Qccqx4,blitz,16:34,1168,1173,5,win,1,black,1128,Quick80,-45,34,e4 e5 Nf3 Nc6 c3 Bc5 Bc4 d6 Ng5 Qxg5 d4 Qxg2 Rf1 Qxe4+ Be3 exd4 Nd2 Qe7 cxd4 Bxd4 Bb5 Bxe3 fxe3 Qxe3+ Qe2 Qxe2+ Kxe2 Bg4+ Kf2 Ne7 Rfe1 O-O Ne4 Ne5 Rec1 Nd5 Rd1 Be6 Kg3 a6 Be2 h6 Bc4 Ne3 Bxe6 Nxd1 Bxf7+ Rxf7 Rxd1 Re8 Nc3 Nc4 Rd4 Nxb2 Nd5 c5 Rd2 Nc4 Rc2 Ne5 Nf4 b5 Rd2 Nc4 Rd5 Re3+ Kf2 Rxf4+,C53
2025-09-21,gRNmcnHf,blitz,07:27,1173,1178,5,win,1,white,1174,cakangkung,-4,40,e4 d6 d4 e6 Nf3 Nc6 Bb5 Bd7 Bxc6 Bxc6 d5 exd5 exd5 Qe7+ Be3 Bd7 Nc3 Nf6 O-O Qd8 h3 Be7 Ng5 O-O Qd3 Qc8 Bd4 Bf5 Qe2 Nxd5 Nxd5 Bxg5 Qh5 Bh6 c3 f6 Ne7+ Kh8 Nxc8 Raxc8 Qxf5 g6 Qd5 Bg7 Qxb7 c5 Be3 g5 Qxa7 f5 Bxg5 f4 Qe7 Rg8 Bxf4 Rcf8 Bxd6 Bf6 Qe4 Re8 Qf5 Bg7 Bxc5 h6 Rae1 Rc8 Bd4 Bxd4 cxd4 Rcf8 Qe5+ Rg7 Rc1 Kh7 Rc6 Rff7 Qe4+ Rg6 Qxg6+,C00
2025-09-21,xxp9VRXS,blitz,07:49,1178,1173,-5,loss,-1,black,1192,itay245,19,36,d4 d5 Bf4 Nc6 e3 a6 Nd2 Bf5 c3 e6 Ngf3 Bg4 Bd3 Bd6 Bg3 Nf6 Qc2 Bxf3 Nxf3 Qe7 Ne5 Nxe5 dxe5 Ng4 exd6 cxd6 O-O-O O-O h3 Nf6 Bh4 g6 f4 Kg7 g4 Qc7 g5 Nd7 Bg3 Nc5 Be2 Ne4 Bh4 Rac8 Kb1 Qa5 a3 Nc5 Be1 Qb6 b4 Ne4 h4 e5 h5 exf4 exf4 Nxc3+ Bxc3+ Kg8 hxg6 fxg6 Bd3 Rxf4 Bxg6 Rxb4+ axb4 Qxb4+ Bxb4 Rxc2 Bxh7+ Kg7 Kxc2,D00
2025-09-21,KRv43Vwu,blitz,17:50,1173,1179,6,win,1,white,1173,fl3nker,-6,40,e4 b6 d4 Bb7 d5 e6 Nc3 Bb4 Bd2 Qe7 Bd3 Bxc3 Bxc3 exd5 Bxg7 dxe4 Bxe4 Bxe4 f3 Bxc2+ Qe2 Qxe2+ Nxe2 Nc6 Bxh8 O-O-O O-O Bd3 Rfe1 Nge7 Bf6 Re8 Nf4 Bc4 Bxe7 Rxe7 Rxe7 Nxe7 Re1 Nd5 Re8+ Kb7 Nxd5 Bxd5 b3 Be6 Rh8 Bf5 g4 Bg6 Kf2 d5 Ke3 c5 f4 f5 g5 Kc6 Re8 Kd6 Re5 d4+ Kd3 b5 h4 Bf7 Rxf5 c4+ Kc2 d3+ Kc3 a5 Rxb5 cxb3 axb3 Bxb3 Rxb3 a4 Ra3,B00
2025-09-21,KrVvFBB1,blitz,22:26,1179,1184,5,win,1,white,1156,magma_74,-28,38,e4 e5 Nf3 Nc6 Bb5 Nge7 Nc3 f6 d3 a6 Bxc6 Nxc6 a3 Bd6 O-O O-O Ne2 Nd4 Nexd4 exd4 Nxd4 Be5 Nf3 d5 Qe2 Bg4 h3 Bh5 Qe3 d4 Qe2 Qd6 g4 Bg6 Nxe5 Qxe5 Qf3 Be8 Bf4 Qc5 Rac1 Rc8 Bd2 Qb5 b4 c5 Qf5 cxb4 Qxb5 axb5 Bxb4 Rf7 f3 g6 Bd6 f5 e5 fxg4 hxg4 h5 g5 Rf4 Kg2 Ra8 Kg3 Rf7 Ra1 Rh7 Kh4 Bc6 f4 Rf8 Bc5 Bg2 Rf2 Bc6 Bxd4,C60
2025-09-23,K31aeIe7,blitz,12:44,1184,1190,6,win,1,white,1192,rodrigo1901,2,30,e4 e5 Nf3 Nc6 Bb5 a6 Bxc6 dxc6 d3 Nf6 Bg5 h6 Bxf6 Qxf6 Nc3 Bb4 O-O O-O Ne2 Bg4 Ng3 h5 c3 Bc5 h3 Be6 Nxh5 Qh6 Nxe5 f5 Ng3 f4 Qh5 fxg3 Qxh6 gxf2+ Kh2 gxh6 Ng6 Rf6 Nh4 Raf8 Nf3 Bf7 d4 Bd6+ e5 Rf5 exd6 Bh5 Rxf2 Bxf3 Rxf3 Rxf3 gxf3 Rxf3 Rg1+ Kf7 dxc7,C68
2025-09-23,xEo7ti9Q,blitz,15:58,1190,1195,5,win,1,black,1190,kwayso,-5,48,e4 e5 Nc3 Nf6 Bc4 Bb4 a3 Bxc3 bxc3 Nc6 Nf3 O-O O-O d6 Bb3 Ne7 Bb2 Ng6 d3 Bg4 h3 Bxf3 Qxf3 a5 a4 Ra6 Bc4 Rb6 Bb3 c5 c4 Rc6 Qe2 b6 f3 Qd7 f4 Nxf4 Qf3 Rc7 g3 Nxh3+ Kg2 Ng5 Qe2 Qh3+ Kf2 Ng4+ Ke1 Qxg3+ Kd2 Nh2 Rg1 Nhf3+ Kc3 Nxg1 Bc1 Nxe2+ Kb2 Nxc1 Rxc1 Nf3 Ka1 Nd4 Kb2 h6 Rh1 Rb8 Rc1 Nxb3 Kxb3 Qe3 Kb2 Qd4+ Kb3 h5 Rh1 g6 Rh2 Qg1 Rd2 h4 Kb2 h3 c3 h2 Rc2 h1=Q Kb3 Qb1+ Rb2 Qhd1+ Ka3 Qa1+ Ra2 Qxc3#,C26
2025-09-23,gOqcNoCE,blitz,16:31,1195,1201,6,win,1,black,1197,mans3765,-4,47,d4 d5 g3 Nc6 Nf3 Bg4 Bg2 Bxf3 Bxf3 e6 O-O Nf6 c4 Be7 cxd5 exd5 Nc3 Bb4 a3 Bxc3 bxc3 O-O Bg5 Qd6 Qd3 Nd7 Qf5 Ne7 Bxe7 Qxe7 e3 Nf6 Bxd5 c6 Bb3 Rad8 Rfd1 Nd5 Bxd5 Rxd5 Qc2 b5 Re1 a5 e4 Rh5 e5 f5 Re3 Qg5 Rf3 Rh4 Re1 f4 Re4 fxg3 Rxg3 Qh6 Rxh4 Qxh4 Qe2 Qe7 Qg4 g6 Rh3 Qf7 f3 Qa2 Qg2 Qb1+ Kf2 Qb2+ Kg3 Qxa3 Qe2 Qxc3 Qe4 Qc1 Kg4 Qg1+ Rg3 Qxh2 Qxg6+ hxg6 Rh3 Qg2+ Rg3 Qh2 Rh3 Qc2 Rg3 Qf5+ Kh4 Rf7,D00
2025-09-23,coMCiVqr,bullet,17:46,1003,996,-7,loss,-1,white,1020,LukaRosso,24,39,e4 c5 Nf3 Nc6 Bb5 a6 Bxc6 bxc6 d4 cxd4 Nxd4 d6 Nxc6 Qb6 Nd4 Bb7 Nc3 g6 O-O Bg7 Na4 Qxd4 Qxd4 Bxd4 c3 Bg7 Nb6 Rd8 Be3 Bxe4 f3 Bb7 Bd4 Nf6 Bxf6 Bxf6 Rfe1 O-O Rad1 Bc6 Nc4 d5 Na5 Bb5 Re3 e6 Nb3 Ra8 Nd4 Bd7 Ne2 a5 a3 Ba4 Rd2 Bb3 Ng3 a4 Kf2 Rac8 Nf1 Rc4 g3 Rb8 h3 Rc7 g4 Rcb7 Ng3 Bg5 Red3 Bxd2 Rxd2 Bc4 Rd4 Rxb2+ Ke3 R2b3,B30
2025-09-23,SGWUV0RE,bullet,17:55,996,1001,5,win,1,white,889,bigballer99999,-112,30,e4 e5 Nf3 Nc6 Bb5 Nf6 d3 d6 h3 Bd7 Bxc6 Bxc6 Bg5 Be7 Bxf6 Bxf6 Nc3 O-O O-O a6 a3 b5 Ne2 d5 Ng3 d4 Nf5 Bb7 b4 c5 Qd2 Be7 c3 cxb4 cxb4 Rc8 Nxe5 Bg5 Qe2 Re8 Nf3 Bf6 N3xd4 Bxd4 Qg4 Bxa1 Rxa1 Qf6 d4 Qxd4 Nh6+ Kf8 Nf5 Qxa1+ Kh2 Qf6 Ne3 g6 Qe2,C65
2025-09-23,x5HAGtk8,bullet,18:06,1001,993,-8,loss,-1,black,983,moistcheeser2,-10,15,d4 d5 Nf3 Nc6 Bg5 f6 Bh4 g5 Bg3 Bg4 e3 e6 Be2 Bxf3 Bxf3 a6 Nd2 Nge7 e4 Qd7 exd5 exd5 O-O O-O-O Nb3 Kb8 Nc5 Nf5 Nxd7+ Rxd7,D02
2025-09-23,vlQY7urg,bullet,18:38,993,986,-7,loss,-1,black,964,kd125,-22,32,e4 e5 d3 Nf6 Be2 Nc6 h3 a6 Nf3 Bd6 a3 O-O Nc3 Be7 O-O d6 Nd5 Nxd5 exd5 Na7 c4 Bxh3 gxh3 Qd7 Bg5 Bxg5 Nxg5 Nc8 Kg2 Qf5 Nf3 Ne7 Rg1 Ng6 Kf1 Qxh3+ Ke1 Nf4 Ng5 Ng2+ Kd2 Qh2 Kc2 Nf4 Nf3 Qh6 Rh1 Qf6 Rc1 h6 Kb1 Ng6 Rg1 Ne7 Nh2 Nc8 Ng4 Qg5 Rh1 Nb6 Nxh6+ gxh6 Rg1,C20
2025-09-23,6q53Q3Dz,blitz,19:09,1201,1206,5,win,1,white,1168,mickychezz,-38,40,e4 d5 e5 d4 Nf3 Nc6 h3 h6 Bb5 Bd7 Bxc6 Bxc6 O-O g5 Nh2 e6 Qg4 h5 Qe2 f5 d3 f4 Nf3 Bg7 Re1 Nh6 Nfd2 Nf5 Nc4 b5 Na5 Qd5 f3 Ne3 Bxe3 fxe3 b3 Bxe5 c4 dxc3 Nxc6 Qxc6 Qxe3 a5 Qxe5 O-O-O Nxc3 b4 Nb5 Rxd3 Na7+ Kb7 Nxc6 Kxc6 Qe4+ Rd5 Qxe6+ Rd6 Rac1+ Kb7 Qe4+ Kb8 Qc4 Rhd8 Qxc7+ Ka8 Qxa5+ Kb8 Qxb4+ Ka7 Qa5+ Ra6 Rc7+ Kb8 Qxa6 Kxc7 Qa5+ Kd7 Rd1+ Ke7 Qxd8+,B01
2025-09-24,AfiKmNjj,bullet,08:34,986,994,8,win,1,black,1026,sedaikleM,32,26,e4 e5 Nc3 Nc6 Nf3 Nf6 d4 Bb4 d5 Bxc3+ bxc3 Nxe4 Bb2 Ne7 c4 d6 Bd3 Nxf2 Kxf2 Bg4 Be2 Ng6 Rf1 Nf4 Kg1 Nxe2+ Qxe2 Qf6 Qe3 Bxf3 Rxf3 Qg6 Raf1 O-O Rg3 Qxc2 Ba3 Kh8 Qg5 g6 Qe7 Qxc4 h3 Qxd5 Kh2 Qe6 Qxc7 Rac8 Qxb7 Rc2 Qxa7 Rxa2,C47
2025-09-24,cPJuSO3W,bullet,13:21,994,988,-6,loss,-1,black,1032,mshegolev,44,20,e4 e5 d3 Nc6 Nh3 d6 Ng5 Be6 Nc3 Be7 Nxe6 fxe6 f4 Nf6 fxe5 Nxe5 Nd5 Nxd5 exd5 exd5 h4 O-O d4 Bxh4+ Rxh4 Qxh4+ Kd2 Rf2+ Kc3 Qg3+ Bd3 Nc6 Qh1 h6 Bxh6 gxh6 Qxh6 Qxg2 Qe6+ Kg7,C20
2025-09-24,h17dWLdY,bullet,18:55,988,994,6,win,1,white,967,Letorio,-27,20,e4 e6 e5 d5 d4 c5 Nf3 Qb6 c3 Nc6 b3 Nge7 Be3 Nf5 Bd3 cxd4 cxd4 Ncxd4 Bxf5 exf5 Nxd4 Bc5 O-O O-O Nc3 Bd7 Nxd5 Qc6 Nxc6 Bxe3 Nxe3 Bxc6 Qd6 Rfd8 Qc5 h6 Nxf5 Rd5 Ne7+ Kh7 Nxd5,C02
2025-09-25,ciNjXopg,bullet,13:25,994,1001,7,win,1,black,1021,Goimilispao,20,43,d4 d5 e3 e6 Nf3 a6 Ne5 f6 Nd3 g6 Nf4 Nc6 g3 Bd6 Bh3 Bxf4 exf4 Qd6 O-O Bd7 Re1 O-O-O Bd2 f5 g4 Nge7 gxf5 exf5 a3 Qf6 Bc3 Qh4 Qf3 Kb8 Bb4 Nxd4 Qd3 Nec6 Bc3 Ne6 Bxh8 Nxf4 Qg3 Qxg3+ fxg3 Nxh3+ Kg2 Ng5 Bf6 Nd4 Rd1 Ne4 Bxd8 Nxc2 Ra2 Ne3+ Kf3 Nxd1 Bh4 Bc6 b4 Ndc3 Rf2 Nxb1 Re2 Nec3 Re3 Ka7 Re7 Bb5 Rxh7 Nd2+ Kf4 Nde4 Ke5 Bc4 Rh6 c6 Rxg6 Kb6 Bd8+ Ka7 Rf6 d4 Re6 d3,D00
2025-09-25,78HxEnSw,bullet,14:00,1001,1008,7,win,1,white,1034,BaMimi,26,44,e4 d5 e5 e6 d4 Nc6 Nf3 f6 Bb5 Bd7 Bxc6 Bxc6 Nc3 fxe5 Nxe5 Ne7 Bg5 h6 Bxe7 Qxe7 O-O a6 a3 Qf6 Na2 Bd6 Qe2 Bxe5 Qxe5 Qxe5 dxe5 O-O Nc3 Rf5 Rae1 d4 Ne2 Bb5 Nxd4 Bxf1 Nxf5 exf5 Kxf1 Re8 e6 Kf8 f4 Ke7 Kf2 Kf6 Kf3 Rxe6 Rxe6+ Kxe6 c4 c5 b3 b6 a4 Kd6 h3 g6 g4 fxg4+ hxg4 Ke6 Ke4 h5 f5+ gxf5+ gxf5+ Kf6 Kf4 Kg7 Kg5 Kf7 Kxh5 Kf6 Kg4 a5 Kf4 Kf7 Kg5 Kg7 f6+ Kf7 Kf5 b5 axb5,C02
2025-09-25,sdwqH9FH,blitz,15:21,1206,1201,-5,loss,-1,white,1229,SRIPAthiOngc,28,24,e4 d5 e5 d4 Nf3 Qd5 d3 Qa5+ Bd2 Qb6 b3 f6 Be2 fxe5 Nxe5 Qe6 Bf4 g5 Bh5+ Kd8 Qe2 gxf4 Nf7+ Kd7 Qxe6+ Kxe6 Nxh8 Nf6 Bg4+ Nxg4 f3 Ne3 Kd2 Bg7 Re1 Bxh8 Na3 Nc6 Nc4 Bd7 Rac1 Nb4 Rxe3+ dxe3+ Ke2 Nxa2 Ra1 Bxa1,B01
2025-09-25,9dvqW8OR,blitz,16:08,1201,1207,6,win,1,black,1197,sairaja93,-10,30,e4 e5 Nf3 Nc6 Bc4 Nf6 d3 Bc5 Nc3 d6 Be3 Bxe3 fxe3 O-O Nd5 h6 O-O Nxd5 Bxd5 Ne7 Nd2 c6 Bb3 Ng6 Rf3 Qg5 Rg3 Qf6 Rf3 Qe7 h3 Nh4 Rf2 Qg5 Nf3 Qf6 Nxh4 Qxh4 Qe1 Qe7 Rf3 Be6 Bxe6 Qxe6 Qf2 b5 Rf1 a5 Qd2 Qxa2 b3 a4 bxa4 Rxa4 Qc3 c5 d4 b4 Qc4 Qxc4,C50
2025-09-25,FSbsqXYc,bullet,16:18,1008,1015,7,win,1,white,1014,alvanman,-1,24,e4 e5 Nf3 Nc6 Bb5 Nf6 d3 Nd4 Nxd4 exd4 Bg5 c6 Bc4 d5 exd5 cxd5 Bb5+ Bd7 Bxd7+ Qxd7 Bxf6 gxf6 Nd2 Rg8 Qf3 Bh6 Nb3 O-O-O Qxf6 Rde8+ Kd1 Bg5 Qxd4 Qe6 Qc3+ Kb8 Nd4 Qg4+ f3 Qxg2 Re1 Rxe1+ Qxe1 Re8 Qxe8+ Kc7 Qxf7+,C65
2025-09-25,wAvtvLta,bullet,17:25,1015,1021,6,win,1,black,981,Seb7873,-40,51,e4 e5 Nf3 Nc6 Bb5 a6 Bxc6 dxc6 O-O Bg4 h3 Bxf3 Qxf3 Nf6 Nc3 Bb4 a3 Bxc3 dxc3 O-O Bg5 Qd6 Rad1 Qe6 Rd2 c5 Rfd1 h6 Bxf6 Qxf6 Qxf6 gxf6 Rd7 Rac8 f3 b5 b3 a5 Kf2 Rfe8 R1d5 b4 axb4 cxb4 cxb4 axb4 Rc5 Re6 Rcxc7 Rxc7 Rxc7 Kg7 Rd7 Rc6 Rd2 Rc3 Ke2 Kg6 Kd1 Kg5 Rd3 Rxd3+ cxd3 Kf4 Ke2 Kg3 Ke3 Kxg2 d4 exd4+ Kxd4 Kxh3 Kc4 Kg3 Kxb4 Kf4 Kc4 Ke5 b4 Kd6 Kd4 Kc6 f4 h5 b5+ Kxb5 Kd5 h4 e5 h3 exf6 h2 Kd6 h1=Q Ke7 Qh7 f5 Kc5 Kf8 Kd5 Ke7 Ke5,C69
2025-09-26,9du9mA1P,blitz,13:49,1207,1213,6,win,1,black,1234,mikeinsidegg,21,49,e4 e5 d4 exd4 c3 dxc3 Nxc3 Bb4 Qd4 Bxc3+ Qxc3 Nf6 Bg5 c6 Bc4 O-O Nf3 d6 O-O-O Qe7 e5 dxe5 Qxe5 Qxe5 Nxe5 Bf5 Bxf6 gxf6 Nf3 Nd7 h3 Ne5 Nxe5 fxe5 g4 Be6 Bxe6 fxe6 h4 Rxf2 g5 Kg7 Rd7+ Kg6 Re1 b5 Rxe5 Rf5 Rxe6+ Kh5 Rxh7+ Kg4 g6 Rh5 Re4+ Kf3 Ree7 Kg4 Rxh5 Kxh5 g7 Rg8 Rxa7 Kxh4 Kc2 c5 Kc3 Kg4 b4 c4 Rf7 Kg5 Kd4 Kg6 Rb7 Rxg7 Rxb5 Rc7 Kc3 Kf6 Rb6+ Ke5 Rh6 Kd5 Rh5+ Kd6 Rc5 Rxc5 bxc5+ Kxc5 a3 Kb5 Kb2 Ka4 Ka2 c3 Kb1 Kxa3,C21
2025-09-28,gQu6HSVM,blitz,14:04,1213,1208,-5,loss,-1,white,1283,vanbasten111,75,48,e4 d5 e5 e6 d4 f6 Nf3 fxe5 Nxe5 Bd6 Nf3 h6 a3 Nf6 Nc3 Nc6 Bb5 Bd7 Bxc6 Bxc6 O-O O-O Re1 Bd7 Qd3 Qe8 Ne5 Bxe5 Rxe5 Ng4 Bxh6 Nxe5 Qg3 Ng6 Be3 Rf6 Qxc7 Rb8 h3 Bc6 Bg5 Rc8 Qg3 Rf5 Ne2 Qd7 c3 Rcf8 Rf1 Bb5 Rc1 Bxe2 Be3 Bb5 Qxg6 R5f6 Qg3 Qf7 b3 Bd7 f3 Rg6 Qe5 Qf5 Qxf5 Rxf5 Kf2 a6 Bd2 b5 b4 e5 Re1 exd4 cxd4 Kh7 Re7 Bc6 Ra7 Rfg5 Rxa6 Rxg2+ Ke3 R2g3 Rxc6 Rxc6 Kf4 Rxh3 Ke5 Rxf3 Kxd5 Rc2 Bg5 Rxa3 Be7 Rd3,C02
2025-09-28,W4QArQdv,blitz,14:14,1208,1201,-7,loss,-1,black,1094,zetacoder,-107,20,e4 e5 Nf3 Nc6 Bb5 a6 Ba4 b5 Bb3 Qf6 d3 Bc5 Bg5 Qg6 Nc3 f6 Bh4 Qxg2 Rg1 Qh3 Rg3 Bxf2+ Kxf2 Qxg3+ Bxg3 d6 Nd5 Kd7 Nh4 Nge7 Qg4+ Kd8 Qxg7 Rg8 Qxf6 Bd7 Nxe7 Nxe7 Bxg8,C70
2025-09-28,Ozqknkfu,blitz,16:25,1201,1206,5,win,1,white,1202,improviz,-4,23,e4 e5 Nf3 Nc6 Bb5 Nge7 c3 g6 d3 Bg7 Bg5 f6 Bxc6 Nxc6 Be3 d6 Qa4 Bd7 Qc4 Bg4 Nfd2 b6 Qxc6+ Bd7 Qc4 Qe7 Qxc7 O-O Qc4+ Be6 Qb4 Rfc8 c4 Bf8 Nc3 Qc7 Nd5 Qc6 Nxf6+ Kg7 Nd5 a5 Qb3 Rab8 Qd1 Be7,C60
2025-09-28,LullrLrq,bullet,23:01,1021,1015,-6,loss,-1,black,1053,WilOnil,38,20,e4 e5 Nc3 Nf6 f4 Nc6 fxe5 Nxe5 d4 Nc6 e5 Ng8 Nf3 d6 Bb5 Bg4 O-O Ne7 Bc4 d5 Bd3 Nxd4 h3 Bxf3 gxf3 Qd7 Be3 Ndc6 Bb5 Qxh3 Bxc6+ bxc6 Qe2 Nf5 Rf2 Qg3+ Rg2 Qh4 Rh2 Qe7 f4,C29
2025-09-30,M37VMCPj,blitz,14:07,1206,1212,6,win,1,white,1188,a_carpenter,-24,22,e4 d5 e5 Bf5 d4 e6 Nf3 h6 Bd3 Bh7 a3 Nc6 Nc3 f6 Bb5 Ne7 exf6 gxf6 Be3 a6 Bxc6+ Nxc6 Qd2 Bd6 Bxh6 Qe7 Be3 O-O-O g3 Na5 Nb5 Nc4 Nxd6+ Rxd6 Qb4 Rb6 Qxe7 Bxc2 Qxe6+ Kb8 Qxf6 Rxf6 O-O Rxf3 Rac1,B01
2025-09-30,3iCYVPnu,bullet,15:19,1015,1009,-6,loss,-1,white,1015,icaroff,6,27,e4 e5 Nf3 d6 Bc4 h6 Nc3 Nc6 O-O Na5 d3 Nxc4 dxc4 Nf6 h3 Be7 Ne2 c5 Ng3 O-O Nh4 Nd7 Nhf5 Nf6 Bxh6 gxh6 Nxh6+ Kh7 Ngf5 Rg8 Nxg8 Qxg8 Qf3 Bxf5 Qxf5+ Qg6 Qxg6+ Kxg6 f3 Rh8 Kh2 Nh5 Rad1 Nf4 b3 b6 a4 a5 Kg3 Kf6 Kg4 Ke6 g3 Rg8#,C41
2025-09-30,fW0IDNT9,bullet,16:14,1009,1002,-7,loss,-1,black,989,AndreyNikitin,-13,22,d4 d5 e3 a6 c3 e6 f4 Nc6 b4 Nf6 h3 Bd6 Bd3 h6 g4 Bd7 Nd2 Bxb4 cxb4 Nxb4 Bb1 Qe7 a3 Nc6 a4 Nb4 Ba3 c5 dxc5 Qxc5 Ngf3 Qxe3+ Kf1 Nd3 Bxd3 Qxd3+ Qe2 Qc3 Qd1 O-O-O Rc1 Qxc1 Qxc1+ Bc6 Nd4,D00
2025-10-01,EMJzpuuL,blitz,07:31,1212,1217,5,win,1,black,1194,robin_kr,-23,34,e4 e5 Nf3 Nc6 Bc4 Nf6 O-O Bc5 d3 d6 Re1 Ng4 Be3 Bxe3 fxe3 Nf6 Nc3 Bg4 d4 O-O dxe5 Nxe5 Bb3 a6 Rf1 b5 Nd5 Nxe4 Qd4 Bxf3 gxf3 Ng5 f4 Ngf3+ Rxf3 Nxf3+ Kf2 Nxd4 exd4 Qh4+ Kf3 Qxh2 Nxc7 Qd2 Rh1 Rac8 Nd5 Qxd4 Ne7+ Kh8 Nxc8 Rxc8 Bxf7 Rc3+ Kg4 Rxc2 Bg6 Rg2+ Kf3 Qf2+ Ke4 Rxg6 Kf5 Rf6+ Kg4 Qxf4+ Kh5 Rh6#,C55
2025-10-01,q89SpQxq,bullet,07:50,1002,997,-5,loss,-1,white,1048,Ilyas68911181,51,15,e4 e5 Nf3 d6 Bc4 h6 d3 Nf6 a3 c6 Nbd2 Nh7 Nf1 Qf6 Ng3 Be7 Nf5 Bxf5 exf5 Qxf5 Be3 Nd7 d4 Qe4 dxe5 dxe5 O-O Qxc4 b3 Qg4,C41
2025-10-01,5MZiWxQ0,bullet,07:53,997,991,-6,loss,-1,white,1016,haris9h,25,24,e4 d5 e5 e6 d4 Nc6 Nf3 f6 Bb5 a6 Bxc6+ bxc6 a3 fxe5 Nxe5 Ne7 Bg5 h6 Qh5+ g6 Nxg6 Kd7 Nxh8 Bg7 Nf7 Qf8 Ne5+ Kd6 Bxe7+ Qxe7 O-O c5 c3 Bb7 Nd2 cxd4 cxd4 c5 dxc5+ Kxc5 b4+ Kd6 Ndf3 d4 Rad1 Bxf3 Rxd4+ Bd5,C02
2025-10-01,PREW8Uci,bullet,10:57,991,997,6,win,1,black,958,karimkhochtali,-39,38,d4 d5 Bf4 e6 e3 Nf6 Nf3 a6 Bd3 Nc6 c3 Bd6 Ne5 O-O Nd2 Bxe5 dxe5 Nd7 Nf3 Re8 Nd4 Nxd4 exd4 Nf8 Qg4 Ng6 h4 Bd7 h5 Nxf4 Qxf4 f5 h6 g6 O-O-O Ba4 Rdg1 Qe7 f3 Bb5 Bxb5 axb5 a3 c5 Kc2 c4 g4 Rf8 g5 b4 axb4 Ra2 Ra1 Rxa1 Rxa1 b5 Ra5 Qb7 Qc1 Ra8 Qa1 Rxa5 Qxa5 Kf8 f4 Ke8 b3 Kd7 bxc4 bxc4 Qc5 Qc6 Qf8 Qa4+ Kd2 Qa2+,D00
2025-10-01,HhELC5XB,bullet,11:58,997,991,-6,loss,-1,black,1014,viper10,23,20,e4 e5 Qh5 Nc6 Bc4 g6 Qf3 Nf6 b3 Nd4 Qd1 Bc5 Bb2 Nc6 f4 Nxe4 Nh3 d6 Bxf7+ Kxf7 Qf3 Bd4 Bxd4 Nxd2 fxe5+ Ke6 Nxd2 Nxd4 Qg4+ Kxe5 Qe4+ Kf6 Qxd4+ Ke6 O-O-O Kd7 Rde1 c5 Qd5 Kc7 Re2,C20
2025-10-02,WajZu7FA,blitz,16:47,1217,1212,-5,loss,-1,white,1265,AguilarXD,53,23,e4 a6 d4 b5 d5 e6 Nc3 Bb7 Nf3 Nf6 Bg5 Be7 Bxf6 Bxf6 Ne2 d6 c3 O-O Ng3 exd5 exd5 Re8+ Be2 Nd7 O-O Nb6 Qd3 Nxd5 Nf5 Nf4 Qc2 Rxe2 Qb3 Bxf3 gxf3 Qd7 Rfe1 Rae8 Rxe2 Rxe2 Ne3 Qh3 Qd1 Rxe3 fxe3 Qg2#,B00
2025-10-04,nABtEB5s,bullet,21:26,991,997,6,win,1,white,994,adityabada,-3,42,e4 d5 Nf3 dxe4 Ne5 Bf5 Bc4 e6 d4 Nf6 Bg5 Be7 Bxf6 Bxf6 Nxf7 Kxf7 d5 exd5 Bxd5+ Be6 Bxe6+ Kxe6 Qxd8 Rxd8 c3 Nd7 Nd2 Ne5 Nxe4 Kf7 O-O Kg8 Nc5 b6 Ne6 Re8 Nxc7 Rad8 Nxe8 Rxe8 Rae1 Kf7 c4 a5 b3 Nd3 Rxe8 Kxe8 Rd1 Nb2 Rd6 Bd8 Kf1 h5 Ke2 a4 Kd2 axb3 axb3 Ke7 Rd5 Ke8 Kc2 Bf6 Rd6 Ke7 Rxb6 Kf7 Rb7+ Kg6 c5 h4 c6 Be5 h3 Kg5 f3 g6 Re7 Bf6 Re6 Kf5 Re4,A06
2025-10-05,VraAql5C,blitz,13:39,1212,1220,8,win,1,white,1298,LuckyLukke,78,50,e4 e5 Nf3 d6 Bc4 Bg4 O-O Nf6 d3 Qd7 a3 Nc6 Bg5 Be7 Bxf6 Bxf6 h3 Bh5 Nbd2 Nd4 c3 Nxf3+ Nxf3 g5 g4 Bxg4 hxg4 h5 Nh2 hxg4 Qxg4 Qxg4+ Nxg4 Be7 Kg2 Rh4 Kg3 O-O-O Bxf7 Rhh8 Be6+ Kb8 f3 c6 b4 d5 Nxe5 Bd6 d4 b6 Kg4 c5 Nf7 Rhf8 Nxd8 Rxd8 exd5 Bf4 dxc5 Rh8 d6 Rh4+ Kf5 Bd2 d7 Rf4+ Kxg5 Rf8+ Kg6 Bxc3 f4 Rf6+ Kg5 Rxe6 d8=Q+ Kb7 Qd7+ Ka6 Qxe6 Bxa1 Rxa1 Kb5 Qe4 a6 f5 a5 f6 a4 f7 bxc5 f8=Q cxb4 Qexb4+ Kc6 Qfc5+ Kd7 Qbb6 Ke8 Qcc7,C41
2025-10-05,gp0ANnX1,bullet,18:40,997,1002,5,win,1,black,945,FlofloGM,-57,23,e4 e5 Qh5 Nc6 Bc4 g6 Qf3 Nf6 d3 Nd4 Qd1 Bc5 c3 Nc6 Nf3 O-O d4 d6 dxc5 Nxe4 cxd6 Nxd6 Bb3 Bg4 h3 Bxf3 Qxf3 e4 Qe3 Ne5 Qh6 Nd3+ Kd2 Qf6 Bc2 Qxf2+ Kd1 Qxg2 Re1 Nxe1 Kxe1 Nf5 Qd2 Qg1+ Ke2 Ng3#,C20
2025-10-05,vBXkqQvw,blitz,18:56,1220,1214,-6,loss,-1,black,1220,ftobiassidera,6,60,d4 d5 Nf3 Nc6 e3 Bg4 c4 e6 Nbd2 Bb4 Be2 Bxd2+ Nxd2 Bxe2 Qxe2 Nf6 O-O O-O b3 Ne7 Bb2 Ng6 Rad1 Qd6 e4 Nf4 Qe3 Ng4 Qf3 Nxh2 Qh5 Nxf1 Qh4 Nxd2 Rxd2 dxe4 g3 e3 fxe3 Ng6 Qh1 Qxg3+ Qg2 Qxg2+ Rxg2 Nh4 Rg4 Nf3+ Kg2 Nd2 d5 exd5 Rxg7+ Kh8 Rxf7+ Kg8 Rg7+ Kh8 Rxc7+ Kg8 Rg7+ Kh8 Rxb7+ Kg8 Rg7+ Kh8 Rd7+ Kg8 Rxd5 Ne4 Re5 Rf2+ Kg1 Rxb2 Rxe4 Rxa2 c5 Rf8 Rc4 Ra1+ Kg2 Rff1 c6 Rg1+ Kf3 Raf1+ Ke4 Rg4+ Kd5 Rxc4 bxc4 Rf7 Kd6 Kf8 c7 Rxc7 Kxc7 Ke8 Kb7 Kd8 c5 a5 c6 a4 c7+ Kd7 c8=Q+ Kd6 Qc6+ Ke5 Qxa4 h6 Qh4 Kd5 Qxh6 Ke4 Qh7+ Kf3 e4,D02
2025-10-06,LJNbTVPi,blitz,18:57,1214,1220,6,win,1,white,1203,ADELSSI,-17,26,e4 e5 Nf3 Nc6 Bb5 Nd4 Nxd4 exd4 a3 c6 Bc4 b5 Ba2 b4 d3 bxa3 bxa3 Bxa3 Bxa3 Nf6 Qf3 Rb8 e5 Qa5+ Nd2 Qxe5+ Ne4 Qa5+ Ke2 Qxa3 Bxf7+ Kxf7 Rxa3 Re8 Rc1 d5 Rxa7+ Bb7 Kf1 dxe4 dxe4 c5 Rb1 Rxe4 Rbxb7+ Rxb7 Rxb7+ Re7 Rxe7+ Kxe7 Qb7+,C61
2025-10-06,cBssrtlJ,bullet,20:44,1002,995,-7,loss,-1,white,937,thehashparksyourking,-58,26,e4 e5 Nf3 Nc6 Bb5 f6 d3 Nge7 Nc3 Ng6 h3 Bc5 O-O Nge7 Bxc6 Nxc6 Nh4 d6 Qh5+ Kf8 Ng6+ Kg8 Nxh8 Kxh8 Ne2 Nd4 Nxd4 Bxd4 c3 Bb6 Qf3 Be6 b3 Qe7 a4 a5 c4 c5 Qh5 Rf8 Be3 f5 Qe2 f4 Bd2 Bd8 f3 Qf7 Rf2 Qg6 Kf1 Bh4,C60
2025-10-07,odp5gE2L,bullet,13:40,995,990,-5,loss,-1,black,1027,kprasan,37,28,e4 e5 Bc4 Nf6 Nc3 Nc6 Nf3 Bc5 O-O O-O h3 d6 a3 a6 b4 Ba7 d3 Be6 Ba2 Bd4 Bb2 Bxc3 Bxc3 Qd7 Bxe6 Qxe6 Rb1 b5 Ng5 Qe7 Bd2 h6 Nf3 Nd8 Nh4 Nxe4 Nf5 Qf6 dxe4 Ne6 c3 c6 Qg4 g6 Nxh6+ Kh7 Nf5 d5 Nh4 Rh8 exd5 cxd5 Rfe1 e4 f3,C50
2025-10-07,6IFvZgYY,bullet,18:30,990,986,-4,loss,-1,black,1119,ttrrryygtrfkk,133,32,e4 e5 f4 Nc6 fxe5 Nxe5 d4 Nc6 Nf3 d6 d5 Ne5 Nxe5 dxe5 Be2 Nf6 Bf3 Bd6 O-O h6 c4 Bc5+ Kh1 Bd4 Nd2 Bd7 Nb3 c5 dxc6 Bxc6 Nxd4 exd4 Qd3 O-O Rd1 Qc7 b4 Bxe4 Bxe4 Ng4 Qg3 Qxg3 hxg3 Nf2+ Kh2 Nxd1 Bd2 Nf2 Bxb7 Rab8 Bf3 Nd3 b5 Rbe8 a4 Ne5 Bd5 d3 Rf1 Ng4+ Kh3 Nf6 Bf4,C30
2025-10-07,YAdXY3t5,bullet,18:35,986,981,-5,loss,-1,white,1019,shirsathashutosh,38,9,e4 e5 Nf3 Nf6 d3 d5 Bg5 dxe4 Nxe5 Qe7 Nc4 exd3+ Kd2 Qb4+ c3 Ne4+ Kxd3 Nxf2+,C42
2025-10-07,A2XAXno7,bullet,19:01,981,976,-5,loss,-1,white,1020,SKaran007,44,23,e4 d5 e5 Nc6 d4 f6 Bb5 a6 Bxc6+ bxc6 h3 fxe5 dxe5 e6 Nf3 Bb4+ Bd2 Bxd2+ Qxd2 a5 Nc3 Ba6 Ne2 Rb8 b3 Qd7 O-O c5 Rfe1 a4 Ng3 axb3 axb3 Bb5 Nh5 Nh6 Rad1 Nf5 c4 Bc6 cxd5 Bxd5 b4 Rxb4 Ng5 Rd4,B00
2025-10-07,ecgUs1q4,bullet,19:11,976,970,-6,loss,-1,black,919,Khama997,-51,22,e4 e5 c3 a6 Nf3 Nc6 d4 d6 Bc4 Bg4 O-O Bxf3 Qxf3 Nf6 d5 Ne7 Re1 Ng6 g3 h6 h4 Be7 Nd2 O-O a4 Qd7 b4 h5 Kh2 Ng4+ Kg2 Bxh4 Rh1 Nf4+ gxf4 exf4 Rxh4 Ne5 Rxh5 Nxc4 Nxc4 b5 Bxf4 Qe7 Rah1,C20
2025-10-08,nR1FIy5b,bullet,20:44,970,963,-7,loss,-1,white,922,clau9,-41,40,e4 e5 Nf3 Nc6 Bb5 Nf6 d3 Bb4+ Bd2 Bxd2+ Qxd2 O-O Nc3 a6 Bxc6 dxc6 Nxe5 Ng4 Nxg4 Bxg4 O-O b5 h3 Be6 Ne2 c5 Ng3 c4 d4 c6 c3 Bc8 e5 a5 Qe2 b4 Qe4 Ba6 Qxc6 bxc3 bxc3 Bc8 Qxa8 Be6 Qxd8 Rxd8 Rab1 h6 Ne4 Kh7 a4 Rc8 Rb5 Ra8 Nd6 Bd7 Rb7 Bxa4 Rxf7 Bc6 Nxc4 a4 Na3 Bb7 Rxb7 Rc8 Nb1 Rc6 Rc1 Rg6 Na3 Rg5 Ra7 Rf5 Rxa4 Rf4 Nc4 Re4 Nd6 Rf4,C65
2025-10-09,v8bgMOf4,bullet,13:48,963,969,6,win,1,black,972,seabec,3,9,e4 e5 f4 Nc6 Nf3 d6 Bc4 Bg4 O-O Nd4 Bxf7+ Kxf7 Ng5+ Ke8 Qxg4 Nf6 Qe6+ Nxe6,C30
2025-10-10,Ldq6WpXB,bullet,15:24,969,974,5,win,1,black,927,darweesh3bdo,-47,41,e4 e5 Nf3 Nc6 d4 exd4 Nxd4 Nxd4 Qxd4 Nf6 Nc3 b6 e5 Qe7 Bg5 c5 Qd5 Nxd5 Bxe7 Nxc3 Bxf8 Nd5 Bxg7 Rg8 Bf6 Nxf6 exf6 Rg6 Bd3 Rxf6 O-O-O Bb7 Rhe1+ Re6 Bxh7 O-O-O f3 Rh8 Bf5 Rxe1 Rxe1 Rxh2 Re8+ Kc7 Be4 Bxe4 fxe4 Rxg2 b3 Re2 Re7 f5 Kd1 Rxe4 Rxe4 fxe4 Ke2 d5 Ke3 Kd6 c4 Ke5 cxd5 Kxd5 a3 a5 b4 cxb4 axb4 axb4 Kd2 Kd4 Kc2 e3 Kd1 Kd3 Ke1 b3 Kd1 b2 Ke1 b1=Q#,C44
2025-10-10,i4QYc4e8,bullet,17:57,974,970,-4,loss,-1,white,1093,abrikos110,123,28,e4 d5 e5 f5 d4 e6 Nc3 Nd7 Be3 g6 Be2 h5 Nf3 c6 Ng5 b5 Nxe6 Qe7 Ng5 Nxe5 Ne6 Bxe6 dxe5 a6 Bb6 Qg5 O-O d4 Bxd4 Bd5 Bf3 Bxf3 Qxf3 Rc8 e6 Qd2 Bxh8 Qxc2 Ne2 Qxb2 Rad1 Qxa2 Rd7 Qxe6 Qd3 Be7 Rd1 Rd8 Rxd8+ Bxd8 Qxd8+ Kf7 Rd7+ Ne7 Rxe7+ Qxe7,B01
2025-10-10,uMo4QBWi,bullet,20:21,970,964,-6,loss,-1,black,974,carl124,10,28,d4 d5 c4 e6 cxd5 exd5 Nf3 Nc6 e3 a6 Nc3 Nf6 Bd2 Bg4 Be2 Bxf3 Bxf3 Be7 O-O O-O a3 Qd6 Re1 Nd8 e4 Qd7 e5 Ne4 Nxe4 dxe4 Bxe4 Ne6 Bc3 Bg5 Bxb7 Rab8 Bxa6 Nf4 Bd3 Qc6 Be4 Qh6 Bf3 Ne6 d5 Nf4 Bd2 Nxg2 Bxg5 Qxg5 Bxg2 Rb5 a4 Rc5 b4,D30
2025-10-15,fcu4yEBM,bullet,08:15,964,971,7,win,1,white,967,Hamzaladoul,-4,22,e4 e5 Nf3 Nc6 Bb5 a6 Bxc6 bxc6 Nc3 d6 d4 Bg4 d5 Bxf3 Qxf3 cxd5 Nxd5 c6 Ne3 Qa5+ Bd2 Qc5 O-O Nf6 a3 Be7 b4 Qb6 Nf5 d5 Nxe7 Kxe7 Bg5 dxe4 Qxe4 h6 Qxe5+ Kf8 Bxf6 gxf6 Qxf6 Rh7 Rae1 Re8 Qd6+,C68
2025-10-15,Zbbdx803,bullet,08:29,971,964,-7,loss,-1,black,937,Menelaus,-27,32,f4 d5 Nf3 Bg4 h3 Bxf3 gxf3 f6 e4 e6 d3 d4 Nd2 Bb4 b3 Bc3 Rb1 Nc6 Bb2 Bxd2+ Qxd2 e5 Rg1 Qd7 h4 O-O-O f5 h6 h5 Rh7 a4 Nge7 Ba3 Kb8 b4 Nc8 b5 N6e7 Kf2 Nb6 a5 Na4 Rb4 Nc3 b6 a6 bxc7+ Qxc7 Rc4 Qd7 Be2 Nc6 Rc5 Rc8 Ra1 Qc7 Bb4 Qd7 Bxc3 dxc3 Qxc3 Qd4+ Ke1 Qxc3+ Rxc3,A03
2025-10-15,cvrI0Pc7,bullet,14:58,964,970,6,win,1,white,959,Arubuo,-11,16,e4 e5 Nf3 d6 Be2 Nc6 Nc3 Nf6 Bb5 Bd7 Bxc6 Bxc6 d3 Qd7 Bg5 Be7 Bxf6 Bxf6 h3 O-O-O a3 h6 b4 Qe6 a4 a6 b5 axb5 axb5 Bd7 Ra8#,C41
2025-10-15,kQ5hJDTo,bullet,14:59,970,975,5,win,1,black,953,Arubuo,-22,29,g4 d5 Bg2 e5 b3 e4 d3 Bxg4 dxe4 c6 exd5 Qa5+ Bd2 Qa6 f3 Bd7 dxc6 Qxc6 Bc3 Ne7 Nh3 Qg6 Nf4 Qg5 Rg1 Qxf4 Nd2 Qh4+ Kf1 Qxh2 f4 Bh3 Nf3 Bxg2+ Rxg2 Qxf4 Qd3 Nbc6 Kg1 Ng6 Rf1 Bc5+ Nd4 Bxd4+ Bxd4 Qxd4+ Qxd4 Nxd4 Rgf2 O-O-O Rxf7 Nxe2+ Kh2 Ne5 Rxg7 h5 Re1 Ng4+,A00
2025-10-15,lSnW4tE5,bullet,15:37,975,980,5,win,1,black,945,turpalali,-35,13,h4 e5 e4 Nf6 Nc3 Bb4 d3 d6 a3 Bxc3+ bxc3 Nc6 Be2 b6 Bg5 O-O Qd2 Be6 Nf3 Qe7 O-O-O Ba2 c4 d5 cxd5 Qxa3#,A00
2025-10-15,YGUXTwv7,blitz,15:43,1220,1213,-7,loss,-1,white,1211,LioDouthe,-2,24,e4 b6 e5 Bb7 d4 e6 f3 d6 Be3 dxe5 Nc3 exd4 Bxd4 Bd6 Bxg7 Qh4+ g3 Bxg3+ hxg3 Qxh1 Nb5 Na6 Nxc7+ Nxc7 Qd6 Rc8 Qf8+ Kd7 O-O-O+ Nd5 Bb5+ Bc6 Bxc6+ Rxc6 Qxf7+ Ne7 Bxh8 Qh6+ f4 Rd6 Bf6 Nxf6 Rxd6+ Kxd6 Ne2 Ne4 Qe8 Qh1+,B00
2025-10-17,xqILNMLd,blitz,15:53,1213,1219,6,win,1,white,1205,bhodges14,-14,18,e4 e5 Nf3 Nc6 h3 d6 Bb5 Nf6 c3 a6 Bxc6+ bxc6 d4 exd4 Qxd4 Bb7 Bg5 Be7 Bxf6 Bxf6 Qd1 d5 Nbd2 dxe4 Nxe4 Qxd1+ Rxd1 O-O Nxf6+ gxf6 O-O c5 Nh4 Bc6 Nf5 Rad8 Ne7+,C44
2025-10-18,IPZtFIqZ,blitz,12:44,1219,1226,7,win,1,black,1260,oLpikuS,34,56,e4 e5 Nf3 Nc6 d4 exd4 Nxd4 Nxd4 Qxd4 Nf6 Bc4 b6 O-O Bc5 Bxf7+ Kxf7 Qc4+ d5 exd5 Qxd5 Qxd5+ Nxd5 Be3 Rf8 Bxc5 bxc5 Nd2 Nf4 Ne4 c4 c3 Kg8 b3 Bb7 f3 cxb3 axb3 Bxe4 fxe4 Ne2+ Kh1 Rxf1+ Rxf1 Nxc3 e5 Nd5 h3 Rf8 Rd1 Nf4 b4 Rf5 Rd8+ Kf7 Rd7+ Ke6 Rxc7 Rxe5 Rxa7 Rb5 Ra4 Nd3 Ra6+ Kf5 g4+ Kg5 Ra5 Rxa5 bxa5 Nc5 Kg2 Kh4 Kf3 g5 Ke3 Kxh3 Kd4 Na6 Kc4 Kxg4 Kb5 Nc7+ Kc6 Na6 Kb6 Nb4 Kb5 Nd5 a6 Nc7+ Kb6 Nxa6 Kxa6 h5 Kb5 Kf3 Kc4 g4 Kd3 Kf2 Ke4 g3 Kf4 h4 Kg4 g2 Kxh4 g1=Q Kh3 Kf3 Kh4 Qg4#,C44
2025-10-18,ohaU04dP,bullet,14:32,980,974,-6,loss,-1,white,959,poppeace2,-15,39,e4 e5 Nf3 Nc6 Bb5 Nge7 d3 a6 Bxc6 Nxc6 Nc3 d6 h3 Be7 a3 O-O Be3 h6 Ne2 Bf6 Ng3 Ne7 Nf5 Nxf5 exf5 Bxf5 Qd2 d5 c3 e4 dxe4 dxe4 Qxd8 Rfxd8 Nd4 Bxd4 Bxd4 Be6 O-O b6 b4 Rdc8 a4 c5 Be3 cxb4 cxb4 b5 axb5 axb5 Rxa8 Rxa8 Rc1 Bc4 Bc5 Kh7 Rc3 Ra1+ Kh2 Ra8 Re3 f5 Kg3 g6 Kf4 Ra6 g4 Rf6 Ke5 Rf7 Kf4 Bd3 Ke5 h5 gxf5 gxf5 Kd4 Rd7+,C60
2025-10-18,6MVduscc,blitz,16:02,1226,1219,-7,loss,-1,black,1132,azraoezonmars,-87,38,d4 d5 Nf3 Nf6 c4 e6 Bg5 Be7 e3 Ne4 Bxe7 Qxe7 Nbd2 Nxd2 Qxd2 dxc4 Bxc4 Nc6 a3 Bd7 O-O O-O-O d5 Nb8 dxe6 Bxe6 Qc3 f6 Rad1 Bxc4 Qxc4 Rxd1 Rxd1 Nc6 b4 a6 Nd4 Ne5 Qc3 Qd6 b5 Rd8 f4 Ng4 h3 Nh6 Kf2 Qd5 a4 Qh5 b6 c6 Nxc6 Qh4+ Kf3 Qh5+ Kf2 Ng4+ hxg4 Qh4+ g3 Qh2+ Kf3 Rd2 Na7+ Kd8 Qc7+ Ke8 Qc8+ Kf7 Qxb7+ Kg6 f5+ Kg5 Qxg7#,D30
2025-10-18,a7NkCO2K,blitz,16:12,1219,1224,5,win,1,black,1167,p4wnch3ss,-57,65,e4 e5 Nf3 Nc6 Bc4 Nf6 d3 Bc5 Ng5 d5 exd5 Na5 Qf3 Bxf2+ Qxf2 Nxc4 dxc4 O-O Nf3 Ng4 Qe2 f6 b3 Bf5 Bb2 Qd6 Nbd2 Bxc2 Ne4 Bxe4 Qxe4 Qb4+ Nd2 Nh6 O-O Qxd2 Bc1 Qd4+ Qxd4 exd4 Bxh6 gxh6 Rf3 Rae8 Rg3+ Kf7 Rd1 Re4 a4 Rg8 Rxg8 Kxg8 Kf2 Kg7 Kf3 Re3+ Kf4 Rxb3 Rxd4 Rb2 Kf5 Rxg2 Rg4+ Rxg4 Kxg4 Kg6 Kf4 h5 h4 a5 c5 Kf7 Kf5 Ke7 Ke4 b6 cxb6 cxb6 Kf5 Kd6 Kxf6 Kxd5 Kg7 Ke5 Kxh7 Kf5 Kh6 Kg4 Kg6 Kxh4 Kf5 Kg3 Kg5 h4 Kf5 Kf3 Kg5 h3 Kf6 Ke4 Ke6 Kd4 Kd6 Kc4 Kc6 Kb4 Kxb6 Kxa4 Kc5 h2 Kb6 h1=Q Kc5 Qh6 Kc4 Qh5 Kc3 Qg4 Kb2 Kb4 Ka2 Qf3 Kb2 a4 Ka2 Qf2+ Kb1 Kb3 Ka1 Qe1#,C50
2025-10-18,tMrlIB9b,blitz,18:58,1224,1218,-6,loss,-1,white,1215,CywilizacjaLacinska,-3,35,e4 e5 Nf3 Nf6 d3 Nc6 Bg5 Bc5 Nc3 h6 Bxf6 Qxf6 Nd5 Qd8 c3 d6 b4 Bb6 c4 a6 c5 dxc5 Be2 cxb4 Nxb6 cxb6 d4 Nxd4 Nxd4 Qxd4 O-O O-O Qc2 Be6 Rfd1 Rac8 Qxc8 Qxd1+ Rxd1 Rxc8 h3 Bxa2 Rd7 b3 Rxb7 b2 Bd3 b5 Ra7 Rc6 Kh2 f6 Kg3 Rc3 Rd7 Rxd3+ Rxd3 b1=Q Rd8+ Kh7 f3 a5 Kg4 a4 Kf5 Qb2 g4 Qh2 g5 Qf4#,C42
2025-10-18,RiluOcD3,blitz,19:05,1218,1224,6,win,1,white,1250,Thomas-twin,26,24,e4 e5 Nf3 Nc6 Bb5 d6 d3 Bd7 Bxc6 Bxc6 Nc3 Be7 h3 Nf6 Ne2 O-O Ng3 Qd7 Nf5 Bd8 Ng5 g6 Nh6+ Kg7 Nf3 Be7 O-O Nh5 Ng4 f5 Bh6+ Kg8 Bxf8 Rxf8 Ne3 fxe4 dxe4 Bxe4 Ng4 Nf4 Re1 Bxf3 Qxf3 Nd5 Qxd5+ Kh8 Qxb7,C62
2025-10-19,6IHjZdZS,bullet,16:14,974,980,6,win,1,white,996,ravy22,16,14,e4 c5 Nf3 e6 d4 Nc6 d5 Nce7 d6 Ng6 e5 f6 Bd3 Nxe5 Nxe5 fxe5 Qh5+ g6 Qxe5 b6 Qxh8 Bxd6 Qxg8+ Bf8 Qxh7 d5 Bxg6#,B32
2025-10-21,XPsSQlQR,blitz,14:35,1224,1217,-7,loss,-1,black,1133,Kakawiya,-84,40,d4 d5 Bf4 e6 Nf3 Nc6 e3 a6 Bd3 Nf6 Nbd2 Bd6 Bg3 h6 Qe2 Bd7 Ne5 Nb4 O-O Nxc2 Rac1 Nb4 a3 Nc6 Nxc6 Bxc6 Bxd6 Qxd6 Ra1 Bd7 b4 e5 h3 e4 Bc2 Be6 Ba4+ c6 Nb3 b5 Bxb5 axb5 Nc5 O-O Nb7 Qc7 Nc5 Ra7 a4 Nd7 Nxe6 fxe6 axb5 Rxa1 Rxa1 Nb6 bxc6 Qxc6 b5 Qc3 Rf1 Nc4 b6 Nxb6 Qa6 Qc6 Rb1 Rb8 Kh2 Qc7+ g3 Nc4 Qxe6+ Kh8 Rxb8+ Qxb8 Qxd5 Nd2 Kg2,D02
2025-10-21,FrVtwLbb,blitz,18:23,1217,1223,6,win,1,white,1237,Boggster,14,24,e4 c6 d4 d5 e5 Bf5 h3 e6 Nc3 a6 f3 c5 g4 Bg6 Be3 Nc6 Na4 cxd4 Bxd4 Rc8 c3 Nxd4 cxd4 Qa5+ Nc3 Bb4 Ne2 Ne7 Bg2 O-O O-O Qb6 Qb3 Nc6 a3 Nxd4 Nxd4 Qxd4+ Kh1 Bxc3 bxc3 Qxe5 Qxb7 Qxc3 Rac1 Rb8 Qxb8 Rxb8 Rxc3,B12
2025-10-22,vovB8PHH,blitz,15:36,1223,1218,-5,loss,-1,black,1265,Tobws,47,22,e4 e5 Nf3 Nc6 Bc4 Nf6 d3 Bc5 h3 a6 O-O d6 c3 Na5 Qa4+ Nc6 d4 exd4 cxd4 Bb6 d5 Bd7 dxc6 Bxc6 Qb3 O-O Ng5 d5 exd5 Bxd5 Bxd5 Nxd5 Rd1 c6 Nc3 Bxf2+ Kxf2 Qf6+ Kg1 Nf4 Nce4 Ne2+ Kh2 Qe5+,C50
2025-10-23,iP1ZDYE1,blitz,14:03,1218,1223,5,win,1,black,1157,Historical_Blunderer,-66,16,e4 e5 Nf3 Nc6 Bc4 d5 exd5 Na5 Bb3 Nxb3 axb3 Qxd5 O-O Bg4 h3 Bxf3 Qxf3 Qxf3 gxf3 Bd6 Re1 Nf6 f4 O-O fxe5 Rfe8 d4 Nh5 Nc3 Be7 Bf4 Nxf4 Nd5,C50
2025-10-23,AfKKokZR,bullet,14:11,980,986,6,win,1,black,965,PeterTombleson,-21,21,d4 d5 e4 Nf6 e5 Nfd7 Bb5 a6 Ba4 b5 Bb3 Nb6 a4 Nc6 Bd2 Nxd4 Ba2 bxa4 Ba5 Nc4 Qxd4 Nxa5 Nf3 c6 O-O e6 Nbd2 Nb7 Qg4 h6 Nh4 Qb6 Ndf3 Qxb2 Nd4 Qb6 Rab1 Qa7 Nxc6 Qc5 Nd4 Bd7,D00
2025-10-23,w4O7fRUh,bullet,15:42,986,980,-6,loss,-1,white,971,SergoSergoSergo,-9,25,e4 Nf6 e5 Nd5 d4 d6 Bc4 Nb6 Bb3 Nc6 Qf3 e6 Ne2 Na5 Bxe6 Bxe6 b4 Nc6 b5 Na5 a4 Be7 O-O O-O Nd2 Bd5 Qc3 dxe5 Qxa5 Nc4 Nxc4 Bxc4 Re1 exd4 Nf4 Bc5 Qd2 a6 Nh5 Qd5 Nf4 Qf5 g3 axb5 Bb2 bxa4 Bxd4 Bxd4 Qxd4 b5,B03
2025-10-23,TQndHHMS,bullet,15:49,980,984,4,win,1,white,866,Dobroga,-118,28,e4 e6 d4 d5 e5 c5 Nf3 Nc6 Bb5 Bd7 Bxc6 Bxc6 Nc3 cxd4 Nxd4 Bb4 Bd2 a6 O-O Qb6 Nce2 Ne7 b3 Ba5 c3 Qa7 Ng3 O-O-O Rc1 Kb8 Be3 f6 Nxe6 Bb6 Bxb6 Qxb6 Nxd8 Qxd8 c4 d4 e6 Re8 Qg4 g6 Ne2 d3 Nd4 f5 Qf4+ Ka7 Rfd1 Be4 Nb5+ Ka8 Nd6,C02
2025-10-23,NAulRpS4,bullet,15:55,984,978,-6,loss,-1,black,934,Ser_Dem,-44,22,f4 d5 d4 Bf5 e3 Be4 Nf3 Bxf3 Qxf3 e6 a3 Nc6 Bb5 Nf6 O-O Bd6 Nc3 O-O Bxc6 bxc6 Bd2 c5 Rae1 c4 e4 c6 e5 Bxe5 fxe5 Nd7 Qg4 g6 Bh6 Re8 Rf4 Re7 Qf3 Qe8 Rf6 Nxf6 Qxf6 a6 Qg7#,D00
2025-10-23,HDCtSbso,blitz,18:12,1223,1218,-5,loss,-1,white,1273,MeLaNkOliA8,55,23,e4 e5 Nf3 d6 h3 Nc6 Nc3 Nf6 Bb5 Bd7 Bxc6 Bxc6 d3 h5 Bg5 Be7 Bxf6 Bxf6 a3 g5 Ne2 Qd7 Ng3 g4 hxg4 Qxg4 Nf5 O-O-O g3 d5 Qe2 dxe4 dxe4 Bxe4 Qc4 Bxf3 Qxg4 hxg4 Rxh8 Rxh8 Ne3 Rh1+ Kd2 Rxa1 Nd5 Bxd5,C41
2025-10-23,wJhu2Qke,bullet,18:27,978,972,-6,loss,-1,black,929,amshra267,-43,14,e4 e5 Nf3 d6 Nc3 a6 Bc4 h6 O-O Bg4 h3 Bxf3 Qxf3 Qf6 Qxf6 Nxf6 d3 Be7 Be3 O-O Nd5 Nxd5 Bxd5 c6 Bc4 Nd7 d4 b5 Bb3,C41
2025-10-25,MczcwbAc,blitz,13:36,1218,1223,5,win,1,black,1203,YMak,-20,18,e4 e5 Nf3 Nc6 Bc4 Nf6 Nc3 a6 O-O Bc5 d3 d6 Bg5 O-O Nd5 h6 Bh4 g5 Nxg5 hxg5 Bxg5 Kg7 Bxf6+ Qxf6 Nxf6 Kxf6 c3 Rg8 d4 Bh3 dxc5 Bxg2 Qd2 Bxe4+ Qg5+ Rxg5#,C47
2025-10-25,Nh11aZU8,blitz,16:43,1223,1218,-5,loss,-1,white,1219,vinay_7767,1,51,e4 e5 Nf3 Nc6 Bb5 a6 Bxc6 dxc6 d3 Qf6 h3 h6 O-O g5 d4 exd4 Nxd4 g4 Nf5 h5 Qd3 Nh6 Bxh6 Bxh6 Nc3 gxh3 Qxh3 Rg8 Qxh5 Bxf5 Qxf5 Qh4 Qe5+ Kd8 Qh2 Qg5 Rad1+ Kc8 Qh3+ Kb8 g3 Ka7 Rd7 Rac8 Rxf7 Rh8 Rf5 Qd2 Qg2 Qxc2 Qf3 Qxb2 Na4 Qxa2 Nc5 Qa5 Nd7 Qb4 e5 Rcd8 Nf6 Rdf8 g4 Qe7 Qe4 Rxf6 Qd4+ c5 Qe4 Rxf5 gxf5 Qg5+ Qg2 Qxg2+ Kxg2 Rg8+ Kf3 Rg5 Ke4 Rg4+ f4 a5 f6 b6 f7 b5 e6 b4 e7 Bf8 e8=Q Bd6 Qc6 b3 Qxd6 cxd6 f8=Q b2 Qg7+ Rxg7 Rb1 Rg2,C68
2025-10-25,RTn2JWoy,blitz,16:56,1218,1223,5,win,1,white,1226,aydinylcn1976,3,25,e4 e6 d4 c5 Nf3 Nc6 d5 exd5 exd5 Qe7+ Be2 Ne5 d6 Nxf3+ gxf3 Qxd6 Qxd6 Bxd6 Be3 Nf6 Nc3 a6 O-O-O Be7 Bg5 h6 Bxf6 Bxf6 Nd5 Be5 f4 Bb8 Bh5 O-O f5 d6 Ne7+ Kh8 Rhg1 Re8 Nd5 Re5 f6 Rxd5 Rxd5 gxf6 Bxf7 Bf5 Rxf5 d5,B32
2025-10-25,dHWOH2sj,blitz,17:03,1223,1228,5,win,1,black,1179,ramschasar,-49,46,e4 e5 Nf3 Nc6 Bb5 a6 Bxc6 dxc6 c3 Bg4 h4 Nf6 d3 Bxf3 Qxf3 Bc5 Bg5 b5 Bxf6 Qxf6 Qxf6 gxf6 b4 Ba7 O-O O-O-O Rd1 h5 a4 Rh6 axb5 cxb5 Rxa6 Bb6 Ra8+ Kd7 Rxd8+ Kxd8 Na3 c6 c4 f5 c5 Bc7 exf5 Rf6 Nc2 Rxf5 Ne3 Rf4 g3 Rxb4 Nf5 Kd7 d4 e4 Ne3 Ke6 Kg2 f5 f3 f4 gxf4 Bxf4 Nc2 Rc4 Na3 Rc3 Nb1 Rxf3 Rf1 Rg3+ Kf2 e3+ Ke2 Rg4 Rh1 Kd5 Kd3 b4 Rh3 Rg3 Rxg3 Bxg3 Kxe3 b3 Nd2 b2 Kd3 Bxh4 Kc2 Bg5,C68
2025-10-25,IduKi86I,bullet,17:23,972,967,-5,loss,-1,white,1071,lg6708,104,33,e4 e5 Nf3 Nc6 Bb5 a6 Bxc6 dxc6 d3 Bd6 h3 h6 Nc3 Nf6 O-O Be6 Be3 Qd7 Qe2 Bxh3 gxh3 Qxh3 Nh2 O-O-O Qf3 Qxf3 Nxf3 Ng4 Nh4 Nxe3 fxe3 f6 Ng6 Rhe8 Ne2 Bc5 Rf3 Kb8 Ng3 Bb4 Nf5 c5 Nxg7 Rg8 Rxf6 Rxg7 Kf2 Rdg8 Rg1 h5 c3 Ba5 a3 h4 b4 cxb4 cxb4 Bb6 Rg5 h3 Rxe5 Rxg6 Rxg6 Rxg6 Re8+ Ka7,C68
2025-10-25,ZIIIy057,blitz,20:04,1228,1234,6,win,1,white,1220,MacCHA24,-14,26,e4 e5 Nf3 Nc6 Bb5 d6 h3 Bd7 Bxc6 Bxc6 Nc3 Nf6 d3 Be7 Bg5 h6 Bxf6 Bxf6 b3 Qd7 a4 O-O b4 b6 b5 Bb7 O-O c6 Qb1 c5 Re1 Rfe8 Ne2 a6 Ng3 axb5 axb5 Rxa1 Qxa1 Qxb5 Qa7 Qc6 Nf5 Ra8 Ne7+ Kf8 Nxc6 Rxa7 Nxa7 Bxe4 dxe4,C62
2025-10-27,kGgtpqpd,blitz,13:03,1234,1242,8,win,1,black,1362,Foxyl1e,120,8,e4 e5 Nf3 Nc6 Bc4 d5 exd5 Na5 Nxe5 Nxc4 Nxc4 Qxd5 d3 Qxg2 Rf1 Bg4,C50
2025-10-27,PCndZGvs,blitz,14:41,1242,1247,5,win,1,black,1229,kielu79,-18,31,e4 e5 Nf3 Nc6 c3 a6 d4 d6 d5 Nce7 c4 Bg4 Be2 Bxf3 Bxf3 Ng6 O-O Nf6 Nc3 Be7 b3 h6 b4 b6 c5 bxc5 bxc5 dxc5 Bb2 Bd6 a4 Rb8 Ba3 O-O h3 Re8 Ne2 c4 Ng3 Bxa3 Rxa3 Qd6 Ra1 Rb2 Nf5 Qc5 d6 cxd6 Qc1 Rb3 Nxh6+ Kh7 Nf5 Nf4 Rd1 Nxe4 Qc2 Rxf3 Qxe4 Qxf2+ Kh1 Qxg2#,C44
2025-10-27,yIJAaiX3,bullet,15:33,967,973,6,win,1,white,932,Bootooskin,-41,18,e4 d5 e5 e6 d4 Nc6 Nf3 Nge7 Bb5 Bd7 Bxc6 Bxc6 Nc3 g6 a3 Bg7 Ng5 Bh6 Nxe6 fxe6 Bxh6 Nf5 Qd2 g5 Bxg5 Qd7 Bf6 Rf8 Qg5 Ne7 O-O Rxf6 Qxf6 Ng8 Qg5,C02
2025-10-27,IRbkFHqo,blitz,15:39,1247,1241,-6,loss,-1,black,1204,Desiertob,-37,28,c4 e5 g3 Nf6 Bg2 Bc5 e3 c6 d4 Bb4+ Nc3 d5 c5 e4 Ne2 Bg4 a3 Bxc3+ bxc3 Nbd7 h3 Bxe2 Qxe2 O-O Bb2 Re8 a4 Qa5 O-O Nf8 c4 Qd8 cxd5 cxd5 Ba3 Ng6 Rac1 a6 c6 Rc8 cxb7 Rxc1 Rxc1 Qb6 Qb2 Qa7 Bd6 Nd7 Rc8 Rxc8 bxc8=Q+ Ngf8 Bc5 Nxc5 dxc5 h6 Qbb8,A20
2025-10-27,HVjdtLNL,bullet,18:23,973,979,6,win,1,black,1014,tgktgk,35,11,e4 e5 Nf3 Nc6 Bc4 Nf6 Nc3 Bc5 Nd5 Nxd5 Bxd5 Nd4 Bxf7+ Kxf7 Nxe5+ Ke6 Qg4+ Kxe5 Qf5+ Nxf5 O-O Nd6,C50
2025-10-28,gcveErvY,blitz,17:24,1241,1235,-6,loss,-1,black,1220,Senkusamacast,-15,42,d4 d5 Nf3 e6 e3 a6 Bd3 Nc6 c3 Nf6 Qe2 Bd6 Nbd2 O-O O-O Ng4 e4 Nxd4 cxd4 b5 exd5 exd5 Nb3 Re8 Qc2 Qf6 Bxh7+ Kf8 Ng5 Bxh2+ Kh1 Qh6 Nh3 Qd6 g3 Nf6 Bf4 Qd7 Bf5 Qxf5 Qxf5 Bxf5 Kxh2 Bxh3 Kxh3 c6 Kg2 Ke7 Nc5 Rh8 Rae1+ Kf8 Kf3 a5 Bd6+ Kg8 Nd3 Rh6 Ne5 Kh7 Nxf7 Rh5 Ng5+ Rxg5 Rh1+ Kg6 Be7 Rf5+ Kg2 Ne4 f3 Nd2 Re6+ Kf7 Re3 Nc4 Ree1 Re8 Bc5 Nxb2 Rc1 Nc4 g4 Rg5 Kg3,D02
2025-10-28,WMUz08mx,blitz,17:41,1235,1241,6,win,1,white,1233,Renato2024,-8,6,e4 d5 e5 d4 Nf3 Qd5 Qe2 Nc6 Qb5 a6 Qxd5,B01
2025-10-31,NXfAUHQg,blitz,13:10,1241,1234,-7,loss,-1,white,1228,darknex,-6,41,e4 d5 e5 Bf5 d4 e6 Nf3 c5 Be3 c4 Nc3 Nc6 a3 Nge7 Bg5 Qb6 Rb1 h6 Bxe7 Bxe7 Na4 Qa5+ Nc3 Bxa3 bxa3 Qxc3+ Qd2 Qxa3 Rxb7 Qa1+ Qd1 Qc3+ Qd2 Qxd2+ Nxd2 O-O c3 Rab8 Rxb8 Rxb8 Be2 Rb2 Bd1 Bc2 O-O Bd3 Re1 Rxd2 Ba4 Na5 h3 Nb3 f4 Ra2 Be8 Nd2 Rc1 Ne4 g4 Rb2 f5 Rb8 Bd7 Rb7 fxe6 fxe6 Bxe6+ Kf8 Bxd5 Rb6 Kg2 a5 Kf3 Ng5+ Kg3 Ra6 Rf1+ Ke7 h4 Ne4+ Bxe4 Bxe4,B01
2025-10-31,VfLiEJ85,blitz,13:26,1234,1240,6,win,1,white,1200,Scottsalt,-40,24,e4 e5 Nf3 Nc6 Bb5 d6 c3 Nf6 d3 a6 Bxc6+ bxc6 h3 Be7 Bg5 O-O Nbd2 Rb8 b4 Be6 a3 Re8 c4 d5 Bxf6 Bxf6 c5 dxe4 dxe4 a5 O-O Qd7 Qa4 Bg5 Rad1 f6 Qxa5 Bxd2 Rxd2 Qf7 Qa4 Qg6 Nh4 Qg5 Nf3 Bxh3 Nxg5,C62
2025-10-31,rxXs0BHb,blitz,15:10,1240,1234,-6,loss,-1,white,1239,sushant726,5,25,e4 Nf6 Nf3 Nxe4 d4 Nf6 Bg5 h6 Bxf6 gxf6 Bd3 d5 Nc3 e6 O-O Rg8 g3 Bd6 Ne2 c6 c3 e5 Bc2 Bh3 Re1 Qd7 Nh4 Qg4 Ng2 Rg5 Ne3 Qe6 Qd3 h5 Qh7 Nd7 Qh8+ Bf8 Qh7 O-O-O Qd3 h4 Ba4 hxg3 hxg3 e4 Qc2 Bd6 g4 Bxg4,A05
2025-10-31,lXYWU9bY,blitz,15:29,1234,1241,7,win,1,black,1321,knickabokkaglory,80,23,d4 d5 Bf4 Nc6 e3 a6 Nf3 Nf6 Bd3 e6 Nbd2 Bd6 Bg3 Ng4 h3 Nxe3 fxe3 Bxg3+ Kf1 Qf6 h4 O-O Rh3 Bd6 Qe2 e5 dxe5 Bxe5 Ke1 Bxh3 gxh3 Bxb2 Rb1 Bc3 Rxb7 Rae8 Rxc7 Nd4 Nxd4 Bxd4 Kd1 Rxe3 Qg2 Bb6 Rc3 Qxc3,D00
2025-10-31,mbjn7qfW,blitz,16:03,1241,1236,-5,loss,-1,black,1258,Jabrateac,22,46,d4 d5 c4 e6 Nf3 c6 Nc3 Bb4 Bd2 Bxc3 Bxc3 Nf6 Ne5 Ne4 Bb4 c5 dxc5 Nxc5 Bxc5 Qa5+ b4 Qa3 cxd5 Qc3+ Qd2 Qxa1+ Qd1 Qxe5 Qa4+ Bd7 Qa5 Qc3+ Kd1 Qa1+ Kc2 b6 Bxb6 O-O Bc5 exd5 Bxf8 Nc6 Qc5 Qxa2+ Kc3 Qa3+ Kc2 Bf5+ Kd2 Qb2+ Ke3 Qe5+ Kd2 Qd4+ Qxd4 Nxd4 Bc5 Nb3+ Kc3 Nxc5 bxc5 Rc8 Kd4 Be6 e3 a5 Ba6 Rc6 Bb5 Rc7 Ra1 Ra7 g3 f6 c6 g5 Rc1 h5 c7 h4 c8=Q+ Bxc8 Rxc8+ Kf7 Kxd5 a4 Rd8 a3 Rd7+ Kg6 Rxa7 a2 Rxa2,D30
2025-10-31,Uxa1VisE,blitz,16:16,1236,1230,-6,loss,-1,white,1244,thobebel,14,26,e4 c5 Nf3 Nc6 Bb5 d6 d4 cxd4 Nxd4 Qc7 Bxc6+ bxc6 Nc3 e5 Nf3 Nf6 Bg5 Be7 Bxf6 Bxf6 O-O O-O h3 Be6 b3 Rad8 Ne2 d5 Ng3 dxe4 Nd2 e3 fxe3 e4 Ngxe4 Bxa1 Qxa1 Bd5 Rf4 Bxe4 Nxe4 Rfe8 Rg4 Qe5 Qf1 f5 Ng5 Qxe3+ Kh1 Qe1 Qxe1 Rxe1+,B30
2025-11-04,0AQcaakM,blitz,13:18,1230,1236,6,win,1,white,1230,bokeboketudtud,-6,22,e4 e5 Nf3 Nc6 Bb5 Nf6 d3 a6 Bxc6 bxc6 Bg5 h6 Bxf6 Qxf6 Nc3 Bb4 O-O d6 Ne2 O-O c3 Ba5 b4 Bb6 a3 c5 Rb1 Bd7 c4 a5 b5 Be6 a4 Qg6 Ng3 h5 h3 h4 Nxh4 Qg5 Ngf5 Bxf5 Nxf5,C65
2025-11-04,KFiJlWOi,bullet,13:26,979,973,-6,loss,-1,black,980,lakshminarayanan06,7,12,d4 d5 e3 e6 Bd3 a6 Ne2 g6 O-O Nf6 Ng3 Bd6 a3 Bxg3 fxg3 Nc6 c3 Bd7 Nd2 Nh5 Be2 Nf6 b4 Qe7 Bb2,D00
2025-11-04,vWtczIZM,bullet,14:26,973,969,-4,loss,-1,black,1083,andrewsha,114,28,e4 e5 Nf3 Nc6 Bb5 a6 Bxc6 dxc6 Nc3 Bg4 O-O Bxf3 Qxf3 Nf6 d3 Bd6 Bg5 O-O Bxf6 Qxf6 Qxf6 gxf6 h3 Kg7 Ne2 Kg6 Ng3 Rg8 Nf5 h5 a3 Kg5 b4 b5 c4 Rae8 c5 Bf8 Rad1 h4 f3 Kf4 d4 Rh8 d5 Bh6 dxc6 Kg5 Rd7 Kg6 Rxc7 Rd8 Ra7 Kh7 Rxf7+,C68
2025-11-04,ci3RpD1U,bullet,21:22,969,963,-6,loss,-1,white,962,zlackr,-1,18,e4 e5 Nf3 Nf6 d3 Bc5 Bg5 h6 Bxf6 Qxf6 c3 d6 Nbd2 Bg4 Be2 Nc6 h3 Bh5 Qb3 O-O-O Nxe5 Qxe5 d4 Bxd4 cxd4 Nxd4 Qa4 Bxe2 Qxa7 Ba6 O-O-O Bd3 Qa8+ Kd7 Qxb7 Ne2#,C42
2025-11-05,7XnOiUDs,bullet,09:23,963,968,5,win,1,black,903,TheAgileFinancial,-65,19,e4 e5 Nc3 Nc6 Bc4 Bb4 Nge2 Nf6 O-O Bxc3 bxc3 d6 d4 Nxe4 f3 Nf6 Bg5 O-O f4 e4 Ng3 d5 Bb5 Qd6 Bxf6 Qxf6 Nh5 Qh6 f5 Ne7 f6 Nf5 Rxf5 Bxf5 fxg7 Rfd8 Qf1 Bg6,C25
2025-11-05,o6PYeZjL,blitz,09:38,1236,1242,6,win,1,black,1271,Zahar2017_1,29,12,e4 e5 Nf3 Nc6 Nc3 Nf6 Bc4 Bc5 O-O d6 d3 O-O Be3 Bxe3 fxe3 Bg4 h3 Bxf3 Qxf3 h6 Nd5 a6 Nxf6+,C50
2025-11-05,0WgZ2LGf,bullet,18:26,968,962,-6,loss,-1,white,982,hamidhajari,20,28,e4 d5 e5 e6 d4 c5 Nf3 c4 Nc3 Nc6 a3 b5 Bd2 a6 Be2 Nge7 h3 Nf5 O-O Nfxd4 Bg5 Be7 Bxe7 Qxe7 Nxd4 Nxd4 Qxd4 O-O Bg4 g6 Ne2 h5 Bf3 b4 a4 b3 cxb3 cxb3 Qb6 Qg5 Qxb3 Qxe5 Rfe1 Rb8 Qd3 Qxb2 Nd4 Qb6 Nxe6 Qxe6 Bxd5 Qf6 Re3 Bf5 Rae1,C02
2025-11-05,E0PTYNpx,bullet,20:49,962,956,-6,loss,-1,black,911,ceycey61,-45,34,d4 d5 e3 e6 a3 a6 Nc3 Nc6 e4 Nf6 exd5 Nxd5 Nxd5 Qxd5 Nf3 h6 b3 Bd6 c4 Qf5 Bd3 Qf6 Bb2 O-O d5 Qxb2 dxc6 Qc3+ Qd2 Qxd2+ Nxd2 bxc6 Ne4 Be5 Rd1 f5 Nc5 Bc3+ Ke2 e5 Rc1 e4 Rxc3 exd3+ Rxd3 Re8+ Kd2 Re5 Na4 Be6 Nc3 c5 Nd5 Bxd5 cxd5 f4 Re1 Rxe1 Kxe1 Re8+ Kd2 g5 d6 cxd6 Rxd6 h5 Rg6+ Kf7 Rxg5,D00
2025-11-07,GZy8ieBb,blitz,16:45,1242,1237,-5,loss,-1,black,1280,surya_52,43,22,e4 e5 Nf3 Nc6 Nc3 Bb4 d4 exd4 Nxd4 Nxd4 Qxd4 Bxc3+ Qxc3 f6 Bf4 d6 O-O-O Qe7 Bc4 Bd7 Qa3 a6 Bd5 O-O-O Bxb7+ Kxb7 Rd4 Bb5 Rb4 Ra8 c4 Qxe4 cxb5 Qxb4 Qxb4 axb5 Qxb5+ Kc8 Re1 Nh6 Bxh6 gxh6 Re7 Rxa2 Qd7+,C46
2025-11-09,W4CEoH9U,blitz,20:26,1237,1232,-5,loss,-1,white,1275,AlbertoPf,43,15,e4 d5 Nf3 dxe4 Ne5 Nf6 Bc4 e6 Nc3 Bd6 Nxf7 Kxf7 O-O c5 d3 exd3 Qxd3 Re8 Bg5 Nc6 Bxf6 gxf6 Qxh7+ Kf8 Qh6+ Kf7 Rae1 Rh8 Qe3 Bxh2+,A06
2025-11-11,Fl4KIhlH,bullet,18:09,956,951,-5,loss,-1,white,1056,tomasss87,105,35,e4 d6 d4 Nf6 Nc3 g6 Bg5 Bg7 Bxf6 Bxf6 Nf3 O-O Bc4 Bg4 h3 Bxf3 Qxf3 Nc6 d5 Ne5 Qe2 e6 O-O Re8 Nd1 Nxc4 Qxc4 exd5 exd5 Rc8 c3 c6 Ne3 cxd5 Qxd5 Re5 Qxb7 Rc7 Qf3 Rf5 Nxf5 gxf5 Qxf5 Bg7 a3 Rb7 Rab1 a5 Rfd1 Qd7 Qd3 Be5 Qf3 f6 Qh5 Qg7 Qf3 Rd7 Rd3 d5 Rxd5 Bc7 Rxd7 Qxd7 Rd1 Qc6 Qxc6 Be5 Rd8+ Kg7,B07
2025-11-11,ORrOUCiP,bullet,18:21,951,957,6,win,1,white,951,rmsaikris7,-6,8,e4 e5 Nf3 Nc6 Bb5 Nd4 Nxd4 exd4 d3 c6 Bc4 d5 Bb3 dxe4 Qh5 g6 Qe5+,C61
2025-11-11,a7Nu5wGj,bullet,19:56,957,951,-6,loss,-1,black,910,Mleko1960,-41,24,e4 e5 Nf3 Nc6 Bc4 Nf6 Nc3 Bc5 d3 d6 Bg5 Bg4 Nd5 Bxf2+ Kxf2 Bxf3 Qxf3 Nxe4+ Qxe4 Qxg5 Rhf1 O-O Kg1 Nd4 c3 Nc2 Rac1 Ne3 Nxe3 g6 Rf3 Kg7 Rg3 Qh6 Ng4 Qxc1+ Kf2 Qxb2+ Kf3 Qxc3 Nf2 Qc1 Qe3 Qa3 Rh3 Qc5 Qh6+,C50
2025-11-12,gPonvAEz,bullet,09:15,951,946,-5,loss,-1,white,1028,MR-AZ,82,36,e4 c6 Nf3 d5 e5 Bf5 d4 e6 Nc3 a6 Be3 b5 Nh4 Bg6 Nxg6 hxg6 h3 Qc7 Ne2 c5 Ng3 cxd4 Bxd4 Ne7 Bd3 Nf5 Bxf5 gxf5 O-O Bc5 c3 Be7 Nh5 Kf8 Qf3 Nc6 Qg3 Rxh5 Rae1 Nxd4 cxd4 Qc4 Qf3 Rh6 Re2 Qxd4 Rc1 a5 a3 b4 a4 b3 Qxb3 Kg8 Rd1 Qb4 Qxb4 axb4 b3 Rc8 a5 Ra8 Ra1 Rh4 a6 Rd4 Rc2 Rd3 Rb2 Rc3 Kh2 Rc6,B12
2025-11-12,h8LDtjsg,bullet,09:27,946,942,-4,loss,-1,white,1074,Enigmus1,132,29,e4 e5 Nf3 Nc6 Bb5 Nf6 d3 Bc5 Bg5 d6 c3 Bd7 Bxc6 Bxc6 b4 Bb6 a4 a5 b5 Bd7 O-O h6 Bxf6 Qxf6 h3 O-O c4 Bd4 Ra2 c6 Na3 cxb5 cxb5 b6 Nc4 Be6 Nxb6 Bxa2 Nxa8 Rxa8 Nxd4 exd4 Qc2 Be6 Qc7 d5 e5 Qd8 Qc6 Rc8 Qd6 Qxd6 exd6 Rd8 b6 Rxd6 b7 Rb6,C65
2025-11-12,j25KVlWQ,bullet,11:25,942,936,-6,loss,-1,black,897,hakanakcakmak907,-39,28,e4 e5 d4 exd4 c3 Nc6 Bc4 dxc3 Nh3 c2 Qxc2 Nd4 Qc3 c5 O-O d6 Bf4 Ne2+ Bxe2 Bxh3 gxh3 Qh4 Bg3 Qxe4 Bf3 Qf5 Re1+ Be7 Nd2 Nf6 Be4 Qg5 Bxb7 Rb8 Bc6+ Nd7 Nf3 Qg6 Bxd7+ Kxd7 Re3 Rhe8 Rae1 Bf6 Qa3 Be5 Qxa7+ Kc8 Nxe5 dxe5 Rxe5 Rxe5 Rxe5 Qb1+ Kg2 Qxb2 Rxc5+,C21
2025-11-12,mETiNBEH,bullet,11:30,936,929,-7,loss,-1,black,839,PabloMCastro,-90,26,d4 d5 Nc3 e6 g3 Bb4 Bg2 Nf6 Nf3 Nc6 e3 O-O Bd2 Bxc3 Bxc3 b6 Qe2 a6 O-O-O Ne4 Ne5 Nxc3 bxc3 Nxe5 dxe5 c5 c4 Bb7 cxd5 exd5 Bxd5 Bxd5 e4 Qg5+ f4 Qe7 exd5 a5 d6 Qe6 Qb5 Qxa2 Qxb6 Rab8 Qxb8 Rxb8 d7 Rb1+ Kd2 Qd5+ Ke2 Rxd1 Rxd1,D00
2025-11-12,6Dl0LEGa,bullet,12:01,929,925,-4,loss,-1,white,1036,pozarzar,111,34,e4 e5 Nf3 d6 Bc4 Be6 Bxe6 fxe6 d3 h6 Nfd2 Nf6 Nc4 Nh7 Qh5+ Kd7 Qf7+ Qe7 Qh5 Nf6 Qe2 b5 Na5 Nc6 Nxc6 Kxc6 Be3 a6 O-O g5 Nd2 h5 h3 g4 h4 Bh6 Bxh6 Rxh6 Nb3 Rg8 g3 Nd7 Qe3 Nc5 Qxh6 Nxb3 axb3 Qf7 Rxa6+ Kb7 Ra5 Kb6 b4 Qf3 Qe3+ Kc6 Ra6+ Kd7 Qb6 cxb6 Rxb6 Kc7 Rxb5 Kc6 Ra5 Qe2 b5+ Kb6,C41
2025-11-12,iWLT6mim,bullet,18:52,925,928,3,win,1,white,770,AHYT555,-158,32,e4 d5 e5 Bf5 d4 Nc6 Bb5 Qd7 h3 a6 Bxc6 Qxc6 Nc3 f6 Nf3 fxe5 Nxe5 Qe6 O-O Nf6 Bg5 O-O-O Bxf6 gxf6 Nf3 Rg8 Nh4 Bxh3 Re1 Rxg2+ Nxg2 Bxg2 Rxe6 Bh6 Kxg2 Rg8+ Kf3 Rg5 Rxe7 Rf5+ Ke2 Bf4 Rxh7 b5 Rh8+ Kb7 Rd8 c6 Kf1 Kb6 b3 b4 Ne2 Bg5 Rb8+ Ka5 Qd3 Rxf2+ Kxf2 Bh4+ Kf3 Bg5 a4 Bh4 Ra8,B01
2025-11-12,LgUiyUdC,bullet,20:01,928,920,-8,loss,-1,black,777,zakhar_76,-143,36,e4 e5 Qh5 Nc6 Nf3 Nf6 Qh3 d6 Qg3 Nxe4 Qh4 Qxh4 Nxh4 Be7 g3 Bxh4 gxh4 Bg4 Bg2 Nxf2 Kxf2 Nd4 Na3 c6 c3 Ne2 Re1 Nf4 Re4 Bh3 Bxh3 Nxh3+ Kg3 Nf4 d4 O-O dxe5 Ng6 exd6 Rad8 Nc4 b5 Bd2 bxc4 Bg5 Rxd6 Be7 Re6 Bxf8 Nxf8 Rxe6 Nxe6 Kh3 Nf4+ Kg4 Ne2 Kf5 g6+ Ke4 f5+ Kf3 Nxc3 Kf2 Ne4+ Kf3 Kf7 Ke3 Kf6 Kd4 Nd6 Re1 a5 Re5,C20
2025-11-12,vsdgpBTM,bullet,23:52,920,926,6,win,1,white,885,Craigisbad,-41,24,e4 c6 Nf3 d5 e5 Bf5 d4 e6 Nc3 c5 Be3 Nc6 Bb5 Be7 O-O Qb6 h3 h5 Qe2 Nh6 Na4 Qa5 b3 O-O Bxc6 bxc6 dxc5 Be4 Bd2 Bxf3 gxf3 Bxc5 Bxa5 Rab8 Nxc5 Rb5 Qe3 Rxa5 a4 Rb8 Nd7 Rb7 Nc5 Rb4 Nd3 Nf5 Qg5 Rd4 Qxh5,B12
2025-11-13,MgF5rAJs,bullet,10:57,926,921,-5,loss,-1,black,967,GeneralGdals,46,32,e4 e5 Nf3 Nc6 Nc3 f6 d4 Bb4 dxe5 fxe5 Bd2 Bxc3 Bxc3 d6 Qd2 Nf6 O-O-O h6 Bd3 Bg4 Be2 Bxf3 Bxf3 Qe7 g3 O-O-O h3 g5 Bg4+ Kb8 f4 Nxe4 Qe3 Nf6 fxe5 Nxg4 hxg4 Rhe8 Rxh6 Nxe5 Bxe5 Qxe5 Qxe5 Rxe5 Kd2 a5 Kd3 b5 b3 c5 c4 b4 Kd2 Kc7 Kc2 Rg8 Rh7+ Kc6 Ra7 Kb6 Rd7 Kc6 R1xd6#,C46
2025-11-13,fQ85btgJ,bullet,11:34,921,928,7,win,1,black,1052,Jm44era,124,11,e4 e5 Bc4 Nf6 Nf3 Nc6 Ng5 d5 exd5 Na5 Bb3 Nxb3 axb3 Qxd5 c4 Qxg2 d4 Qxh1+ Ke2 Bg4+ Nf3 Bxf3+,C58
2025-11-13,4z4mTyaI,bullet,11:59,928,933,5,win,1,white,870,Tigin5434,-63,26,e4 e5 Nf3 Nc6 Bb5 Nf6 d3 Bb4+ Bd2 Bd6 a3 O-O Bxc6 dxc6 Nc3 Bc5 h3 h6 O-O g5 Nxe5 b5 Nxc6 Qd6 Nxa7 Qd4 Ncxb5 Qxf2+ Rxf2 Bxf2+ Kxf2 Rb8 Nxc7 Rxb2 Bc3 Rb7 Bxf6 Rxc7 Nb5 Rd7 d4 Ba6 a4 Bb7 e5 Be4 c3 Bh7 Qh5 Rfd8 Qxh6 Re8 Qg7#,C65
2025-11-13,6uDcWkc8,bullet,19:35,933,939,6,win,1,black,912,zekoveet,-27,33,d4 d5 Nc3 e6 Bf4 Bb4 Qd2 Nf6 a3 Bxc3 Qxc3 Ne4 Qxc7 Qxc7 Bxc7 Nc6 f3 Nf6 O-O-O O-O Nh3 Ne8 e3 Nxc7 Bd3 e5 Ng5 g6 h4 exd4 e4 Ne5 h5 f6 Nh3 Nxd3+ Rxd3 dxe4 fxe4 f5 hxg6 hxg6 Ng5 fxe4 Rxd4 e3 Re1 Re8 Ne4 Bf5 Nf6+ Kf7 Nxe8 Rxe8 Rf4 Ne6 Rff1 Nc5 g4 Ne4 gxf5 Nf2 Re2 gxf5 Rg1 f4,D01
2025-11-14,ubcWTgIf,bullet,16:19,939,933,-6,loss,-1,white,939,xhobax44,6,21,e4 c5 Nf3 Nc6 Bb5 e5 c3 Bd6 Bxc6 dxc6 h3 Nf6 d3 O-O Bg5 h6 Bxf6 Qxf6 Nbd2 Be6 b3 a5 O-O b5 Qe2 c4 d4 Bd7 dxe5 Bxe5 bxc4 Bxc3 Rad1 Be6 e5 Qf5 Ne4 Bxe5 Nc5 Bxc4 Nd7 Bxe2,B30
2025-11-14,miB2fDCr,bullet,16:25,933,940,7,win,1,white,990,FlyingDutchman87,50,22,e4 b5 Bxb5 a6 Bc4 Bb7 d3 Nc6 a3 Rb8 Nf3 e5 Nc3 Nd4 Nxd4 exd4 Nd5 Bc5 Qf3 Nf6 Nf4 g5 Nh5 d5 Nxf6+ Kf8 Bxd5 Bxd5 Nxd5 Qd7 Nf6 Qe6 Bxg5 Rg8 Bh6+ Ke7 Nxg8+ Kd7 Nf6+ Kc6 b4 Bxb4+ Ke2,B00
2025-11-14,mCgb0mqA,bullet,19:41,940,944,4,win,1,white,856,mohamedjamal73,-88,18,e4 Nf6 e5 Nd5 d4 d6 c4 Nb6 c5 dxc5 Be3 cxd4 Bxd4 Nc6 Bb5 a6 Bxc6+ bxc6 Nf3 c5 e6 cxd4 exf7+ Kxf7 Ne5+ Ke8 Qh5+ g6 Nxg6 Rg8 Ne5+ Rg6 Nxg6 Be6 Ne5+ Bf7 Qxf7#,B03
2025-11-15,69NeQ9Ku,bullet,13:19,944,949,5,win,1,black,930,Juancicito,-19,18,d4 d5 e4 e6 Bb5+ Bd7 Na3 a6 b4 axb5 c4 c6 Nxb5 cxb5 cxb5 Bxb5 e5 Nc6 Qh5 Nxb4 Qh3 Nc2+ Kd1 Nxa1 a4 Bxa4+ Ke1 Qa5+ Kf1 Bb5+ Ne2 Nc2 Bg5 Qa1+ Bc1 Qxc1#,C00
2025-11-15,UZchBqGt,bullet,13:27,949,945,-4,loss,-1,white,1003,Grey721,58,25,e4 e5 Nf3 Nf6 Nxe5 d6 Nxf7 Kxf7 Bc4+ Be6 Bxe6+ Kxe6 Qf3 Ke7 O-O Ke8 d4 Be7 Bg5 Rf8 Nc3 h6 Bxf6 Bxf6 Qh5+ Ke7 e5 dxe5 dxe5 Bxe5 Qxe5+ Kf7 Rad1 Qf6 Qxc7+ Kg8 Nd5 Qf7 Ne7+ Kh8 Qc5 Na6 Qa3 Rfe8 Rd7 Qc4 Ng6+ Kh7 Qg3 Qxc2,C42
2025-11-15,21uW6hVu,bullet,15:23,945,939,-6,loss,-1,black,984,Weg1232323,45,30,e4 e5 Nf3 Nc6 Bc4 Nf6 O-O Bc5 Nc3 d6 Nd5 Nxd5 exd5 Ne7 c3 Bg4 d3 O-O b4 Bb6 a4 a6 a5 Ba7 b5 h6 b6 cxb6 axb6 Qxb6 Be3 Qb2 Bxa7 Rxa7 Ra4 Qxc3 Ba2 b5 Rxg4 Nf5 Nh4 Nd4 Re1 Qb2 Bb1 a5 Re3 a4 Reg3 Ne2+ Kh1 Nxg3+ hxg3 Qxf2 Nf5 Qxf5 d4 Qf6 Qd3 Rc7 Qh7#,C55
2025-11-15,A3WKP0HG,bullet,21:14,939,935,-4,loss,-1,black,1002,Kingdingdong2,67,32,e4 e5 Bc4 Nc6 c3 Nf6 d3 h6 h3 d6 Nf3 Be7 Be3 a6 a4 Na5 Ba2 c5 b4 Nc6 Bd5 Nxd5 exd5 Na5 bxa5 Qxa5 O-O Bf5 Bd2 c4 dxc4 Qc5 Qb3 b6 Na3 e4 Bf4 exf3 gxf3 Bxh3 Rfe1 Kd7 Be3 Qc7 Qxb6 Qxb6 Bxb6 Bh4 Rab1 Rab8 Be3 Rxb1 Rxb1 Re8 Rb7+ Kc8 Rxf7 Bf6 Kh2 Bf5 Bd4 Bxd4 cxd4 Bd7 c5,C23
2025-11-15,EaQ9eyzm,bullet,21:19,935,942,7,win,1,white,1051,mattesa,109,26,e4 e5 d4 d6 d5 Nf6 Nc3 Be7 Bg5 O-O Bxf6 Bxf6 h3 Bd7 Nf3 Qe8 Bd3 a6 a4 b6 b4 a5 b5 c6 bxc6 Bc8 Nb5 Qe7 c4 Ba6 Nc3 Qc7 O-O Bc8 Ne2 Na6 Ng3 Nc5 Bc2 h6 Nh5 Bg5 Nxg5 hxg5 Nf6+ gxf6 Qh5 Kg7 g3 Rh8 Qf3,B07
2025-11-15,L9zZgdep,bullet,21:25,942,936,-6,loss,-1,black,910,sekretss01,-26,30,e4 e5 Nc3 Bb4 d4 Nc6 Bd2 Bxc3 Bxc3 d6 d5 Nce7 Nf3 Nf6 Ng5 h6 Nxf7 Kxf7 Qf3 Bg4 Qg3 Qd7 Bd3 Ng6 O-O Nf4 f3 Nh3+ gxh3 Bxh3 Rf2 Nh5 Qh4 Rhf8 Raf1 Kg8 f4 Nxf4 Bb5 Qg4+ Qxg4 Bxg4 Rxf4 exf4 e5 f3 exd6 cxd6 Bd3 Bh3 Rf2 Rf4 Kh1 Raf8 a4 Re8 b3 Re1+ Bxe1,C25
2025-11-15,UwxfgOVt,bullet,21:32,936,942,6,win,1,white,944,Kriptonov,2,28,e4 e6 d4 d5 e5 c5 Nf3 Nc6 Bb5 Qb6 Bxc6+ bxc6 c3 cxd4 cxd4 Bb4+ Bd2 Ne7 O-O O-O Bxb4 Qxb4 Qc2 Ba6 Ng5 g6 Re1 Qxd4 Nc3 Nf5 Nf3 Qb6 Na4 Qb5 Nc5 Rfe8 Nd7 Qb7 Nf6+ Kf8 Ng5 Reb8 Ngxh7+ Kg7 Ng5 Qxb2 Qd1 Qb5 Qc2 Kh6 Nxf7+ Kg7 Nd6 Qd3 Nxf5+,C02
2025-11-15,T0Jpjeu4,bullet,21:37,942,936,-6,loss,-1,black,934,jhnlll,-2,30,d4 d5 Nf3 Bg4 Nc3 Bxf3 exf3 e6 Bf4 Bb4 a3 Bxc3+ bxc3 Nf6 Bd3 Nc6 Qe2 a6 h4 b5 Bg5 h6 Bxf6 Qxf6 O-O Qxh4 a4 O-O axb5 axb5 Rxa8 Rxa8 Bxb5 Ne7 Qe3 c6 Bd3 Re8 f4 Ng6 Qg3 Qf6 Bxg6 fxg6 f3 g5 fxg5 hxg5 Qg4 e5 dxe5 Rxe5 Qd4 Qf5 Qc5 Qxc2 Qxc6 Re2 Qxd5+ Kh7 Qxg5,D02
2025-11-16,gAUAnJSO,bullet,10:48,936,942,6,win,1,white,908,bigimbap,-34,36,e4 e5 Nf3 Qf6 Bc4 Bc5 d3 h6 O-O d6 Nc3 c6 Be3 Bxe3 fxe3 b5 Nd4 bxc4 Rxf6 Nxf6 Nf3 O-O d4 Rd8 d5 cxd5 exd5 Bg4 e4 Na6 Qf1 Bd7 Qxc4 Rac8 Qxa6 Ne8 Qxa7 f6 Qf2 Rb8 b3 Rdc8 Nd1 Bb5 c4 Ba6 Ne3 Nc7 Nf5 Ne8 Qg3 g5 Nxh6+ Kf8 Ng4 Ng7 Nxf6 Kf7 Qxg5 Rg8 Qh4 Rh8 Qg3 Rh6 Ng4 Rg6 Nh4 Nh5 Rf1+ Kg7 Nf5+,C40
2025-11-16,FikClxTp,bullet,10:57,942,936,-6,loss,-1,white,956,kamelof,20,24,e4 c5 Nf3 d6 d4 cxd4 Nxd4 Nf6 Nc3 a6 a3 e6 Bg5 Be7 Bxf6 Bxf6 Bc4 O-O Nce2 Qc7 b3 b5 Bd3 Nd7 O-O Nc5 Rc1 Bb7 c3 Nxe4 Bxe4 Bxe4 Ng3 Bb7 Nf3 Rac8 c4 bxc4 bxc4 Ba8 Ne4 Bb2 Rc2 Bxa3 c5 dxc5 Nd6 Rcd8,B90
2025-11-16,mLVbJHI4,bullet,11:04,936,943,7,win,1,black,986,HabibLPG,43,36,e4 e5 f3 Nc6 d3 a6 Bd2 Nf6 Be2 Bc5 Nh3 d6 g4 h6 Rg1 Nh7 c4 Bxg1 Nxg1 Qh4+ Kf1 Qxh2 Qe1 Nd4 Qf2 Qh1 Na3 Nxe2 Qxe2 Qh4 Be1 Qf6 Rb1 Ng5 Qh2 Nxf3 Nxf3 Qxf3+ Qf2 Qxg4 Rc1 Qh3+ Qg2 Qxg2+ Kxg2 Bg4 Kg3 h5 Kh4 f6 Bd2 g5+ Bxg5 fxg5+ Kxg5 O-O-O Rh1 Rdg8+ Kh4 Be2 Nc2 Bxd3 Ne1 Rg4+ Kh3 Bxe4 Rf1 Kd7 Rf5 Bxf5 Nf3 Rxc4+,C20
2025-11-16,GPRGJlip,bullet,11:17,943,949,6,win,1,black,946,Hayk_Melikyan1,-3,17,e4 e5 Nf3 Nc6 d4 Bd6 d5 Nb4 a3 Nxc2+ Qxc2 a6 Nc3 b5 a4 b4 Ne2 a5 Bd2 Ba6 Ng3 Bxf1 Rxf1 Nf6 O-O-O Rc8 Nf5 O-O Rfe1 g6 Bh6 Re8 N5h4 c5,C44
2025-11-16,rJd9oE89,bullet,20:46,949,956,7,win,1,white,1072,CB1903,116,46,e4 e6 d4 d5 e5 c6 a3 Qb6 Nc3 Qd8 Nf3 f5 Bg5 Be7 Bf4 g5 Be3 g4 Nd2 h5 g3 Bg5 Bf4 Be7 Qe2 Na6 Bg2 h4 Nf1 h3 Bxd5 cxd5 Qb5+ Bd7 Qxb7 Nc7 Ne3 Qb8 Qxb8+ Rxb8 b4 Nb5 Nxb5 Bxb5 c3 Rc8 O-O-O Rxc3+ Nc2 Ba4 Rd2 Nh6 Re1 Nf7 Re3 Rxe3 Bxe3 Bxc2 Rxc2 Nd8 Rc7 O-O Rxe7 Nf7 Rxe6 Rc8+ Kd2 Rc7 Rf6 Nd8 Rxf5 Rf7 Rg5+ Rg7 Rxg7+ Kxg7 Bg5 Ne6 Be3 Nc7 a4 Na6 b5 Nb4 a5 Na2 b6 Nb4 bxa7 Nc6 a8=Q Ne7 Qb7,C02
2025-11-17,4epFjXNo,bullet,13:34,956,961,5,win,1,black,908,sercinhoyamanski,-53,39,e4 e5 Nc3 Nf6 Nf3 Nc6 d3 a6 Bg5 Be7 Nd5 Nxd5 exd5 Nd4 Bxe7 Qxe7 Nxd4 exd4+ Qe2 Qxe2+ Bxe2 d6 O-O O-O Rae1 c5 dxc6 bxc6 Bf3 d5 c4 Rb8 b3 Be6 Re5 h6 cxd5 Rb5 Rfe1 cxd5 Rc1 a5 Rc6 Rd8 h3 Bd7 Rd6 f6 Re7 Kf8 Rexd7 Rxd7 Rxd7 Rc5 Rxd5 Rc1+ Kh2 Rc2 Rxa5 g5 Kg3 Kg7 a4 Rc3 b4 Rxd3 b5 Ra3 b6 d3 b7 d2 b8=Q d1=Q Qc7+ Kg6 Ra8 Rxf3+,C47
2025-11-17,HB2BRrQL,bullet,13:58,961,967,6,win,1,white,958,Ariskpo,-9,16,e4 d6 d4 Nd7 Nc3 h6 Nf3 g6 h3 Bg7 Bc4 e5 d5 Ne7 Be3 O-O Ne2 f5 Ng3 f4 Bxf4 exf4 Ne2 Bxb2 Rb1 Be5 Nh4 Nxd5 Nxg6 Kg7 Nxf8,B00
2025-11-17,I4nGqYaV,blitz,14:05,1232,1226,-6,loss,-1,black,1283,sakib403,57,14,e4 e5 Nc3 Nf6 f4 Nc6 fxe5 Nxe5 d4 Ng6 e5 Ng8 Nf3 h6 Bc4 a6 O-O d5 Nxd5 Bg4 h3 Bxf3 Qxf3 Qd7 e6 Qe7 Nxe7,C29
2025-11-17,230sZGzn,bullet,14:31,967,962,-5,loss,-1,white,1003,Zebbe-zebra,41,33,e4 e5 Nf3 Nc6 Bb5 Bc5 Bxc6 dxc6 O-O Bg4 d3 Nf6 h3 Bh5 g4 Bg6 Nxe5 Qd6 Nxg6 hxg6 Qf3 O-O-O Bf4 Qe6 Bg5 Rh7 Bxf6 gxf6 Nc3 Rdh8 Kg2 Rxh3 Qxh3 Rxh3 Kxh3 b6 f4 Bd6 f5 gxf5 gxf5 Qe8 Rg1 Qh8+ Kg2 Qh2+ Kf3 Qxc2 Rg8+ Kb7 Rh1 Qxb2 Ne2 Qxa2 Rh7 Qd2 Rxf7 Qxd3+ Kf2 Bc5+ Kf1 Qd1+ Kg2 Qxe2+ Kh3 Qxe4,C64
2025-11-17,bFkzIN9F,bullet,14:55,962,956,-6,loss,-1,black,943,daintygoose,-13,26,e4 e5 Nf3 Nc6 d4 exd4 Nxd4 Nxd4 Qxd4 Nf6 e5 Qe7 f4 c5 Qa4 Nd5 Nc3 Nxc3 bxc3 a6 c4 Qh4+ g3 Qg4 Be2 Qf5 Bd3 Qe6 O-O Be7 Re1 O-O f5 Qc6 Qb3 b5 cxb5 axb5 Bxb5 Qb6 e6 c4+ Be3 cxb3 Bxb6 bxc2 exd7 Bxd7 Bxd7 Ba3 Be3,C44
2025-11-19,9wT3cPxM,bullet,09:48,956,951,-5,loss,-1,white,999,alinakamalova,48,45,e4 e5 Nf3 g6 d3 Bg7 Nc3 Nh6 Bxh6 Bxh6 h3 O-O Nxe5 d6 Nf3 c6 d4 Kg7 Bc4 b5 Bd3 d5 e5 Re8 O-O g5 Ne2 g4 Nh4 gxh3 Nf5+ Bxf5 Bxf5 Qg5 Ng3 Qh4 Nh5+ Kh8 Qg4 h2+ Kh1 Qxg4 Bxg4 Bf4 Nf6 Rf8 Bf5 Na6 g3 Bxg3 fxg3 Nb4 Kxh2 Nxc2 Bxc2 Rad8 Kh3 c5 Rad1 cxd4 Rxd4 a6 g4 h6 Kh4 Kg7 Kh5 Rc8 Rg1 Rxc2 g5 hxg5 Rxg5+ Kh8 Kh6 Rh2+ Nh5 a5 Rxd5 b4 Rd7 b3 Re7 bxa2 Rxf7 Rxf7 Kg6 a1=Q Kxf7 Qxb2,C40
2025-11-19,3bCYaEG2,bullet,09:57,951,956,5,win,1,black,886,enesclbi,-70,27,e4 e5 Nf3 Nc6 Bc4 Nf6 Nc3 Bc5 d3 d6 Ng5 O-O Nxf7 Rxf7 Bxf7+ Kxf7 Nd5 Nxd5 exd5 Nd4 c3 Nf5 O-O Qh4 g3 Nxg3 hxg3 Qf6 d4 Bb6 f4 exd4 cxd4 Bxd4+ Kh1 Qh6+ Kg2 Qh3+ Kf3 Bg4+ Ke4 Bxd1 Rxd1 Bc5 f5 Qxg3 Rh1 Qg2+ Kd3 Qxh1 f6 Qf1+ Kc2 Qxf6,C50
2025-11-19,vXTkRkSa,bullet,10:11,956,949,-7,loss,-1,black,898,YchIeye,-51,44,e4 e5 Bc4 Nf6 Nc3 Bb4 d3 d6 Nf3 Bg4 O-O Bxc3 bxc3 Nc6 Bb3 a6 Qe1 Bxf3 gxf3 O-O Kh1 Ne7 Rg1 h6 Bxh6 Ng6 Bg5 Qd7 Bxf6 gxf6 Qe3 Qh3 Rg3 Qh4 Rag1 Kg7 d4 Rh8 R3g2 Rh6 f4 exf4 Qf3 Rah8 Rf1 Qxh2+ Rxh2 Rxh2+ Kg1 Rh1+ Qxh1 Rxh1+ Kxh1 Nh4 Rg1+ Kf8 Rg4 Ng6 c4 Ke7 c3 c6 Bc2 b6 e5 fxe5 Bxg6 fxg6 Rxg6 e4 Rg4 e3 fxe3 fxe3 Re4+ Kf6 Rxe3 Kf5 Re1 c5 dxc5 bxc5 a4 Kf4 a5 Kf5 Re8 Kf6 Ra8,C26
2025-11-19,TQh0846W,bullet,10:17,949,954,5,win,1,white,921,Francescoportas,-33,18,e4 e5 Nf3 Nc6 Bb5 a6 Bxc6 Ne7 Ba4 Nd5 exd5 b5 Bb3 h6 O-O Bc5 d4 Bb6 Nxe5 Bxd4 Qxd4 O-O d6 cxd6 Qxd6 Ra7 Bxh6 Bb7 Bxg7 Kxg7 Ng4 Qg5 Qd4+ Kg8 Nf6+ Kg7 Ne4+,C68
2025-11-19,gQBjeeUR,bullet,17:11,954,960,6,win,1,black,952,Shivaram2023,-8,14,e4 e5 Qf3 Nc6 Bc4 Nf6 Nh3 Nd4 Qc3 Bc5 Ng5 O-O Bb3 d6 Qc4 Nxb3 axb3 Bxf2+ Kxf2 Ng4+ Ke1 Qxg5 d4 Qxc1+ Ke2 Qe3+ Kd1 Nf2#,C20
2025-11-19,FpMnPZlN,bullet,17:17,960,954,-6,loss,-1,white,938,The_Beggar,-16,21,e4 Nf6 e5 Nd5 d4 d6 Bc4 e6 Nf3 Nc6 Bxd5 exd5 Nc3 Be6 h3 Be7 O-O dxe5 Nxe5 Nxe5 dxe5 Bc5 Bf4 d4 Nb5 O-O b3 a6 Nxc7 Qxc7 c4 dxc3 Rc1 Rad8 Qf3 Bb6 Rfe1 c2 Qg3 Bf5 Bh6 g6,B03
2025-11-19,97pP7ujm,bullet,17:22,954,960,6,win,1,white,952,Kajo61,-8,26,e4 d6 d4 e6 Nc3 Be7 h3 Nf6 Bf4 e5 dxe5 dxe5 Qxd8+ Bxd8 Bxe5 O-O Bd3 Be6 Bxf6 Bxf6 Nf3 Nc6 O-O Bxc3 bxc3 Rad8 Rab1 f5 a3 fxe4 Bxe4 Bd5 Bxd5+ Rxd5 Rxb7 h6 Rxc7 Ne5 Nxe5 Rxe5 c4 Re2 Rc1 Rexf2 c5 R8f6 c6 Rg6 Rc8+ Kh7 Kxf2 h5 c7,C00
2025-11-20,9QhvcJOU,bullet,13:47,960,964,4,win,1,black,857,ahmad982hamdan,-107,23,e4 e5 Bc4 Nc6 Nf3 Nf6 d4 exd4 Nxd4 Nxd4 Qxd4 b6 Bg5 Be7 Bxf6 Bxf6 Qd5 O-O Qxa8 Bxb2 Bxf7+ Rxf7 O-O Bxa1 Nd2 Be5 Qxa7 c5 Nc4 Bc7 e5 Rf4 e6 Rxc4 Re1 Bxh2+ Kxh2 dxe6 Qb8 Rxc2 Rxe6 Qh4+ Kg1 Rc1+ Re1 Rxe1#,C44
2025-11-20,OnzrAeOz,bullet,13:51,964,967,3,win,1,white,840,ahmad982hamdan,-127,24,e4 e5 Nf3 Bc5 Bc4 Nf6 d3 d5 exd5 O-O Nc3 Ng4 O-O Qh4 Nxh4 c6 Nf3 Na6 Bxa6 bxa6 dxc6 Be6 Ne4 Bb6 c4 Rac8 Nxe5 Rxc6 Nxc6 Bf5 Ne7+ Kh8 Nxf5 g6 Qxg4 gxf5 Qxf5 Bd4 Rb1 h6 Bxh6 Rg8 Nf6 Bxf6 Qxf6+ Rg7 Qxg7#,C40
2025-11-20,2G8hGkzX,blitz,14:23,1226,1220,-6,loss,-1,black,1201,malbs84,-19,28,e4 e5 Nf3 Nc6 Bc4 Nf6 d3 Bc5 O-O d6 c3 a6 b4 Ba7 Re1 O-O Nbd2 Bg4 h3 Bxf3 Nxf3 Ne7 a4 c6 Bg5 Ng6 Ra2 d5 Bb3 Qd6 Rae2 Nh5 g4 Nhf4 Re3 Nxh3+ Kg2 Ngf4+ Bxf4 Nxf4+ Kg3 Qg6 exd5 Bxe3 Rxe3 Qh6 Qf1 cxd5 Nxe5 Rae8 d4 Kh8 Nxf7+ Rxf7 Rxe8+,C54
2025-11-20,PWuOksYM,blitz,17:48,1220,1213,-7,loss,-1,white,1216,darshangajipara,3,4,e4 g5 d4 g4 Qxg4 d5 e5 Bxg4,B00
2025-11-21,ET0gaXzE,blitz,18:52,1213,1219,6,win,1,white,1188,alirezash63,-31,26,e4 e6 d4 d5 e5 Nc6 Nf3 Bb4+ Bd2 Bxd2+ Qxd2 Qe7 Bb5 Bd7 Bxc6 Bxc6 a3 O-O-O Qa5 Kb8 O-O b6 Qa6 Qd7 Qd3 Bb5 c4 Bxc4 Qc3 Bxf1 Kxf1 Qb5+ Ke1 Qa5 b4 Qa6 Nbd2 Ne7 Nb3 Nc6 a4 Qc8 b5 Ne7 a5 bxa5 Nxa5 Nf5 Nc6+ Ka8 Rxa7#,C02
2025-11-21,6RSnicHW,bullet,19:03,967,961,-6,loss,-1,white,944,jpzbchess83,-17,23,e4 b6 Nf3 Bb7 Ng5 e6 d4 h6 Nxf7 Kxf7 Qf3+ Nf6 d5 e5 Bc4 Kg8 Nc3 d6 h3 Na6 Bxa6 Bxa6 a3 Rc8 b4 c6 Be3 c5 b5 Bb7 a4 c4 O-O a5 Ne2 c3 Ng3 Rc4 Nf5 Rxe4 Bxh6 g6 Qg3 Qe8 Nxd6 Bxd6,B00
2025-11-21,OwTn32uD,blitz,20:01,1219,1224,5,win,1,black,1183,gbgrecu,-41,25,d4 d5 Bf4 e6 a3 g5 Bg3 f5 h4 f4 Bh2 Bd6 g3 Qf6 Qd3 Nc6 Nd2 Nxd4 hxg5 Qe5 gxf4 Nxc2+ Qxc2 Qd4 e3 Qb6 O-O-O Bd7 Kb1 Bxa3 Nb3 Bd6 Nf3 Ba4 Nfd4 O-O-O Rd3 Bb4 Qe2 Ne7 Nxe6 Qxe6 Rd4 Bxb3 Rxb4 Bc4 Qd1 Qe4+ Ka1 Qxh1,D00
2025-11-21,aPw0OAsu,bullet,20:46,961,961,0,draw,0,black,969,Youssef899,8,25,d4 d5 Nf3 e6 e3 a6 Be2 Nc6 O-O Nf6 b3 Bd6 Bb2 Ng4 Nbd2 h6 c4 O-O c5 Bxh2+ Nxh2 Qh4 Nxg4 e5 dxe5 Bxg4 Bxg4 Nxe5 f3 Nd3 Qc2 Nxb2 Qxb2 f5 Bxf5 Rae8 Bg4 Rxe3 Rae1 Rxe1 Rxe1 Qxe1+ Kh2 Qh4+ Kg1 Qe1+ Kh2 Qh4+ Kg1 Qe1+,D02
2025-11-21,KZs8bwfc,blitz,20:58,1224,1231,7,win,1,black,1230,zinzever,-1,29,e4 e5 Nf3 Nc6 Bb5 a6 Ba4 b5 Bb3 Bc5 O-O h6 c3 Nf6 d4 Ba7 dxe5 Ng4 Bf4 O-O h3 Bxf2+ Rxf2 Nxf2 Kxf2 d6 exd6 cxd6 Qxd6 Qxd6 Bxd6 Rd8 Bc7 Re8 Bd5 Bb7 Nbd2 Na5 Re1 Bxd5 exd5 Rxe1 Nxe1 Nb7 d6 Rc8 Ne4 f5 Ng3 g6 Nf3 Kf7 Nd4 Kf6 a4 Ke5 d7+ Rxc7,C70
2025-11-21,DnyMiIsM,bullet,21:28,961,956,-5,loss,-1,white,973,zulazmani,17,55,e4 a5 Nf3 d5 e5 f6 d4 Bg4 Be2 Bxf3 Bxf3 c6 Bf4 fxe5 Bxe5 Nd7 Nc3 Nxe5 dxe5 e6 Bg4 Bb4 Bxe6 Bxc3+ bxc3 Qe7 Bxg8 Qxe5+ Qe2 Qxe2+ Kxe2 Rxg8 Rhe1 O-O-O Kf1 Rge8 Rxe8 Rxe8 Rd1 b5 Rd4 Kc7 f4 Rb8 Kf2 b4 cxb4 axb4 Kf3 Kd6 g4 c5 Rd2 d4 Ke4 Ra8 f5 Rxa2 h4 b3 Rxd4+ cxd4 cxb3 Ra3 b4 Ra6 Kxd4 Rb6 Kc4 Ke5 Kc5 Rb8 b5 Kf4 g5 Kxf5 b6 Kg4 Kc6 Kxh4 Kc7 Rxb6 Kxb6 Kxg5 Kc5 h5 Kd4 Kg4 Ke3 g5 Kf2 h4 Kg2 h3+ Kh2 Kh4 Kg1 Kg3 Kh1 g4 Kg1 h2+ Kh1 Kf3 Kxh2 g3+ Kg1 g2 Kh2 Kf2,B00
2025-11-22,lHUHpZ5R,bullet,11:02,956,950,-6,loss,-1,white,991,MehmetHalimOzturk,41,39,e4 e5 Nf3 Nc6 Bb5 Nf6 d3 a6 Bxc6 dxc6 Bg5 h6 Bxf6 Qxf6 Nc3 Bb4 a3 Bxc3+ bxc3 b5 a4 O-O axb5 cxb5 c4 bxc4 dxc4 Rd8 Qe2 Bg4 O-O Rd7 Qe3 Rad8 c3 Rd3 Qc5 Bxf3 gxf3 Qg5+ Kh1 Rxf3 Rg1 Qd2 Rxg7+ Kxg7 Qxe5+ Kh7 Rf1 Rxf2 Rxf2 Qxf2 Qf5+ Qxf5 exf5 Rd1+ Kg2 Rc1 Kf3 Rxc3+ Ke4 Rxc4+ Ke5 a5 Kf6 a4 Kxf7 a3 f6 a2 Ke8 a1=Q f7 Rf4 f8=N+ Rxf8+ Kxf8 Qf6+,C65
2025-11-22,wjJNuK9D,bullet,11:11,950,946,-4,loss,-1,black,1016,lorenz_11,70,38,d4 d5 Bf4 Nc6 Nf3 a6 e3 Bf5 c4 e6 Nc3 Bb4 Be2 Bxc3+ bxc3 Be4 cxd5 Bxd5 c4 Bxf3 Bxf3 Na5 Qa4+ Nc6 Bxc6+ bxc6 Qxc6+ Ke7 Qc5+ Ke8 Bxc7 Qd7 Qa5 Rc8 Bb6 Ne7 c5 Nc6 Qxa6 Nb4 Qc4 Nc6 O-O f6 a4 Kf7 a5 Ra8 a6 Rhc8 a7 Nxa7 Bxa7 Rxa7 Rxa7 Qxa7 Rb1 Qd7 Qb5 Qxb5 Rxb5 Kg6 g3 e5 d5 e4 d6 f5 d7 Rd8 c6 Kf7 c7 Rxd7 c8=Q Rd1+ Kg2,D00
2025-11-22,QVw0sCQ3,bullet,12:14,946,953,7,win,1,white,1038,arnekke,85,26,e4 e6 Nf3 d5 e5 c5 d4 Nc6 Bb5 Ne7 Bg5 Qa5+ Nc3 a6 Bxc6+ Nxc6 O-O Be7 Bxe7 Nxe7 a3 O-O Qd3 c4 Qd2 Qd8 Qe3 Ng6 Ne2 Nh4 c3 Nxf3+ Qxf3 f6 Qg3 Qe8 Nf4 Bd7 Rae1 Ba4 Re3 Bc2 Qg4 Bf5 Qh4 g5 Rg3 Kh8 Qh6 gxf4 Qg7#,C02
2025-11-22,6nASQdM5,bullet,13:27,953,959,6,win,1,black,959,sexinstructor,0,29,d4 d5 Bf4 Nc6 e3 a6 Nf3 Nf6 Bd3 Bg4 Nbd2 e6 h3 Bxf3 Nxf3 h6 Ne5 g5 Bh2 Bd6 h4 Bxe5 dxe5 Nd7 f4 f6 Qh5+ Ke7 hxg5 Qe8 Qg4 f5 Qf3 hxg5 O-O-O Qg6 Bg3 g4 Qe2 Rxh1 Rxh1 Rg8 Rh4 Nd8 Qf1 Nf7 Qh1 b5 c3 c5 Kd2 c4 Bc2 a5 b3 Nf8 bxc4 bxc4,D00
2025-11-22,NepC0MWd,bullet,13:38,959,963,4,win,1,white,881,IvanFomin2010,-82,16,e4 e5 Nf3 Nf6 d3 Nc6 Bg5 Be7 Nc3 d5 Bxf6 Bxf6 Nxd5 Nd4 Nxd4 exd4 Be2 c6 Nf4 g5 Nh5 c5 Bg4 Bxg4 Qxg4 Qe7 Qf5 Qe6 Qxc5 Qc6 Qxc6+ bxc6 Nxf6+,C42
2025-11-22,43EV9YVJ,bullet,13:47,963,958,-5,loss,-1,white,970,elbek0001,12,26,e4 e5 Nf3 Nc6 Bb5 a6 Bxc6 dxc6 d3 Bd6 h3 Nf6 Nc3 O-O Bg5 h6 Bxf6 Qxf6 a3 Be6 Ne2 Rfd8 c4 b5 Qc2 bxc4 dxc4 Rdb8 c5 Be7 Ng3 Rb5 b4 a5 O-O axb4 axb4 Rxa1 Rxa1 Rxb4 Ra8+ Kh7 Nh5 Qg6 g4 Rc4 Qb2 Qxe4 Nxe5 Qe1+ Kg2 Bd5+,C68
2025-11-22,0dUfiOYk,bullet,15:28,958,963,5,win,1,black,895,abase4,-68,25,e4 e5 Nf3 Nc6 Bc4 Nf6 d3 Bc5 O-O d6 c3 a6 Ng5 O-O a3 d5 exd5 Na5 Ba2 Nxd5 b4 Bxf2+ Rxf2 Nc6 Bxd5 Qxd5 Qf3 Qxf3 Nxf3 Bg4 Nxe5 Nxe5 d4 Nd3 Rf1 Be2 Nd2 Bxf1 Nxf1 b5 Be3 c6 Rd1 Nb2 Rb1 Nc4 Re1 Rae8 Bf4 Rxe1,C54
2025-11-22,wW64aKG8,bullet,16:17,963,969,6,win,1,black,1007,nqiri,38,26,e4 e5 Nf3 Nc6 Bc4 Nf6 Ng5 d5 exd5 Na5 Bb3 Nxb3 axb3 Nxd5 d4 Nf4 g3 Qxg5 gxf4 Bb4+ c3 Bxc3+ bxc3 exf4 Qe2+ Be6 Na3 O-O Nc4 Bxc4 bxc4 Qg2 Qf1 Rae8+ Kd2 Qf3 Kc2 Re2+ Kb3 Rxf2 Qd3 Qxh1 Bxf4 Qxh2 Rf1 Rb2+ Ka4 Ra2+ Kb5 Qb2+ Kc5 Ra5#,C58
2025-11-23,eiKWFFay,bullet,16:52,969,975,6,win,1,black,980,LASSAADH,5,15,e4 e5 Nf3 Nc6 Bc4 Nf6 d3 Bc5 c3 d6 O-O O-O Bg5 h6 Bh4 a6 a4 Bg4 h3 Bxf3 Qxf3 Qe7 Nd2 Nd8 Nb3 Ne6 Nxc5 Nxc5 d4 Ncxe4,C54
2025-11-23,esNgUUu2,bullet,17:53,975,982,7,win,1,white,1007,saryleq1,25,56,e4 e5 Nf3 Nc6 Bb5 a6 Bxc6 dxc6 d3 Bg4 h3 Bxf3 Qxf3 Bb4+ c3 Bd6 Be3 Nf6 O-O O-O Nd2 c5 Bg5 b6 d4 cxd4 cxd4 exd4 Nc4 Be7 Bxf6 Bxf6 e5 Bxe5 Nxe5 Re8 Nxf7 Qf6 Qxf6 gxf6 Nh6+ Kg7 Nf5+ Kg6 Nxd4 Rad8 Nf3 c5 Rac1 Kf5 a3 Rc8 Nd2 Kf4 Nc4 b5 Nd6 Red8 Nxc8 Rxc8 b4 c4 g3+ Kf3 Rc3+ Ke2 Kg2 Kd2 Rf3 Ke2 Rxf6 h5 Rxa6 c3 Rd6 c2 Rc1 Rc3 Rd5 h4 g4 Rxa3 Rxb5 Rb3 Rxc2+ Kd1 Rcc5 Rxh3 Kxh3 Ke1 f4 Kf2 f5 Kg1 Kxh4 Kh2 g5 Kg2 g6 Kh1 g7 Kg2 g8=Q+ Kh1 f6 Kh2 Qg4 Kh1 Rc3 Kh2 Rh3#,C68
2025-11-23,tvaHnAfP,blitz,18:59,1231,1236,5,win,1,white,1177,Bakisus,-59,18,e4 e5 Nf3 Nc6 Bb5 f5 d3 a6 Bxc6 dxc6 Nxe5 Qe7 Nc4 fxe4 O-O b5 Na5 Nf6 Bg5 h6 Nxc6 Qd6 Bxf6 gxf6 Qh5+ Kd7 Na5 Rg8 Qf7+ Be7 Qxg8 Bb7 Qg4+ Kd8 Nxb7+,C63
2025-11-24,IrEGagXT,bullet,15:59,982,987,5,win,1,black,974,yash_gadhave_012,-13,42,e4 e5 Nf3 Nc6 d4 exd4 Nxd4 Nxd4 Qxd4 Nf6 Qe5+ Qe7 Qxc7 Qxe4+ Be3 Nd5 Nd2 Qxe3+ fxe3 Nxc7 O-O-O d5 Re1 Bf5 e4 dxe4 Bd3 Bb4 Bxe4 Bxd2+ Kxd2 O-O-O+ Kc1 Bxe4 Rxe4 Ne6 Rc4+ Kb8 Rd1 Rxd1+ Kxd1 Ng5 Rg4 h6 h4 Ne6 Re4 Rd8+ Ke2 Nc5 Rc4 b6 b4 Na4 b5 Nb2 Rf4 Re8+ Kd2 Rd8+ Kc1 Nd1 Rxf7 Nc3 Kb2 Nxb5 a4 Nd6 c4 Nxf7 a5 Ne5 c5 bxc5 Kb3 Rd4 Kc3 Nc6 Kb3 Nxa5+ Kc3 Kb7 Kc2 Kb6,C44
2025-11-24,q27c0Dur,bullet,20:21,987,995,8,win,1,white,1139,Aasaleh221,144,26,e4 c5 Nf3 d6 Bb5+ Nd7 d4 cxd4 Qxd4 e5 Qd1 Be7 Nc3 Nf6 Bg5 O-O Bxd7 a6 Bxc8 Qxc8 Bxf6 Bxf6 Nd5 Bd8 O-O Qe6 h3 f5 Ng5 Bxg5 Qh5 Bh6 Nc7 Qc4 Nxa8 Qxe4 Nc7 f4 Qg4 Qxc2 Rac1 Qxb2 Ne6 Qxa2 Nxf8 Kxf8 Qf5+ Ke7 Rc7+ Kd8 Qd7#,B51
2025-11-25,puyKWqxw,bullet,12:11,995,989,-6,loss,-1,black,968,Dzhun_Sergey,-21,30,e4 e5 Nf3 Nc6 Bc4 Nf6 d3 Bc5 Bg5 O-O Nc3 h6 Bxf6 Qxf6 Nd5 Qd8 O-O d6 c3 Bg4 h3 Bxf3 Qxf3 a6 b4 Ba7 a4 b6 b5 Ne7 bxa6 Nxd5 Bxd5 Rb8 d4 b5 dxe5 dxe5 Rfd1 Qe8 c4 b4 Rab1 c5 Qh5 Qxa4 Ra1 Qe8 Bb7 Qe7 Rd5 b3 Rxe5 Qd6 Rb1 b2 Rxb2 Qd1+ Kh2,C50
2025-11-26,OOwoY8IU,blitz,06:56,1236,1241,5,win,1,white,1213,dron2825,-28,31,e4 e5 Nf3 Nc6 Bb5 Nf6 d3 Bc5 Bg5 a6 Bxc6 bxc6 Nxe5 O-O Bxf6 Qxf6 Ng4 Qf4 O-O d5 Ne3 d4 g3 Qh6 Ng2 Qh3 Re1 Bg4 Qd2 Rae8 Nf4 Qh6 Na3 g5 Ng2 Qh3 Nc4 Bf3 Qxg5+ Kh8 Nh4 Be7 Qe5+ Kg8 Qf4 Bxh4 Qxf3 Bg5 e5 Kh8 Re4 Rg8 Rg4 f5 Qxf5 Ref8 Qe4 Bh6 Qxd4 Rxg4 Qd7 Rg7,C65
2025-11-26,08qilTUs,bullet,17:57,989,994,5,win,1,black,889,nileshpatel112930,-105,17,e4 e5 Qf3 Nc6 Bc4 Nf6 c3 Bc5 Ne2 d6 h3 a6 a4 O-O d3 Be6 Bxe6 fxe6 Qg3 Nh5 Qf3 Rxf3 gxf3 Qh4 Nd2 Qxf2+ Kd1 Ng3 Nxg3 Qxg3 Nf1 Qxf3+ Kc2 Qxh1,C20
2025-11-26,H3OXi7Ne,blitz,18:26,1241,1248,7,win,1,white,1268,Mahmoud_nabil123,20,64,e4 e5 Nf3 Nc6 Bb5 Nf6 d3 a6 Bxc6 dxc6 Nxe5 Qe7 Bf4 Nd7 Nf3 Nb6 Nc3 Bg4 O-O O-O-O Qe2 Qb4 Rab1 Bd6 Qe3 h6 e5 Bc5 Qe4 Qxe4 Nxe4 Be7 Nfd2 Nd5 Bg3 f6 d4 fxe5 Bxe5 Rhg8 c3 Bf5 a4 Bg5 Rfe1 Bxd2 Nxd2 Bxb1 Nxb1 Ne7 Na3 Ng6 Nc4 Rde8 g3 b5 Na5 Nxe5 dxe5 Re6 f4 Rge8 b3 g5 c4 gxf4 gxf4 Rg8+ Kf2 Rf6 Kf3 Rfg6 e6 Re8 f5 Rgg8 Nxc6 Rgf8 Kf4 Kb7 Nd4 b4 c5 c6 a5 Kc7 Ke5 Rd8 f6 Rg8 Kf5 Rxd4 f7 Rg5+ Kf6 Rf4+ Ke7 Rg7 Ke8 Rh7 f8=Q Rxf8+ Kxf8 Rh8+ Kg7 Re8 e7 Kd7 Kf7 Rb8 e8=Q+ Rxe8 Rxe8 Kc7 Re7+ Kd8 Ke6 Kc8 Kd6 Kd8 Ra7 Kc8 Rxa6 Kb8 Kxc6 Kc8 Ra8#,C65
2025-11-26,vqghA7CO,blitz,20:17,1248,1242,-6,loss,-1,white,1245,martinomad,3,31,e4 e5 Nf3 d6 h3 Nc6 Bb5 Bd7 Bxc6 Bxc6 d3 Nf6 Nc3 Be7 b3 Qd7 a4 O-O O-O b5 a5 d5 exd5 Nxd5 Nxe5 Qd6 Nxd5 Qxe5 Nxe7+ Qxe7 Re1 Qf6 Qg4 Qxa1 Bh6 Qxe1+ Kh2 Qe5+ f4 Qf6 Bg5 Qg6 f5 Qd6+ Bf4 Qe7 Bh6 Qf6 Bg5 Qd6+ Bf4 Qd4 h4 Rae8 h5 Re2 h6 Rxg2+ Kh3 Rxg4 Kxg4 gxh6,C41
2025-11-27,bP9guFFl,bullet,09:42,994,999,5,win,1,black,962,gala201082,-37,28,e4 e5 Nf3 Nc6 d4 f6 Be3 h6 Be2 Bb4+ c3 Ba5 b4 Bb6 c4 a6 c5 Ba7 b5 axb5 Bxb5 Nb4 Qb3 Nc6 Qd5 Nge7 Qc4 d5 exd5 Nxd5 Ba4 Be6 Bb3 Na5 Qb5+ Nc6 Qxb7 Nxe3 Qxc6+ Bd7 Qe4 Nxg2+ Kf1 Nf4 Qc2 Bh3+ Kg1 Bg2 Qc4 Qe7 dxe5 Bxf3 Qxf4 Bxh1 exf6 Qe1#,C44
2025-11-27,EGIqecu1,bullet,13:13,999,994,-5,loss,-1,black,1004,paulkin7,10,18,d4 d5 Bf4 Nc6 Nf3 a6 e3 Bg4 Bd3 f6 c3 g5 Bg3 h6 h3 Bxf3 Qxf3 e5 Bg6+ Ke7 dxe5 Bg7 exf6+ Bxf6 Nd2 Qd7 O-O-O Rf8 Bf5 Qd8 Nb3 Bxc3 bxc3 Nf6 Nc5 Ne4 Nxe4,D00
2025-11-27,nf3QnQKD,bullet,16:18,994,998,4,win,1,black,916,carol2868,-82,15,e4 e5 Nf3 Nc6 Bc4 Nf6 d3 Bc5 Bg5 O-O h3 d6 Nbd2 a6 O-O h6 Bh4 Be6 Bb3 Qd7 Nc4 Bxh3 gxh3 Qxh3 Ne3 Bxe3 Qe2 Ng4 Nh2 Qxh2#,C50
2025-11-27,pXPYYF66,bullet,18:29,998,991,-7,loss,-1,white,911,martin5040,-80,7,e4 e5 h3 Nc6 Bb5 Nf6 d3 Nd4 Bc4 b5 Bxf7+ Kxf7 Qh5+ Nxh5,C20
2025-11-27,ByPNO5qn,bullet,18:30,991,985,-6,loss,-1,white,914,lishah,-71,27,e4 d5 exd5 Qxd5 Nf3 Nf6 Nc3 Qe6+ Be2 Nc6 O-O g6 h3 Bg7 Bc4 Qd6 d3 O-O Bg5 Nd4 Bxf6 Nxf3+ Qxf3 Bxf6 Ne4 Qb6 b3 Bxa1 Rxa1 Bf5 Ng5 Qf6 Nxh7 Qxa1+ Kh2 Kxh7 Bd5 Qe5+ g3 Rad8 Bxb7 Qb2 Be4 Bxe4 Qxe4 Qxc2 Kg2 Qxd3 Qxe7 Qd5+ Kh2 Rde8 Qh4+ Kg7,B01
2025-11-27,wQyC2V8g,bullet,18:37,985,992,7,win,1,white,1062,nkpp,70,28,e4 d6 d4 Nf6 Nc3 g6 Bg5 Bg7 Bxf6 Bxf6 Nf3 O-O h3 Re8 Qc1 Bg7 Bc4 e6 O-O Nc6 d5 exd5 exd5 Nd4 Nxd4 Bxd4 Nb5 Bg7 c3 c6 dxc6 bxc6 Nd4 Qb6 Nf3 d5 Bd3 Bf5 Bxf5 gxf5 Ng5 Re2 Qf4 Bh6 Qxf5 Bxg5 Qxg5+ Kf8 Qh6+ Ke7 Qh4+ f6 Qxh7+ Ke6 Qh5 Rd8 Qxe2+,B07
2025-11-28,JhdD7MMm,blitz,23:11,1242,1248,6,win,1,black,1239,legenda1kocev,-9,20,d4 d5 Bf4 Nc6 e3 a6 Nd2 Nf6 c3 Bf5 Ngf3 e6 Be2 Bd6 Ne5 Bxe5 Bxe5 Nxe5 dxe5 Nd7 Nf3 Bg4 O-O Bxf3 Bxf3 Nxe5 Bh5 O-O Qd4 Qd6 Bd1 c5 Qf4 h6 Bc2 g5 Qf6 Ng4 Qf3 Qxh2#,D00
2025-12-01,M29eYv8R,blitz,19:37,1248,1242,-6,loss,-1,white,1294,tz11tz,52,38,e4 c6 d4 d5 e5 Bf5 Nf3 e6 h3 h6 Nh4 Qxh4 Be3 Qd8 Be2 Qb6 a3 Be7 b4 Bxb4+ axb4 Qxb4+ Bd2 Qxd4 Nc3 Qxe5 Qb1 Qc7 Na4 b6 Bd3 Bxd3 cxd3 Nf6 Qb4 c5 Qb5+ Qc6 Qb2 O-O Bxh6 gxh6 Qxf6 Kh7 O-O Nd7 Qf3 Rae8 Nc3 a5 Ne2 Re7 Nf4 Rg8 Nh5 Rg5 Nf6+ Nxf6 Qxf6 Rg6 Qf3 Qc7 Ra4 Re8 Rf4 f5 Rh4 Reg8 g3 a4 Re1 Rxg3+ fxg3 Rxg3+ Qxg3 Qxg3+,B12
2025-12-02,REcKml27,bullet,16:24,992,1000,8,win,1,white,1138,PetrrrNHoofd,138,16,e4 c6 e5 d5 e6 Bxe6 d4 Nf6 h3 Bf5 Nf3 e6 Nc3 Bb4 Ne5 Nbd7 Bf4 Nxe5 Bxe5 O-O Bxf6 Qxf6 Be2 a6 Rc1 Qd8 a3 Bd6 Qd2 Qb6 Na4 Qxb2 Nxb2,B10
2025-12-04,MzAMjNv4,blitz,16:40,1242,1249,7,win,1,black,1263,DJO6044,14,50,d4 d5 Nf3 Bg4 h3 Bxf3 exf3 e6 Nc3 a6 Bf4 Bb4 a3 Bxc3+ bxc3 Nf6 c4 O-O c3 h6 Bd3 c6 g4 Nbd7 g5 Nh5 gxh6 Nxf4 hxg7 Nxd3+ Kd2 Nxf2 Qe2 Qg5+ Kc2 Nxh1 gxf8=R+ Nxf8 Rxh1 Qf5+ Kb3 Ng6 Rg1 Qxh3 cxd5 cxd5 Qe1 Qxf3 Rf1 Qe4 Qf2 f5 Rg1 Kf7 Qh2 Qh4 Qc7+ Kf6 Qxb7 Rh8 Qxa6 Qf2 Rf1 Qe3 Rxf5+ Kxf5 Qd6 Rh3 Qb4 Qe1 Ka4 Qd1+ Ka5 Qh5 a4 Ne7 c4 Nc8 c5 Qe8 Qb8 Rh7 Qe5+ Kg6 Qg3+ Kf7 Qf4+ Ke7 Qg5+ Kd7 Qe5 Na7 Qe2 Nc6+ Kb5 Qb8+ Ka6 Nxd4 Qg4 Nc6,D02
2025-12-04,4NIrfvhX,ultraBullet,23:00,1500,1026,-474,loss,-1,black,1250,APJ1,224,8,d3 e5 e3 d5 f3 Nc6 e4 d4 Ne2 Nf6 h3 Be6 Bg5 Be7 Bxf6 Bxf6 f4,A00
2025-12-05,XUAa56iu,blitz,13:58,1249,1256,7,win,1,white,1286,igor1964999,30,30,e4 Nf6 e5 Nd5 d4 Nc6 Bc4 Nb6 Bxf7+ Kxf7 Qh5+ Kg8 Nf3 d6 Ng5 g6 Qf3 Qe8 O-O Nxd4 Qe4 dxe5 Qxe5 Nxc2 Ne6 Bxe6 Qxe6+ Qf7 Qe5 e6 b3 Bg7 Qe2 Nxa1 Bb2 Bxb2 Qxb2 Nxb3 Qxb3 Rd8 Nc3 Qf6 Ne4 Qe7 h3 Rd4 Ng3 Qf6 Rc1 c6 Ne2 Rd5 Nc3 Rf5 Ne4 Qf7 f3 Nd5 Nd6,B03
2025-12-07,IObqaBtk,blitz,09:35,1256,1250,-6,loss,-1,white,1285,Ocular_Evidence,35,29,e4 d5 e5 Nc6 d4 Bf5 a3 e6 Nf3 Nge7 h3 h5 Bb5 a6 Bxc6+ Nxc6 Nc3 Be7 Be3 h4 Qd2 g5 Bxg5 Rg8 Bxe7 Qxe7 O-O Na5 Qf4 Bxc2 Nxh4 O-O-O Rac1 Bd3 Na4 Kb8 Nf3 Nb3 Rc3 Bc4 Re1 Rg7 Qe3 Rdg8 g4 f5 Nc5 Nxc5 dxc5 fxg4 hxg4 Rxg4+ Kh1 Qh7+ Nh2 Rg2 Rxc4 Qxh2#,B00
2025-12-07,6sXwUQ2w,bullet,10:53,1000,994,-6,loss,-1,white,999,WillDBow,5,28,e4 g6 d4 Bg7 e5 d6 Nf3 e6 Bf4 d5 h3 a6 Nc3 Ne7 a3 O-O Bd3 b6 O-O c5 Ne2 c4 Bxg6 Nxg6 c3 Nxf4 Nxf4 b5 Nh5 Bh6 Nd2 Qg5 Nf6+ Kh8 Nf3 Qg6 Nh4 Qg7 Qc2 Nd7 Nh5 Qg5 Qxh7+ Kxh7 Nf6+ Nxf6 exf6 Qxh4 Rfe1 Qg5 Re5 Qg6 Rae1 Rg8 g4 Qxf6,B06
2025-12-07,8R8FSrut,bullet,13:17,994,998,4,win,1,black,902,phoenix1397,-96,54,e4 e5 Nf3 Nc6 Bc4 Nf6 d3 a6 Nc3 Bb4 a3 Bxc3+ bxc3 d6 d4 Bg4 O-O Nxe4 h3 Bxf3 Qxf3 Nf6 dxe5 Nxe5 Bf4 Nxc4 Qe4+ Nxe4 Rfe1 d5 f3 O-O fxe4 Qh4 Red1 Qxf4 Rxd5 Qxe4 Rd7 Qe3+ Kh1 Ne5 Rxc7 Rad8 Rxb7 Qxc3 Rab1 Qxc2 R7b2 Qe4 Rb4 Qe3 R4b3 Nd3 Rb6 h6 Rxa6 Nc5 Rab6 Qxa3 R6b3 Qa4 Rb4 Rd1+ Kh2 Qc2 R4b2 Qxb1 Rxb1 Rxb1 Kg3 Ne4+ Kf3 Nf6 Kg3 Rb3+ Kh2 Rd3 Kg1 g5 Kh2 Kg7 Kg1 Kg6 Kh2 h5 Kg1 Ne4 Kh2 f5 Kg1 f4 Kh2 Nf6 Kg1 Nd5 Kh2 Ne3 Kg1 Rd2 Kh2 Rxg2+ Kh1 f3 h4 f2 hxg5 f1=Q#,C55
2025-12-07,sCk36LaZ,blitz,16:55,1250,1256,6,win,1,white,1286,Quentindesana9002,30,46,e4 c5 Nf3 d6 d4 cxd4 Nxd4 Nf6 Nc3 Nc6 Bb5 Bd7 Bxc6 Bxc6 Qe2 e6 Bg5 Be7 Bxf6 Bxf6 O-O-O Bxd4 Rxd4 Qa5 Rxd6 Qg5+ Kb1 Qxg2 Rhd1 O-O a3 Qxh2 R6d3 Qe5 Rg3 Rad8 Rxd8 Rxd8 Qe3 a5 Qh6 b5 f4 Qd4 e5 g6 Rd3 Qg1+ Ka2 Bd5+ b3 a4 Nxd5 Rxd5 Rxd5 exd5 Qh3 d4 Qc8+ Kg7 bxa4 bxa4 Qc4 Qg3 Qxd4 Qg2 e6+ Kf8 Qd8+ Kg7 e7 Qe2 e8=Q Qxc2+ Ka1 Qc3+ Kb1 Qb3+ Kc1 Qc3+ Kd1 Qa1+ Ke2 Qb2+ Qd2 Qxd2+ Kxd2 Kh6 Qe4 Kg7 Qxa4 Kh6 Qd4,B56
2025-12-08,0hvb0CrB,blitz,16:54,1256,1251,-5,loss,-1,black,1296,KrutoyVanya20013,45,22,e4 e5 Nf3 Nc6 d4 exd4 Nxd4 Nxd4 Qxd4 Nf6 Nc3 b6 e5 Qe7 Be3 c6 exf6 Qxf6 Qxf6 gxf6 O-O-O d5 Bd4 Be7 Re1 O-O Rxe7 Be6 Bxf6 d4 Ne4 Bxa2 b3 c5 Kb2 Bxb3 cxb3 Rad8 Bd3 Rd5 Ng5 h6 Bh7#,C44
2025-12-09,PjRjdcLz,blitz,16:36,1251,1257,6,win,1,white,1291,TanjonaFanantenana,34,20,e4 c6 Nf3 d5 e5 Bg4 d4 e6 Be2 Be7 Be3 c5 a3 cxd4 Nxd4 Bxe2 Nxe2 Nc6 Bd4 Qa5+ c3 Nh6 O-O Nf5 Qb3 b6 Nd2 O-O Qc2 Qa6 Rae1 Rac8 Nf3 Nfxd4 Nexd4 Qc4 b3 Qc5 a4 Nxd4 Nxd4,B10
2025-12-09,U4S2tjM1,bullet,16:44,998,1005,7,win,1,white,1039,Melmu,34,26,e4 e5 Nf3 d6 Bc4 h6 Nc3 Nf6 Nd5 Be7 Nxf6+ Bxf6 Bxf7+ Kxf7 d3 Rf8 Qe2 Nc6 O-O Bg4 Be3 Bg5 Nxg5+ Qxg5 Bxg5 Bxe2 Rfe1 Bxd3 Bxh6 Bxc2 Bg5 Kg8 Re3 Ba4 Rc1 Rac8 h4 Nd4 Ra3 Bc6 Rxa7 Bxe4 Rc4 Bf5 Rxb7 Kh7 Rbxc7 Rxc7 Rxc7 Bg6 Be7,C41
2025-12-10,oIz6x5Dq,bullet,10:50,1005,1000,-5,loss,-1,white,1049,Mamed67,49,25,e4 d5 e5 Bf5 d4 e6 a3 Be7 Nc3 Bg5 Nf3 Bxc1 Qxc1 Bg4 Be2 h5 Ng5 f6 Nxe6 Bxe6 h3 Nc6 Qd1 fxe5 Bxh5+ Bf7 Bxf7+ Kxf7 Qf3+ Qf6 Qxd5+ Qe6 Qf3+ Nf6 Nd5 Nxd4 Nxc7 Nxf3+ gxf3 Qb6 Nd5 Nxd5 O-O Qxb2 Rae1 Rae8 Kh2 Qxc2 Rg1 Qxf2+,B01
2025-12-10,WUApIpLw,blitz,11:10,1257,1251,-6,loss,-1,white,1267,mohaashm222,16,22,e4 e5 Nf3 Nc6 Bb5 d6 c3 Bd7 Bxc6 Bxc6 d3 Nf6 Bg5 Be7 Bxf6 Bxf6 Nbd2 O-O Nc4 d5 Ncxe5 dxe4 Nxc6 bxc6 dxe4 Qe7 Qe2 Rfe8 Nd2 Bg5 f3 Rad8 Rd1 Qd6 Nc4 Bh4+ g3 Bxg3+ hxg3 Qxg3+ Qf2 Rxd1+ Kxd1 Qxf2,C62
2025-12-10,dbC1Gvxf,blitz,16:33,1251,1245,-6,loss,-1,black,1236,sjekkmatt,-9,42,e4 e5 Nf3 Nc6 Bb5 a6 Bxc6 dxc6 Nc3 Bg4 h3 Bxf3 Qxf3 f6 d3 Bb4 Bd2 Bxc3 Bxc3 Ne7 O-O-O Qd6 Qg4 g5 d4 Nc8 dxe5 Qe7 exf6 Qf7 Qxg5 Nd6 e5 Ne4 Qe3 Qxa2 Qxe4 Qa1+ Kd2 O-O-O+ Ke2 Qa2 Rxd8+ Rxd8 f7 Qxf7 e6 Qh5+ f3 Qb5+ Kf2 c5 e7 Re8 Qe6+ Kb8 Qf7 c4 Rd1 Qc5+ Kg3 Qxe7 Qxe7 Rxe7 Rd8+ Ka7 Bd4+ b6 f4 Kb7 f5 c5 Bc3 Rf7 f6 Kc6 Kg4 b5 Kg5 b4 Be5 a5 Rd6+ Kb5 Re6,C68
2025-12-10,X6tdNDKL,blitz,21:56,1245,1252,7,win,1,white,1302,joelickt,50,24,e4 e5 Nf3 Nc6 Bb5 d6 d3 Bd7 Bxc6 bxc6 Nc3 Nf6 Bg5 c5 h3 h6 Bxf6 Qxf6 Nd5 Qd8 O-O c6 Ne3 Be7 Re1 O-O Nf1 Rb8 b3 a5 Qd2 Bf6 Ng3 d5 Qc3 Qe7 exd5 cxd5 Nxe5 d4 Nxd7 Qxe1+ Qxe1 Rfe8 Nxf6+ gxf6 Qxa5,C62
2025-12-10,9pp4puyK,bullet,22:10,1000,994,-6,loss,-1,black,984,thowens,-10,46,g3 e5 Bg2 d5 d3 Nf6 Nf3 Bg4 Nxe5 Bd6 Nxg4 Nxg4 e4 Nxf2 Kxf2 Qf6+ Bf3 Bc5+ Be3 Bxe3+ Kxe3 d4+ Kd2 O-O Rf1 Qg5+ Ke1 Qe3+ Be2 Nc6 Qd2 a5 Qxe3 dxe3 Rf3 Nb4 Rxe3 Nxc2+ Kd2 Nxa1 Nc3 c6 d4 b5 d5 Rfd8 Ke1 Nc2+ Kf2 Nxe3 Kxe3 c5 Nxb5 Rab8 Nc7 Rxb2 a4 Rb3+ Kd2 Rb4 d6 Rxe4 Bb5 Rxd6+ Kc3 Rdd4 Na6 Re3+ Kc2 Re2+ Bxe2 Rxa4 Nxc5 Ra2+ Kd3 Kf8 Bg4 Ke7 Nb3 Rxh2 Bd1 g6 Nxa5 Rh3 Nc4 Rxg3+ Ne3 g5 Ke4 Ke6 Bb3+ Kf6 Nd5+,A00
2025-12-11,AeCzfRdL,bullet,14:14,994,998,4,win,1,white,931,Clever_Pown,-67,18,e4 e6 Nf3 d5 e5 c5 d4 Nc6 dxc5 Bxc5 Bc4 dxc4 Qxd8+ Nxd8 Be3 Bxe3 fxe3 Ne7 Nc3 Ng6 O-O-O Nc6 Nb5 O-O c3 Ncxe5 Nd6 b6 Ng5 f6 Nge4 Bb7 Nxb7 Rab8 Nbd6,C02
2025-12-12,aftgv5eo,blitz,17:55,1252,1246,-6,loss,-1,black,1267,esmat11533,21,16,e4 e5 Nf3 Nc6 Bc4 Nf6 Nc3 a6 d3 d6 Ng5 d5 exd5 Na5 Bb3 Nxb3 axb3 Nxd5 Nxd5 Qxd5 O-O Be7 c4 Qc5 Qf3 O-O Qh3 h6 Qe3 Bxg5 Qxc5,C47
2025-12-13,BQR3EyU7,bullet,13:28,998,994,-4,loss,-1,black,1083,konorty,89,26,b3 d5 Bb2 e5 g3 d4 Bg2 Nc6 Nf3 Bd7 c3 Nf6 cxd4 exd4 Nxd4 Bc5 Nxc6 Bxc6 O-O Bxg2 Kxg2 Qd5+ Kg1 Ng4 Nc3 Qh5 h4 O-O Ne4 Bb6 e3 Rae8 Ng5 h6 Nh3 Qf5 d3 Nxe3 fxe3 Qxh3 Bd4 Qxg3+ Kh1 Bxd4 exd4 Qxh4+ Kg1 Re3 Rf2 Rg3+ Kf1 Qh1+ Ke2,A01
2025-12-14,dIt3aVEs,bullet,08:42,994,987,-7,loss,-1,white,921,Sicoatila,-66,27,e4 c5 Nf3 Nc6 Bb5 Nf6 Bxc6 dxc6 d3 Nxe4 dxe4 Qxd1+ Kxd1 Bg4 Be3 Bxf3+ gxf3 O-O-O+ Ke2 e5 Nc3 b6 Rad1 Be7 a3 h6 Rxd8+ Rxd8 Rg1 g5 Nd1 f6 c3 c4 a4 a5 Bxb6 Rd3 Bxa5 Kb7 Ne3 Ka6 Nxc4 Rd7 Bb4 Bxb4 cxb4 Rb7 Rd1 Rxb4 Nd6 Rxb2+ Ke3 Ra2,B30
2025-12-14,GUdPIYD9,bullet,08:53,987,994,7,win,1,black,1078,Ron45_264,84,46,e4 e5 Nf3 Nc6 Nc3 Nf6 Bc4 Bc5 h3 h6 O-O O-O Ne2 d6 d4 Bb6 d5 Ne7 a3 a6 Qd3 Ng6 Be3 Nh5 g4 Bxe3 Qxe3 Nhf4 Nxf4 Nxf4 Kh2 h5 Rg1 Kh7 Rg3 h4 Rgg1 b5 Be2 Bd7 b4 g5 Rh1 f6 c4 Rh8 cxb5 Bxb5 Bxb5 axb5 Kg1 Qd7 Kf1 c6 dxc6 Qxc6 Ke1 Qc4 Kd2 Qc6 Rhg1 Rhc8 Rac1 Qb7 Rxc8 Rxc8 Qe1 Rc4 Qb1 Qa6 Nh2 Qxa3 Nf1 Qc3+ Kd1 Nd3 Ne3 Qc1+ Qxc1 Rxc1+ Ke2 Rxg1 Nf5 Nf4+ Kf3 Rb1 Nxd6 Rxb4 Nf5 Ra4 Ne7 Kg7,C50
2025-12-14,55Sur8Eh,bullet,10:56,994,988,-6,loss,-1,white,972,zZigo,-16,29,e4 e5 Nf3 Nc6 Bb5 d6 c3 Bd7 Bxc6 Bxc6 d3 Nf6 Nbd2 Be7 O-O O-O b4 Re8 a4 a6 Re1 d5 Nf1 dxe4 Nxe5 exd3 Nxd3 Nd5 Qc2 Bf6 Rxe8+ Qxe8 Bd2 Qe2 Re1 Qg4 Ne3 Nxe3 f3 Nxc2 fxg4 Nxe1 Nxe1 h6 a5 Rd8 Nf3 Bxf3 gxf3 Rxd2 h3 Rd3 c4 Rxf3 Kg2 Rc3 c5 c6,C62
2025-12-14,SOE2lFm0,blitz,15:09,1246,1240,-6,loss,-1,white,1230,AdrianLeCommuniste,-10,32,e4 d5 e5 d4 Nf3 Nc6 Bb5 Bd7 Bxc6 Bxc6 d3 f6 Bf4 Nh6 h3 fxe5 Bxe5 Qd7 Nxd4 Bxg2 Rg1 Bxh3 Qh5+ Nf7 Bxc7 g6 Qc5 Rc8 Nb5 a6 Rg3 axb5 Re3 Rxc7 Qa7 Rxc2 Nc3 Bg7 Qa8+ Qc8 Rxe7+ Kxe7 Nd5+ Kf8 Qa3+ Kg8 Ne7+ Kf8 Nxc8+ Ke8 Nb6 Bxb2 Qa8+ Nd8 Rb1 Bc3+ Kd1 Rxf2 Rxb5 Bg4+ Kc1 Bf5 Qa4 Bxd3,B01
2025-12-14,0Csx6Esp,bullet,16:20,988,983,-5,loss,-1,black,1025,EcomteDuocPA,42,20,e4 e5 f4 Nc6 f5 f6 Qh5+ Ke7 b3 d5 Ba3+ Kd7 exd5 Nd4 Qf7+ Ne7 d6 cxd6 Kd1 Nxf5 Bb5+ Kc7 Nc3 Bd7 Ba4 Rc8 Bxd7 Qxd7 Qc4+ Nc6 Nd5+ Kb8 Qd3 Nfd4 Nf3 Nb4 Bxb4 Rxc2 Ke1,C30
2025-12-14,sZApP9bE,bullet,16:38,983,988,5,win,1,white,933,KarlHungus781,-55,26,e4 e5 Nf3 Nf6 Nc3 Bc5 d3 O-O Bg5 Be7 Bxf6 Bxf6 Nd5 c6 Nc3 d5 h3 d4 Ne2 Nd7 Ng3 a5 Nf5 b5 Be2 c5 Nd6 a4 Nxb5 Qa5+ Nc3 dxc3 b3 axb3 axb3 Qb4 Rxa8 Nb6 Rb8 Nd7 Rxb4 Ba6 Ra4 Bb5 Ra5 Bc6 O-O Nb6 Qa1 Bd8 Ra7 Bf6 Qxc3,C42
2025-12-14,GoDFqq61,bullet,16:47,988,993,5,win,1,black,957,Ticktak24,-36,21,e4 e5 Nf3 Nc6 Bc4 Nf6 Ng5 d5 exd5 Na5 Bb5+ c6 dxc6 bxc6 Qh5 Nxh5 Bxc6+ Nxc6 Nxf7 Kxf7 Nc3 Bb4 d3 Ba6 O-O Re8 f4 exf4 g4 Bc5+ Kh1 Ng3+ Kg2 Nxf1 Kxf1 Qh4 Bxf4 Qxg4 Nd5 Qh4 Re1 Qf2#,C58
2025-12-14,wh702KYg,bullet,17:22,993,989,-4,loss,-1,black,1054,uber47,65,28,e4 e5 Nc3 Nf6 Nf3 Nc6 Bc4 a6 Ng5 d5 exd5 Nd4 d6 Be6 Nxe6 fxe6 O-O Bxd6 Re1 O-O Ne4 Nxe4 Rxe4 Qf6 Qf1 Nxc2 Rb1 Nd4 b3 Bc5 Bb2 Nc6 Rbe1 Bxf2+ Kh1 Bxe1 Qxf6 Rxf6 Rxe1 Raf8 h3 Rg6 a4 Rf2 Bc3 Rfxg2 b4 e4 b5 Ne7 Bd4 a5 Rxe4 Rxd2 Be3 Rd1+ Kh2,C47
2025-12-14,DSqgkf46,bullet,19:36,989,990,1,draw,0,black,1032,subarugt2,42,43,d4 d5 c4 e6 Nc3 Bb4 a3 Bxc3+ bxc3 Nf6 Qa4+ Nc6 cxd5 Qxd5 Nf3 O-O Bg5 Ne4 Bd2 Bd7 Qc2 Na5 e3 Nc4 Bxc4 Qxc4 a4 Nxd2 Nxd2 Qd5 O-O e5 c4 Qe6 d5 Qg4 f3 Qg5 Ne4 Qxe3+ Rf2 Bf5 g4 Bxe4 fxe4 Qg5 Rg2 h6 Rb1 Qe3+ Rf2 b6 Kf1 Qh3+ Rg2 f6 Kf2 Qh4+ Rg3 Qxh2+ Rg2 Qf4+ Kg1 Qg5 Rf1 Qg6 Rff2 Qf7 Qd3 Qe7 Qc3 Qc5 Qc2 Qd4 Kh2 a5 Rg3 Qc5 Rgg2 Qd6 Rg3 Qc5 Rgg2 Qd6 Rg3 Qc5,D31
2025-12-14,qYjUirvq,bullet,20:03,990,995,5,win,1,white,1001,MAMOSTE1655,6,38,e4 e5 Nf3 d6 h3 c5 Bc4 Be6 Bxe6 fxe6 Nc3 Nf6 d3 Nc6 Bg5 Nd4 O-O h6 Bxf6 gxf6 Nxd4 cxd4 Ne2 Bg7 Ng3 O-O Qh5 Qe8 b3 Qxh5 Nxh5 Rac8 Rac1 b5 f3 d5 b4 a6 f4 exf4 Nxf4 Rfe8 Ne2 e5 a3 h5 Ng3 Bh6 Nf5 Bxc1 Nd6 Be3+ Kh1 Rxc2 Nxe8 Rf2 Rxf2 Bxf2 Nxf6+ Kf7 Nxd5 h4 Kh2 Kg6 Ne7+ Kf6 Nf5 Kg5 g3 hxg3+ Nxg3 Kf4 Nf1 Kf3 Kh1 Ke2 Kg2,C41
2025-12-16,MAVMYlhx,blitz,14:08,1240,1246,6,win,1,black,1225,Nu_salar,-21,72,e3 d5 Qe2 e5 b3 Nf6 Bb2 Bd6 Nc3 Be6 O-O-O Qe7 Kb1 Ba3 Ba1 a6 h3 Nc6 g4 d4 exd4 Nxd4 Qxe5 Nxc2 Kxc2 Bxb3+ Kxb3 Qxe5 Kxa3 Qc5+ Kb3 O-O-O Nf3 Qxf2 Be2 Rd6 g5 Nd7 Ne4 Qb6+ Kc2 Rc6+ Nc3 Qa5 Nd4 Qxa2+ Kd3 Qc4+ Ke3 Re8+ Ne4 Rxe4+ Kxe4 Qb4 Bc3 Qe7+ Kd3 Qxg5 Rhg1 Qd5 Bf3 Nc5+ Kc2 Qa2+ Kc1 Nb3+ Nxb3 Qxb3 Bxc6 bxc6 Rxg7 Qa3+ Kc2 Qa2+ Kd3 Qd5+ Kc2 Qe4+ Kb3 c5 Rxf7 Qd5+ Kb2 Qxf7 Ra1 Qe6 Kc2 c4 Ra4 Qe4+ Kc1 Qd3 Rxa6 Qf1+ Kc2 Qxh3 Ra8+ Kb7 Rd8 Qh4 Rd4 Qg5 Rxc4 Qf5+ Kc1 c5 Ra4 Qf1+ Kc2 Kc6 Ra6+ Kd5 Ra8 Qf5+ Kc1 h5 Rd8+ Kc4 Re8 h4 Rh8 Qf1+ Kc2 h3 Rh4+ Kb5 Rg4 Qf2 Rg5 h2 Bd4 Qxd4 Rh5 Qf2 Kc3 Qg1 d3 h1=Q Rxh1 Qxh1 d4 Qf3+ Kb2 cxd4,A00
2025-12-16,LabFp7h6,bullet,14:39,995,1001,6,win,1,white,1012,kos9k10,11,34,e4 e6 d4 d5 e5 f6 Nf3 c5 Be3 Nc6 Bb5 cxd4 Nxd4 Qa5+ Bd2 Qb6 a3 Bd7 Bxc6 bxc6 Bc3 fxe5 Nf3 Bd6 Bxe5 Bxe5 Nxe5 Qxb2 Qh5+ g6 Nxg6 Qxa1 Nxh8+ Kd8 Nf7+ Kc8 Nd6+ Kc7 Ne8+ Bxe8 Qd1 Bh5 f3 Nf6 O-O Rb8 Qd4 Nd7 Qxa7+ Rb7 Qa5+ Nb6 Nc3 Qb2 Ne2 Qxc2 Nf4 Qf5 Nxh5 Qxh5 f4 Kd6 Qb4+ c5 Qd2 Nc4 Qc2,C02
2025-12-16,HVORwuzM,blitz,19:14,1246,1241,-5,loss,-1,black,1235,maakkssss,-6,36,e4 e5 Nf3 Nc6 d4 exd4 Ng5 Nh6 Bb5 Be7 h4 Bxg5 Bxg5 f6 Bxh6 gxh6 Bxc6 dxc6 c3 c5 cxd4 cxd4 Nd2 Be6 Qe2 d3 Qe3 Qe7 e5 Bf5 exf6 Qxe3+ fxe3 O-O-O O-O-O Rhf8 e4 Bg4 Rdf1 Be2 Rf2 Rd6 e5 Rc6+ Kb1 Rc2 e6 Rxd2 e7 Re8 f7 Rxb2+ Kxb2 Kd7 f8=Q Rxf8 exf8=Q d2 Kc2 d1=Q+ Rxd1+ Bxd1+ Kxd1 Kc6 Qf6+ Kb5 Rb2+ Ka5 Qc3+ Ka6 Qa3#,C44
2025-12-16,1TyOPc13,blitz,19:38,1241,1235,-6,loss,-1,white,1275,drkubi,40,33,e4 e5 Nf3 Nc6 Bb5 Bc5 d3 Nd4 Nxd4 Bxd4 O-O a6 Bc4 c6 a3 d5 Ba2 Nf6 Bg5 O-O Bxf6 Qxf6 exd5 Bxb2 dxc6 Bxa1 c7 Be6 Bxe6 Qxe6 Nc3 Bxc3 Qf3 Qc6 Qxc6 bxc6 Rb1 Rac8 Rb7 Rfe8 Kf1 Ba5 Rb8 Rxb8 cxb8=Q Rxb8 Ke2 Rb2 Ke3 Rxc2 Ke4 Rxf2 Kxe5 Rxg2 Kd6 Rxh2 Kxc6 Rh3 d4 Rxa3 d5 Rd3 d6 h5 d7 h4,C64
2025-12-16,hZgXLJDV,blitz,20:19,1235,1231,-4,loss,-1,black,1292,lazydi,61,36,d4 d5 e3 Nc6 Nf3 a6 c3 Bg4 h3 Bxf3 Qxf3 Nf6 Bd3 e5 Qd1 e4 Bc2 Bd6 O-O O-O Nd2 b5 Re1 Ne7 f3 Ng6 fxe4 Nh4 e5 Bxe5 dxe5 Nd7 e4 Nxe5 exd5 Qxd5 Bb3 Qc5+ Kh2 Qf2 Rg1 Qf4+ g3 Qf2+ Kh1 Nhf3 Nxf3 Nxf3 Rg2 Qe1+ Qxe1 Nxe1 Bf4 Nxg2 Kxg2 c5 Bd6 Rfd8 Bxc5 Rd2+ Kf3 Rxb2 Bd4 Rd8 Re1 h6 Re7 Kh7 Rxf7 Rb1 Rxg7+ Kh8 Rd7#,D00
2025-12-17,6b4LvDF5,blitz,08:25,1231,1225,-6,loss,-1,white,1228,CymbalDestroyer,3,23,e4 d5 e5 Bf5 d4 e6 Nc3 Nc6 Nf3 Bb4 Bd2 Bxc3 Bxc3 Nge7 h3 O-O Bd3 a6 a3 b5 O-O Ng6 Ng5 Nf4 Nxe6 fxe6 Bxf5 exf5 Qf3 Ne6 Rad1 Qg5 b4 Ne7 Qd3 Nf4 Qf3 c6 Bd2 Neg6 Rfe1 Rae8 e6 Nh4 Bxf4 Nxf3+,B01
2025-12-17,DAqcPEgM,blitz,08:29,1225,1220,-5,loss,-1,black,1234,CymbalDestroyer,14,52,e4 e5 Nf3 Nc6 Bb5 a6 Bxc6 dxc6 d3 Bg4 Nbd2 Bd6 h3 Bxf3 Nxf3 Nf6 O-O b5 Bg5 O-O b3 Qe7 c4 Qe6 Rb1 Be7 d4 Nh5 d5 cxd5 cxd5 Qg6 Bxe7 Nf4 Bg5 Nxh3+ gxh3 f6 Kh2 fxg5 Rc1 Qxe4 Nxg5 Qf4+ Kh1 Qxg5 Rc6 e4 Rg1 Qf4 Rg2 Qh4 Qg4 Qxg4 hxg4 e3 fxe3 Rf1+ Rg1 Rxg1+ Kxg1 Kf7 Rxc7+ Kf6 Kf2 Ke5 Rxg7 Kxd5 Rxh7 Ke4 Re7+ Kd5 Kf3 Rf8+ Kg3 Kd6 Re4 Rg8 Kf4 Kc5 g5 Kd5 Rd4+ Ke6 e4 Rf8+ Kg4 Ke5 Rb4 Rf4+ Kh5 Rxe4 Rxe4+ Kxe4 Kh6 Kf5 g6 Kf6 Kh7 a5 g7 a4 g8=Q axb3 axb3,C68
2025-12-18,qQ0EZLl8,blitz,15:42,1220,1213,-7,loss,-1,black,1177,MARIOR,-36,30,e4 e5 Nf3 Nc6 c3 a6 b3 d6 Bb2 Bg4 Be2 Bxf3 Bxf3 Nf6 h3 Be7 d3 O-O Nd2 Qe8 Ba3 Nd8 b4 Ne6 Qb3 Nf4 c4 b5 c5 dxc5 bxc5 c6 g3 Ne6 Qc2 Nd4 Qd1 Nd7 Nb3 Bxc5 Nxc5 Nxc5 Bxc5 Nxf3+ Qxf3 Qd8 Bxf8 Qa5+ Kf1 Kxf8 Qf5 Qc3 Kg2 Kg8 Rac1 Qxd3 Rxc6 Qd4 Rc8+ Rxc8 Qxc8+,C44
2025-12-18,fZK8XUxu,blitz,18:57,1213,1207,-6,loss,-1,white,1212,Lobonorte78,5,39,e4 e5 Nf3 d6 Bc4 Be6 Bxe6 fxe6 d3 Nc6 Nc3 Nf6 Bg5 Be7 Bxf6 Bxf6 O-O Nd4 a3 O-O Nxd4 exd4 Ne2 c5 Nf4 e5 Ne6 Qe7 Qg4 Rf7 b4 cxb4 axb4 a6 Ra5 Re8 Nxd4 exd4 Rh5 g6 Rd5 Rg7 h3 Qe6 Qe2 Rc7 Rc1 Rec8 b5 Qd7 bxa6 bxa6 Ra5 Bd8 Rxa6 Rc6 Ra2 Qe6 Ra4 Bg5 Rca1 Rxc2 Qf3 Rc1+ Rxc1 Rxc1+ Kh2 Qe5+ g3 Bf6 Ra8+ Kg7 Ra7+ Kh6 Qg4 Qh5 Qd7 Kg5,C41
2025-12-19,b6yw2hG0,blitz,15:01,1207,1201,-6,loss,-1,white,1189,Syrio,-12,32,e4 e5 Nf3 Nc6 Bb5 d6 c3 Bd7 Bxc6 Bxc6 d3 Be7 h3 g6 Be3 f5 O-O f4 Bd2 Nf6 Re1 h5 c4 g5 Nxg5 Nh7 Nf3 Qd7 Kf1 O-O-O Nc3 a6 Ne2 Kb8 Qb3 Ng5 Nxf4 exf4 Nxg5 Bxg5 e5 dxe5 Rxe5 Bf6 Ra5 f3 Rxa6 fxg2+ Kg1 Qxd3 Ra8+ Kxa8 Qa3+ Kb8 Be3 Qxa3 bxa3 Bxa1 Bd4 Rhg8 Be5 Rd1+ Kh2 g1=Q#,C62
2025-12-19,oYGibWKN,blitz,19:06,1201,1206,5,win,1,white,1154,AABU8,-52,30,e4 c6 e5 Qa5 Nf3 g6 Nc3 Bg7 d4 d6 Bf4 dxe5 dxe5 Bh6 Bxh6 Nxh6 Bd3 Ng4 O-O f6 Re1 f5 e6 b6 Ng5 Qc5 Qf3 Qxf2+ Qxf2 Nxf2 Kxf2 h6 Nf7 Rf8 Ne2 Bxe6 Nf4 Bxf7 Rad1 Bxa2 Nxg6 Rf6 Rxe7+ Kd8 Bxf5+ Nd7 Rdxd7+ Kc8 Rb7+ Kd8 Rbd7+ Kc8 Rc7+ Kb8 Red7 Rxf5+ Kg1 Bc4 Rb7+ Kc8 Ne7#,B10
2025-12-19,5CBxgR4p,bullet,19:24,1001,996,-5,loss,-1,black,1016,JoeWoodstone,20,18,c4 e5 g3 Bc5 Bg2 Nc6 e3 Nf6 Ne2 e4 Nbc3 d5 d4 Bb4 cxd5 Qxd5 O-O Bxc3 Nxc3 Qf5 h3 h6 g4 Qh7 f3 O-O fxe4 Be6 e5 Nd7 d5 Bxd5 Nxd5 Ndxe5 e4 Nb4 Nxb4,A20
2025-12-19,2A4auWuk,bullet,19:31,996,1001,5,win,1,black,972,xmansaalfeld,-29,35,e4 e5 Nf3 Nc6 Bc4 Nf6 O-O Bc5 Re1 O-O c3 a6 d4 exd4 cxd4 Ba7 d5 Ne7 Nc3 Ng4 Re2 Ng6 h3 Nh6 Be3 Bxe3 Rxe3 Nf4 Qd4 b6 Ne2 Nxe2+ Rxe2 c5 Qc3 d6 Rae1 Bd7 e5 Qc8 e6 fxe6 dxe6 Bc6 e7+ Kh8 exf8=Q+ Qxf8 Re8 Rxe8 Rxe8 Qxe8 Qe3 Qxe3 fxe3 Bxf3 gxf3 Nf5 e4 Nh4 Kf2 b5 Bd5 c4 Kg3 Ng6 b3 Ne5 f4 c3,C55
2025-12-20,oeYV7aiJ,blitz,13:37,1206,1200,-6,loss,-1,white,1188,MCY07,-12,29,e4 e5 Nf3 Nc6 Bb5 Nf6 d3 a6 Bxc6 dxc6 Bg5 Qd6 Bxf6 Qxf6 Nc3 Bc5 Ne2 Bg4 Ng3 Bd4 c3 Bb6 O-O h5 d4 exd4 cxd4 O-O-O Nf5 g6 e5 Qxf5 h3 Bxf3 Qxf3 Qxf3 gxf3 Bxd4 Rab1 Bxe5 Kg2 Rd5 b3 Bd6 Rb2 Rg5+ Kh1 Re8 a4 Ree5 Rc2 Ref5 Rc3 Rd5 Re1 Bb4 Re8+ Kd7,C65
2025-12-20,Js6hNf88,blitz,14:55,1200,1195,-5,loss,-1,black,1232,kanchan73,37,50,e4 e5 Nf3 Nc6 Bb5 a6 Ba4 Nf6 d3 Bc5 Bxc6 dxc6 Nxe5 Qd4 O-O Qxe5 c3 Qe7 e5 Nd5 d4 Ba7 c4 Nb6 c5 Nd5 b4 O-O Nd2 b5 a4 Bd7 axb5 Nxb4 bxc6 Bxc6 Ba3 Nd5 Nc4 Bb5 Qc2 Bxc4 Qxc4 Qe6 f4 c6 f5 Qh6 f6 Ne3 Qc1 Nxf1 Qxh6 gxh6 Rxf1 Rfd8 Rf4 Rab8 Rg4+ Kf8 Rg7 Rxd4 Rxh7 Rb1+ Kf2 Ke8 Rh8+ Kd7 Rh7 Ke6 Rxf7 Rd2+ Ke3 Rd5 Rxa7 Re1+ Kf2 Rexe5 f7 Rf5+ Ke3 Rde5+ Kd3 Rxf7 Rxa6 Rd5+ Kc4 Rf4+ Kb3 Kd7 Ra7+ Kc8 Rh7 Rd3+ Kc2 Rd5 Rxh6 Rc4+ Kb3,C77
2025-12-21,Z1ipuTAc,blitz,13:05,1195,1201,6,win,1,black,1201,zaharkinmatvej68,0,24,e4 e5 Nf3 Nc6 Nc3 a6 Bc4 Nf6 Ng5 d5 exd5 Na5 Bd3 Nxd5 Nxd5 Qxd5 Qe2 Be7 Nf3 Bg4 h3 Bxf3 gxf3 Qd4 Rg1 g6 c3 Qd5 b4 Nc6 Bb2 b5 O-O-O Qxa2 Be4 Nd4 cxd4 Rd8 Bc6+ Kf8 dxe5 Bxb4 e6 fxe6 Bxh8 Ba3+ Bb2 Qxb2#,C46
2025-12-21,iSRt8GdL,blitz,15:24,1201,1196,-5,loss,-1,white,1259,emilio69lb,63,17,e4 b6 Nf3 Bb7 Bb5 Bxe4 Ne5 c6 Bc4 d5 Be2 Bxg2 Rg1 Be4 Bh5 g6 d3 Bf5 Rg5 Nf6 Bf3 Qd6 Bf4 Qb4+ Nc3 Qxf4 Nxf7 Kxf7 Nxd5 Qxg5 Nxf6 exf6 Bxc6 Nxc6,B00
2025-12-21,4KYlP38j,blitz,15:54,1196,1201,5,win,1,white,1160,lcard47,-41,8,e4 c5 Nf3 d6 d4 cxd4 Qxd4 Nc6 Bb5 Qa5+ Nc3 e5 Nxe5 Bd7 Bxc6 dxe5 Qxd7#,B53
2025-12-21,7OTe0J4B,blitz,20:04,1201,1206,5,win,1,white,1172,apasei,-34,32,e4 d5 e5 Nc6 d4 Bf5 a3 e6 h3 Nge7 Nf3 Ng6 Nc3 Be7 Bb5 a6 Bxc6+ bxc6 O-O O-O Ne2 c5 c3 c4 Ng3 Rb8 Nh5 Bd3 Re1 f5 Bf4 Nxf4 Nxf4 Be4 Nxe6 Qe8 Nxf8 Qxf8 Nd2 Rxb2 Nxe4 fxe4 Re2 Rxe2 Qxe2 Bh4 g3 Bg5 Rb1 Qxa3 Rb8+ Kf7 Qh5+ Ke6 Qe8+ Be7 Qg8+ Kf5 Qxg7 Qc1+ Kg2 Bg5 Qf7+ Bf6 Qxf6#,B00
2025-12-21,GXsdoVas,blitz,20:20,1206,1200,-6,loss,-1,white,1208,foukus,8,28,e4 c5 Nf3 Nc6 Bb5 Nf6 Bxc6 bxc6 Nc3 e5 d3 d5 Bg5 Bd6 Ne2 d4 Ng3 O-O h3 Ba6 O-O c4 a3 c3 b4 c5 Qb1 Rb8 Qa2 cxb4 axb4 Bc8 Rfb1 Bxb4 Qxa7 Rb7 Qa4 Qb6 Bxf6 gxf6 Nf5 Bxf5 exf5 Rbb8 Nh2 Ra8 Qd7 Rxa1 Rxa1 Rd8 Ra8 Rxa8 Qe7 Ra1+ Nf1 Kg7,B30
2025-12-21,VjQ0laSO,blitz,20:57,1200,1194,-6,loss,-1,black,1197,TimurAkhmedov5,3,22,e4 e5 Nf3 Nc6 Bc4 h6 d4 d6 dxe5 Bg4 exd6 cxd6 O-O Ne5 Bb5+ Ke7 Nbd2 Bxf3 Nxf3 Nxf3+ Qxf3 Nf6 e5 dxe5 Re1 Qd6 Qxb7+ Nd7 Qxa8 Ke6 Bxd7+ Qxd7 Bf4 f6 Rad1 Bd6 Rxd6+ Qxd6 Qxh8 Qd4 Qe8+ Kf5 Qh5+ Kxf4 g3#,C50
2025-12-22,AuvsfolN,blitz,17:42,1194,1201,7,win,1,black,1237,AmazingGunz,36,30,c4 e5 Nc3 Nf6 d3 Bb4 Bg5 h6 Bh4 g5 Bg3 d6 a3 Bxc3+ bxc3 Nc6 e3 Be6 Nf3 Qe7 Be2 O-O-O d4 e4 Nd2 d5 cxd5 Nxd5 Nxe4 f5 Nc5 Nxc3 Qd2 Ne4 Nxe4 fxe4 Bb5 Nb8 Qc2 c6 O-O Bd5 Bxb8 Kxb8 f3 Rhf8 Be2 Rd6 fxe4 Rxf1+ Rxf1 Bxe4 Qb3 Rf6 Rxf6 Qxf6 Qg8+ Kc7 Qh7+ Bxh7,A22
2025-12-22,Jmu1gpIn,blitz,22:20,1201,1207,6,win,1,white,1197,MrDPisak,-10,14,e4 e5 Nf3 Nc6 Bb5 Nf6 d3 Be7 Bxc6 dxc6 Nc3 O-O Be3 h6 Nxe5 Bd6 Nc4 Be6 Nd2 Ng4 h3 Nxe3 fxe3 Bg3+ Ke2 f5 Rf1,C65
2025-12-23,GoZUOETp,blitz,13:33,1207,1200,-7,loss,-1,black,1166,Ku_uK,-34,19,d4 d5 Bf4 e6 e3 a6 Nf3 Nf6 Bd3 Nc6 Bg3 Ne7 Nc3 Ng6 a3 Bd6 Be5 Bxe5 dxe5 Ng4 Bxg6 hxg6 Qd4 f6 Qxg4 Rh6 O-O-O Qe7 Qa4+ Bd7 Qa5 Bc6 Nd4 O-O-O Nxc6 bxc6 Qxa6+ Kd7,D00
2025-12-23,gFWUPnLu,bullet,16:15,1001,996,-5,loss,-1,white,1028,rk999,32,13,e4 Nf6 e5 Ne4 d4 Nxf2 Kxf2 d5 h3 Bf5 Nf3 e6 Bd3 Bxd3 Qxd3 c5 Be3 cxd4 Bxd4 Nc6 Nbd2 b6 Rhf1 Nxd4 Qxd4 Bc5,B02
2025-12-23,UAqBnF8Y,blitz,19:07,1200,1207,7,win,1,black,1260,Stegi93,53,50,Nf3 d5 e4 d4 Bc4 Bg4 d3 Nc6 h3 Bxf3 Qxf3 Nf6 Bg5 Ne5 Qg3 Qd6 Bf4 Nh5 Bxe5 Nxg3 Bxd6 Nxh1 Bxc7 e5 Bxe5 f6 Bh2 Bb4+ Kf1 a6 a3 Be7 Kg1 Nxf2 Kxf2 b5 Bd5 Rc8 c3 dxc3 Nxc3 Bc5+ Ke2 Bd4 Rc1 Bxc3 bxc3 a5 Kd2 b4 cxb4 Rxc1 Kxc1 axb4 axb4 Ke7 b5 Rc8+ Bc4 g6 Kd2 f5 exf5 gxf5 Bf4 Kf6 g3 Rc5 Kc3 h5 h4 Rc8 Be3 Re8 Bd4+ Kg6 b6 Rb8 Bd5 f4 gxf4 Kf5 b7 Kxf4 Bf6 Kf5 Bg5 Ke5 Kb4 Kxd5 Kc3 Rxb7 Kd2 Rb4 Ke3 Rg4 Kd2 Kd4 Ke2 Rg2+,A06
2025-12-23,WXhSducE,blitz,19:29,1207,1213,6,win,1,black,1179,rocketchess2014,-34,42,d4 d5 Nf3 Bg4 Bf4 Nc6 Nbd2 e6 h3 Bxf3 Nxf3 Nf6 e3 Ne4 Bd3 Nd6 c3 Nc8 O-O a6 Qb3 Nb6 a4 Na5 Qc2 Bd6 Ne5 Bxe5 dxe5 O-O Bxh7+ Kh8 Bd3 g6 Bh6 Rg8 f4 Qh4 Bg5 Qh5 Be2 Qh7 b4 Nac4 Bf6+ Rg7 Bxg7+ Qxg7 Bxc4 Nxc4 Rf3 c6 Rg3 Qh6 Rf1 Kg8 e4 Kf8 exd5 cxd5 f5 Ne3 Qf2 Nxf1 Kxf1 Qc1+ Ke2 Qc2+ Kf1 Qxf5 Kg1 Qb1+ Kh2 Qf5 Qc5+ Kg7 Qb6 Qxe5 Qxb7 Rh8 Qxa6 Rh5 Qf1 Rg5,D02
2025-12-24,EidCcmGn,blitz,13:20,1213,1217,4,win,1,white,1180,hrach155,-37,6,e4 e5 Nf3 Nc6 Bb5 Nf6 d3 d6 Bg5 h6 Bxf6 g5 Bxh8,C65
2025-12-24,0fefpgNv,blitz,15:02,1217,1223,6,win,1,white,1204,LD_Principiante,-19,44,e4 e5 Nf3 Nc6 Bb5 a6 Bxc6 bxc6 Nxe5 Nf6 d3 Bc5 Bg5 O-O O-O d6 Nxc6 Qd7 Na5 Ng4 Nc4 h6 Bf4 Qe7 h3 Ne5 Bxe5 dxe5 Qh5 Qg5 Qxg5 hxg5 Nxe5 Bd6 Nf3 f6 Nbd2 Kh7 c4 Kg6 d4 Rh8 e5 Bb4 Ne4 Bb7 d5 Rae8 e6 c5 a3 Ba5 Rab1 Bc7 Nxc5 Ba8 Nxa6 Bf4 Rfe1 Rc8 b3 Rce8 c5 Re7 d6 Ra7 e7 Bc6 Nb4 Bd7 Nd5 Rxa3 Nc7 Be8 Nxe8 Rxe8 Nd4 Ra7 Nc6 Rd7 b4 Bd2 Re4 f5 Re6+ Kf7 Re2 f4 Rxd2,C68
2025-12-25,4Dc7tigg,blitz,15:02,1223,1228,5,win,1,black,1197,VVN1978,-31,6,e4 e5 d4 exd4 Qxd4 Nc6 Qc3 Bb4 Qxb4 Nxb4 c3 Nc2+,C22
2025-12-25,AQVbSMn4,bullet,15:04,996,1002,6,win,1,black,1013,thotskie66,11,25,e4 e5 Nf3 Nc6 Bc4 Nf6 d3 Bc5 c3 d6 O-O Bg4 Nbd2 a6 b4 Ba7 Qb3 O-O h3 Bxf3 Nxf3 Qd7 Kh2 Ne7 Bg5 Ng4+ hxg4 Ng6 Qd1 Qxg4 Kg1 Nf4 Bxf4 Qxf4 g3 Qh6 Kg2 Kh8 Rh1 Qf6 Nh4 Qxf2+ Kh3 Qf6 Nf5 Bf2 Kg2 Bxg3 Qh5 h6,C54
2025-12-26,miPL3kUV,blitz,08:44,1228,1223,-5,loss,-1,white,1269,ThomasZ96,46,24,e4 e5 Nf3 Nc6 Bb5 Nf6 d3 a6 Bxc6 dxc6 Bg5 Be7 Bxf6 Bxf6 Nc3 O-O h3 Be6 Ne2 b5 Ng3 c5 b3 c4 Qe2 cxd3 cxd3 c5 Rc1 Be7 Nxe5 Bd6 Nc6 Qb6 Nd4 cxd4 e5 Bb4+ Kd1 Rac8 Rxc8 Rxc8 Ne4 Ba3 Nf6+ gxf6 Kd2 Qa5+,C65
2025-12-27,auKSQ5ZZ,blitz,08:55,1223,1228,5,win,1,white,1160,PlayerOfGames,-68,16,e4 e5 Nf3 Nc6 Bb5 Nf6 d3 Bc5 Bg5 O-O Bxc6 bxc6 Nxe5 d6 Nxc6 Qd7 Na5 Rb8 Bxf6 gxf6 Nc4 Ba6 Ncd2 f5 O-O Rxb2 Qh5 fxe4 Nxe4 Qa4 Nf6+ Kh8 Qxh7#,C65
2025-12-27,Dt4sTFUN,blitz,17:25,1228,1235,7,win,1,black,1310,Neilime76,75,46,e3 e5 Qf3 d5 Nc3 Nf6 e4 d4 Nd5 Be7 Bc4 Bg4 Nxf6+ Bxf6 Qxg4 O-O b3 Nc6 Bb2 Nb4 O-O-O Nxa2+ Kb1 Nb4 h4 d3 c3 Nc6 h5 Bg5 Nh3 Bh6 Rdf1 Ne7 f4 Nc6 f5 Qf6 Qg3 Bxd2 h6 Bxh6 Qh2 d2 Nf2 Rad8 Rd1 Na5 Ng4 Qg5 Nxh6+ Qxh6 Qg3 Qf4 Qh3 h6 f6 Qxf6 g4 Nxc4 bxc4 Qf4 c5 Qxe4+ Ka2 Qd5+ Kb1 Qd3+ Ka2 Qxh3 Rxh3 Rd5 g5 hxg5 c4 Rxc5 Rxd2 e4 Rdh2 f6 Re3 Rxc4 Kb3 b5 Reh3 a5 Rh8+ Kf7 R8h3 a4+ Ka3 Rd8,A00
2025-12-28,xCFmQs7G,blitz,11:43,1235,1241,6,win,1,black,1269,Umbra_Phile,28,14,b4 e5 Bb2 d6 Nf3 Qf6 e3 Bg4 Be2 Bxf3 Bxf3 c6 b5 Nh6 bxc6 bxc6 Nc3 Ng4 Bxg4 d5 O-O e4 Rb1 Bd6 Nxd5 Qh6 Nc3 Qxh2#,A00
2025-12-30,oaLfVt8R,blitz,15:53,1241,1235,-6,loss,-1,white,1237,rasistr,2,27,e4 d5 e5 d4 Nf3 Nc6 Bb5 Bg4 Qe2 Qd5 Qd3 Bxf3 gxf3 Qxe5+ Kf1 Nf6 Bxc6+ bxc6 b3 e6 Ba3 Bxa3 Nxa3 O-O Nc4 Qd5 Re1 Rae8 Re5 Qd7 Rg1 Nd5 Rg4 c5 Rh4 Nf6 Rxc5 a6 Ne5 Qd6 b4 h6 a3 Nd5 Ng4 Nf4 Qe4 e5 Nxh6+ gxh6 Rh5 Nxh5 Rxe5 Rxe5,B01
2025-12-30,10GfhfbM,blitz,17:19,1235,1240,5,win,1,white,1176,DoomToph,-64,34,e4 e5 Nf3 Nc6 Bb5 d6 d3 a6 Bxc6+ bxc6 h3 Be6 Nc3 h6 Be3 Rb8 b3 Nf6 Ne2 Be7 Ng3 O-O c4 a5 Qd2 a4 b4 Rb7 a3 Qa8 O-O Rfb8 Bxh6 gxh6 Qxh6 Nh7 Nh5 Bf8 Nf6+ Nxf6 Qxf6 Bg7 Qg5 Kf8 Nh4 f6 Ng6+ Kf7 Qh5 Kg8 Ne7+ Kf8 Nxc6 Bf7 Qg4 Re8 Na5 Rb6 Qd7 c5 Qxa4 cxb4 axb4 Reb8 b5 Ke7 Nc6+ Rxc6 Qxa8,C62
2025-12-30,Th2GlCsl,blitz,18:19,1240,1246,6,win,1,black,1259,Maalevich,13,29,e4 e5 Nf3 Nc6 d4 exd4 Ng5 Be7 Nxf7 Kxf7 Bc4+ Ke8 Qh5+ g6 Qf3 Ne5 Qe2 Nf6 f4 Nxc4 Qxc4 Nxe4 Qxd4 d5 Qxh8+ Bf8 Qe5+ Be7 O-O Bf5 Qh8+ Kd7 Qe5 Qg8 Rd1 c6 c4 Bd6 Qd4 Bxf4 Bxf4 Qe6 cxd5 cxd5 Qa4+ Ke7 Qb4+ Kf6 Qd4+ Ke7 Qxd5 Qb6+ Kh1 Nf2+ Kg1 Nxd1+ Kf1 Qf2#,C44
2025-12-31,qyz9liV1,blitz,12:29,1246,1251,5,win,1,white,1227,Mr_GoodGame,-24,42,e4 c6 Nf3 d5 e5 Bf5 d4 e6 a3 c5 Be3 Nc6 Bb5 a6 Bxc6+ bxc6 h3 cxd4 Bxd4 c5 Be3 h6 O-O Rb8 b3 Qc7 c4 Rxb3 cxd5 Rxb1 Qa4+ Rb5 Qxa6 Rb6 Qa4+ Qd7 Qxd7+ Kxd7 dxe6+ Kxe6 Bxc5 Bxc5 Rac1 Rc6 Nd4+ Kd5 Nxc6 Kxc6 Kh1 Ne7 f4 Ra8 Rfd1 Rxa3 Rd6+ Kb5 Rd8 Rd3 Rb8+ Kc6 Rc8+ Kb5 R8xc5+ Kb4 R5c4+ Kb3 Rc7 Nd5 Rb7+ Ka4 Ra1+ Ra3 Ra7+ Kb4 R1xa3 Kc4 R3a4+ Kd3 R7a5 Be4 Ra3+ Kd4 R5a4+,B12
2025-12-31,oRcwp2iX,bullet,13:36,1002,1007,5,win,1,black,918,diablosauce,-89,9,e4 e5 Nf3 Nc6 Bc4 Nf6 Ng5 d5 exd5 Na5 Bb3 Nxb3 axb3 Qxd5 c4 Qxg2 Ne4 Qxe4+,C58
2025-12-31,yufrMyTW,bullet,14:43,1007,1014,7,win,1,white,1058,lukethereoww,44,24,e4 c5 Nf3 d6 e5 Nc6 Bb5 a6 Bxc6+ bxc6 Nc3 Bg4 h3 Bh5 g4 Bg6 d3 Qb6 Ne2 O-O-O Nf4 dxe5 Nxe5 f6 Nfxg6 hxg6 Nf7 Rh7 Nxd8 Qxd8 Bf4 Nh6 Qf3 Kb7 O-O-O e5 Be3 Bd6 Qe4 f5 Qa4 f4 Qb3+ Kc7 Bd2 Nf7 Ba5+,B50
2026-01-01,wy15NJmt,blitz,16:09,1251,1246,-5,loss,-1,black,1269,azdraid,23,56,d4 d5 Nf3 Nc6 Nc3 Nf6 Bf4 Bg4 Nb5 e5 dxe5 Bxf3 exf6 Be4 Nxc7+ Kd7 Nxa8 Qxf6 Qd2 Qxb2 Rd1 Bb4 c3 Bxc3 Nc7 Bxd2+ Rxd2 Qc1+ Rd1 Qxf4 Nxd5 Bxd5 Rxd5+ Kc7 e3 Qb4+ Ke2 Rd8 Rf5 Rd2+ Kf3 Rd1 Rxf7+ Kb6 Rxg7 Ne5+ Kg3 Qd6 f4 Ng6 Rxh7 Qf6 Kg4 Nf8 Rh5 Qg6+ Rg5 Qh6 Rb5+ Kc7 Rc5+ Kb6 Rb5+ Kc7 Rc5+ Kd6 Rh5 Qe6+ Kg5 Qg6+ Kh4 Rd5 Rg5 Rxg5 fxg5 Nh7 Kg3 Qxg5+ Kf2 Nf6 Bd3 Qh4+ g3 Qb4 Rd1 Qb2+ Be2+ Ke5 h4 Nd5 h5 Ke4 Rd4+ Ke5 h6 Nf6 Kf3 b5 Rh4 Qxa2 h7 Nxh7 Rxh7 Qd5+ e4 Qb3+ Kg2 a6 Re7+ Kd4 g4 Qe3 Kf1,D02
2026-01-02,Mwq4Kp7J,blitz,12:01,1246,1240,-6,loss,-1,white,1218,cookeimonstr,-22,37,e4 e5 Nf3 d6 h3 Nf6 d3 Nc6 Nc3 Nd4 Be3 Nxf3+ Qxf3 Be7 Be2 c6 Bg5 Be6 O-O Qb6 b3 Kf8 Bxf6 Bxf6 Qg3 Qc5 Nd1 Qxc2 Ne3 Qxe2 Nc4 Bxc4 bxc4 Ke7 a4 d5 Rab1 dxe4 Rxb7+ Ke6 Rc7 exd3 Rxc6+ Kd7 Rc5 d2 Rd5+ Ke6 Rd1 Qe1+ Kh2 Qxd1 Qg4+ Qxg4 hxg4 Bg5 g3 Rac8 f4 Rxc4 Rxd2 exf4 Re2+ Kf6 Rf2 Kg6 gxf4 Bxf4+ Kh3 Rc3+ Kg2 Rg3+ Kf1 Rxg4,C41
2026-01-02,JehC80OH,blitz,12:56,1240,1245,5,win,1,black,1182,mrkaraduman,-63,19,e4 e5 d4 exd4 c3 Nf6 cxd4 Bb4+ Nc3 O-O e5 Ne4 Bd2 Bxc3 Bxc3 d6 Qe2 Bf5 O-O-O Qg5+ Bd2 Nxd2 Rxd2 Nc6 Nf3 Qe7 exd6 Qxd6 h3 Nb4 Qc4 Be6 Qe2 Nxa2+ Kb1 Qb4 Ne5 Nc3+,C21
2026-01-02,095M9LYU,blitz,13:36,1245,1251,6,win,1,white,1281,donbtn,30,14,e4 d5 e5 Bf5 d4 e6 Nf3 c5 Be3 cxd4 Bxd4 Nc6 Bb5 Ne7 Nc3 Qa5 O-O a6 Bxc6+ Nxc6 Ne2 Nxd4 Nexd4 Bg6 c3 Bc5 Qb3 Qb5 Nxb5,B01
2026-01-02,fDQU7rtI,blitz,15:06,1251,1256,5,win,1,black,1221,evdomos,-35,49,d4 d5 Bf4 Nc6 Nc3 Nf6 Nb5 e5 Bxe5 Nxe5 dxe5 Ne4 Qxd5 Qxd5 Nxc7+ Kd8 Nxd5 Bb4+ c3 Ba5 e3 a6 b4 Bc7 Nxc7 Kxc7 f3 Nxc3 Rc1 Kb6 Rxc3 Be6 a4 Rad8 Nh3 Bxh3 gxh3 Rd5 e4 Rxe5 Rg1 g6 h4 Rd8 Rg5 Re6 Bc4 Rf6 Rd5 Rc8 Ke2 Rfc6 Kd3 f6 Kd4 h6 Rc5 Rxc5 bxc5+ Rxc5 f4 Ra5 Ra3 Kc7 Be6 b5 Rc3+ Kb6 axb5 Ra4+ Rc4 Kxb5 Rxa4 Kxa4 Kc4 a5 Kc3 Kb5 Kb3 Kc5 Ka4 Kd4 Bd5 Ke3 f5 g5 h5 Kf4 Kxa5 Kg4 Bf7 Kh3 Kb4 Kxh2 Kc3 g4 Kd2 g3,D00
2026-01-03,ihQ5yyL5,blitz,08:03,1256,1262,6,win,1,black,1221,Kimberly18,-41,12,d4 d5 Nf3 Bg4 h3 Bxf3 exf3 e6 Be3 a6 Bd3 Nf6 Nc3 Bb4 a3 Bxc3+ bxc3 Nc6 Qb1 b5 Qb4 Rb8 Qxb5,D02
2026-01-03,da7qoNAe,bullet,11:14,1014,1006,-8,loss,-1,white,942,muratrdk10,-64,38,e4 e5 Nf3 Nc6 Bb5 d6 d3 Bd7 Bxc6 Bxc6 h3 h6 Nc3 Nf6 O-O a6 a3 Be7 b4 O-O Ne2 Re8 Ng3 Nh7 c3 Bb5 Re1 Bh4 Nf5 Bf6 d4 exd4 cxd4 Ng5 Ra2 Nxf3+ Qxf3 Bc4 Qg3 Bxa2 Nxh6+ Kf8 Nf5 Be6 Ne3 Bxd4 Ng4 Bxg4 Qxg4 Bf6 Re3 Re5 Rg3 Rg5 Qf3 Rxg3 Qxg3 Qe7 Qf4 Bg5 Qxg5 Qxg5 Bxg5 Re8 f3 Re5 Kf2 Rxg5 g4 Rg6 Ke3 c6 Kf4 b6 Kf5 Re6,C62
2026-01-03,0Hp0SD4g,bullet,15:52,1006,1001,-5,loss,-1,black,1006,Iaco,5,20,d4 d5 c4 dxc4 Nc3 e6 a3 Nf6 Bf4 Bd6 Bg5 O-O e4 Be7 Bxc4 Nc6 Nf3 Bd7 b4 a6 d5 exd5 exd5 Nb8 Rc1 Ng4 Bf4 h6 h3 Nf6 O-O c6 d6 Bxh3 gxh3 Nh5 Bh2 Nf6 Re1 Bxd6 Bxd6,D20
2026-01-04,sS0BqdQy,bullet,13:33,1001,995,-6,loss,-1,black,1015,gust4v0,20,10,e4 e5 d4 exd4 c3 dxc3 Bc4 d6 Nxc3 Nf6 Bf4 Nc6 Nf3 Bg4 Qb3 Bxf3 Bxf7+ Kd7 Qe6#,C21
2026-01-04,S8Z6r8v8,bullet,13:50,995,1001,6,win,1,white,993,Aleksandr17746,-8,24,e4 e5 Nf3 Nc6 Bb5 Nf6 d3 d6 Bg5 h6 Bxf6 Qxf6 Nc3 Be7 Nd5 Qg6 Nxc7+ Kd7 Nxa8 a6 Nb6+ Kc7 Nd5+ Kd7 Bxc6+ bxc6 Ne3 Qe6 h3 g5 Qe2 f6 c4 c5 O-O h5 Nd5 g4 Nh4 f5 Nxf5 gxh3 Nfxe7 hxg2 Kxg2 h4 Qf3 h3+ Kh2,C65
2026-01-04,PvLZbPY9,blitz,14:55,1262,1256,-6,loss,-1,black,1277,eneskirli,21,36,e4 e5 Qh5 Nc6 Bc4 g6 Qf3 Nf6 c3 Bc5 d3 d6 h3 a6 Bg5 Be6 Bxe6 fxe6 Bxf6 Qd7 Bxh8 O-O-O Bf6 Rf8 b4 Bd4 cxd4 Nxd4 Qe3 Nc2+ Kd2 Nxe3 Kxe3 Rxf6 Nf3 Qb5 a3 d5 Nbd2 d4+ Ke2 Qa4 Rhc1 c6 Nxe5 Qb5 Ndc4 Kc7 f3 Qa4 Ra2 b5 Nd2 Kd6 Nxc6 e5 g4 g5 Nb1 Qb3 Rac2 Kd7 Nxe5+ Ke7 Rc7+ Kf8 Rxh7 Qb2+ Kd1 Qh2 Rc8#,C20
2026-01-04,BjrC0v5Q,bullet,16:27,1001,994,-7,loss,-1,white,972,Ustanicka160,-22,19,e4 c6 Nf3 d5 e5 Bg4 d4 c5 Be2 e6 Ng5 Bxe2 Qxe2 cxd4 Qb5+ Nc6 Qxb7 Nge7 Nxf7 Kxf7 Bg5 Nxe5 Bxe7 Bxe7 Qb3 Rf8 O-O Kg8 Nd2 Rb8 Qh3 Rxb2 Qxe6+ Nf7 Nf3 Rb6 Nxd4 Rxe6,B10
2026-01-04,0lE3hD98,bullet,17:30,994,989,-5,loss,-1,black,1026,Goalkeeper2008,37,32,d4 d5 c4 e6 a3 Nf6 Nc3 a6 h3 Nc6 cxd5 Nxd5 e4 Nxc3 bxc3 Bd6 Nf3 Ne7 e5 Bxe5 Nxe5 Ng6 Qa4+ c6 Nxc6 bxc6 Qxc6+ Bd7 Qf3 O-O Bd3 Nh4 O-O Nf5 Bxf5 exf5 Qg3 Qf6 Bg5 Qg6 h4 Rac8 Rac1 Rc4 Rfe1 Qc6 Bh6 Qxh6 Qg5 Qxg5 hxg5 f4 f3 Ra4 Ra1 a5 Re7 Be6 g3 fxg3 Kg2 Rc4 Rc1 a4 Kxg3,D30
2026-01-04,F0Rk3IxB,bullet,18:02,989,982,-7,loss,-1,white,939,Pasad0,-43,39,e4 e5 Nf3 Nc6 Bb5 a6 Bxc6 dxc6 d3 Bg4 h3 Bxf3 Qxf3 Bc5 Nc3 Nf6 Bg5 O-O O-O Be7 Bxf6 Bxf6 Ne2 c5 Ng3 g6 c3 b5 Rad1 b4 c4 Qd4 b3 Bg7 Rfe1 a5 Ne2 Qb2 Nc1 Qd4 Re2 a4 Kh1 axb3 Nxb3 Qc3 Nxc5 Qd4 Nb3 Qc3 Nc1 Ra3 Qg4 b3 axb3 Rxb3 Nxb3 Qxb3 Qd7 Qxd1+ Kh2 Qxe2 Qxc7 Qxd3 c5 Qxe4 c6 Qf4+ g3 Qxf2+ Kh1 Qxg3 Qd7 Qe1+ Kg2 Qc1 c7 Bf6,C68
2026-01-04,CxDwPF7G,blitz,19:05,1256,1251,-5,loss,-1,black,1247,NoobieVzla,-4,28,d4 d5 c3 e6 Nf3 h6 g3 Nc6 Bg2 Bd6 Nbd2 Nf6 O-O Ne7 Re1 Ng6 e4 O-O e5 Bxe5 Nxe5 Nxe5 dxe5 Ng4 Qxg4 c6 Nf3 Qb6 Bxh6 g6 Bxf8 Kxf8 Qh4 Qxb2 Qh8+ Ke7 Qf6+ Ke8 Ng5 Qxc3 Qxf7+ Kd8 Nxe6+ Bxe6 Qxe6 Kc7 Reb1 b5 Qd6+ Kb6 Rc1 Qd4 Qxc6+ Ka5 Qxa8,D00
2026-01-05,areic5OH,blitz,14:04,1251,1256,5,win,1,white,1222,paletis,-34,19,e4 e5 Nf3 Nf6 Nxe5 Nxe4 Nf3 Qe7 Qe2 Nc6 d3 Nf6 Qxe7+ Bxe7 Be2 Nb4 Nd4 Bc5 Nb5 Bb6 N1a3 c6 Nc3 d6 Bd2 Ng4 Bxg4 Bxg4 O-O Bd4 Rae1+ Be6 Ne4 Bxb2 Nxd6+ Kd7 Bxb4 b6,C42
2026-01-05,MdSy76bj,blitz,17:19,1256,1250,-6,loss,-1,black,1259,Verdant64,9,14,d4 d5 Nc3 e6 Bf4 a6 Qd2 Bd7 O-O-O Nc6 e4 Bb4 exd5 exd5 Qe3+ Nge7 Nxd5 O-O Bxc7 Qc8 Bb6 Nxd5 Qe4 Nxb6 Bd3 Be6 Qxh7#,D01
2026-01-05,BsPT0bhl,bullet,17:45,982,977,-5,loss,-1,white,1007,Rafacave,30,21,e4 d5 e5 g6 d4 Bg7 Nc3 Nd7 Nxd5 e6 Nc3 Ne7 Be3 b6 Nf3 Bb7 Be2 O-O O-O Qc8 h3 c5 Qd2 cxd4 Nxd4 Nxe5 Bh6 Bxh6 Qxh6 Nd5 Ne4 Nd7 Ng5 N5f6 Nb5 Qxc2 Bd1 Qc5 Ba4 Qc6 Rac1 Qxg2#,B01
2026-01-05,fSH0X2E3,bullet,18:01,977,973,-4,loss,-1,white,1135,RocketDaddy,162,39,e4 e5 Nf3 Nc6 Bb5 Nge7 Bxc6 Nxc6 d3 d6 O-O h6 Be3 Be7 h3 O-O Nc3 a6 Nd5 Be6 Nc3 Bf6 a3 Ne7 Ne2 Ng6 Ng3 Nh4 Nxh4 Bxh4 Nf5 Bxf5 exf5 Bg5 Qf3 Bxe3 fxe3 f6 e4 Qe8 b3 Qc6 Ra2 Kh8 a4 Qd7 h4 c6 g4 b5 Rf2 Qf7 Rh2 d5 Qe3 d4 Qf3 Kg8 g5 fxg5 hxg5 Qe7 gxh6 Qg5+ Kf1 Qc1+ Kg2 gxh6 Rh1 Qg5+ Kf2 Kf7 Raa1 Rg8 Rag1 Qd2+ Kf1 Qc1+,C60
2026-01-05,EXiCwIQU,blitz,21:11,1250,1244,-6,loss,-1,black,1209,tulu,-35,32,b4 d5 Bb2 d4 e3 e5 exd4 exd4 Nf3 Bxb4 Bxd4 Bg4 Bxg7 Bxf3 Qxf3 Nc6 Bxh8 Nd4 Qe4+ Ne6 Bb5+ c6 Bxc6+ bxc6 Qxc6+ Kf8 Nc3 Rc8 Qa4 Bxc3 Bxc3 Nf4 Qxf4 Rxc3 dxc3 Qe7+ Qe3 Qd6 O-O Nf6 Qxa7 Ng4 g3 Qh6 Qa8+ Kg7 Qg2 f6 a4 Ne5 a5 Qh5 a6 Nf3+ Kh1 Nd2 Rfd1 Nf3 a7 Ng5 a8=Q Nh3 Rd7+ Kg6 Qe8+,A00
2026-01-05,NeWAxaRM,bullet,21:27,973,969,-4,loss,-1,black,1023,sserg82,54,26,e4 e5 Nf3 Nc6 Nc3 a6 Bc4 Nf6 d3 Bc5 Bg5 h6 Bh4 Ne7 a3 d6 Qd2 Ng6 Bg3 Be6 Bxe6 fxe6 O-O-O O-O Na4 Ba7 d4 Ng4 dxe5 N4xe5 Nxe5 Nxe5 Nc3 Ng4 h3 Nf6 Bh4 g5 Bg3 c6 f4 d5 e5 Nd7 fxg5 Nc5 g6 Ne4 Qxh6 Nxc3 Qh7#,C46
2026-01-07,aEgxffyX,blitz,17:58,1244,1249,5,win,1,black,1196,disconnectedrooks,-53,35,d4 d5 Bf4 e6 e3 Nf6 Nf3 a6 Nbd2 Nc6 Bd3 Bd6 Bxd6 Qxd6 O-O Bd7 c3 h6 h3 Ne7 Re1 Nf5 e4 Ne7 e5 Qb6 exf6 gxf6 Rb1 O-O-O b4 e5 dxe5 f5 a4 f4 a5 Qa7 Nb3 Be6 Nc5 Nc6 Nxe6 fxe6 Nd4 Ne7 Nf3 Rdf8 Nh4 b5 Bg6 Rhg8 Bd3 Qb7 Nf3 Qc6 Rc1 Rg7 Nh4 Rg5 Be2 Kd8 Nf3 Rg7 Qd2 Nf5 Qd3 Rfg8 Nh4 Nxh4,D00
2026-01-07,6pvTNoDs,bullet,18:34,969,965,-4,loss,-1,white,1111,Qivix,146,40,e4 e5 Nf3 Nc6 Bb5 Nf6 d3 Bc5 Bg5 h6 Bxf6 Qxf6 Nc3 a6 Bxc6 dxc6 h3 O-O a3 a5 O-O Be6 Qe2 Rad8 Nd1 Rfe8 Ne3 g5 Nd1 g4 Nh2 gxh3 g3 Kh7 c4 Rg8 Qh5 Rg5 Qf3 Qxf3 Nxf3 Rg6 Kh2 Rdg8 Nh4 Rg4 Nc3 Be7 Ne2 Bxh4 gxh4 Rg2+ Kh1 R8g4 Rg1 Rxg1+ Nxg1 Bd7 Nxh3 c5 Ng1 Bc6 Nf3 b5 b3 bxc4 bxc4 Ba4 Ra2 Bb3 Rb2 Bd1 Nh2 Rg6 Rb1 Bc2 Rb7 Bxd3 f3 Bxc4,C65
2026-01-07,Xz8GzMjb,bullet,19:43,965,958,-7,loss,-1,white,923,alchar1979,-35,31,e4 e5 Nf3 Nc6 Bb5 d6 c3 Nf6 d3 Be7 Bg5 h6 Bxf6 Bxf6 Nbd2 Bd7 Bxc6 Bxc6 Nf1 O-O Ng3 d5 O-O dxe4 dxe4 Bxe4 Nxe4 Qe7 Qb3 b6 h3 g5 Qd5 Rad8 Qb7 a5 a3 Kg7 b4 Kg8 c4 Bg7 bxa5 bxa5 Qb5 f5 Ned2 e4 Rfe1 Qf6 Rad1 exf3 Nxf3 Rxd1 Rxd1 g4 hxg4 fxg4 Ne1 g3 Qd5+ Rf7,C62
2026-01-10,nWPVivsg,blitz,15:45,1249,1244,-5,loss,-1,black,1283,bedbul,39,44,e4 e5 Nc3 Nc6 Nf3 Nf6 Bc4 Bc5 O-O O-O Nd5 d6 d3 Be6 Ng5 Bxd5 Bxd5 Nxd5 exd5 Nd4 f4 Nxc2+ Kh1 Nxa1 fxe5 dxe5 Bd2 Qxd5 Qxa1 Qxd3 Qe1 Bd6 a3 h6 Nf3 e4 Nh4 Rae8 Nf5 Bxh2 Kxh2 Kh7 Rf4 Re5 Ng3 f5 Ne2 Qd8 Ng3 Qg5 Rf2 Qh4+ Kg1 Qxg3 Re2 Qxe1+ Rxe1 f4 Rf1 e3 Bc3 Re4 Rf3 e2 Rf2 e1=Q+ Bxe1 Rxe1+ Kh2 Re4 Kh3 Rf5 Kg4 Rg5+ Kf3 Rg3+ Kxe4 g5 b4 Rxa3 Kf5 a5 Re2 axb4 Re7+ Kg8 Rxc7 Ra5+ Kg6,C50
2026-01-10,WU2Gw8XX,bullet,16:16,958,953,-5,loss,-1,white,978,SS_Taratra,25,9,e4 g6 Nf3 Bg7 e5 d6 d4 dxe5 Be3 Bg4 Nc3 Bxf3 Qxf3 exd4 Qxb7 dxe3 Qxa8 Qd2#,B06
2026-01-10,4NROI2Of,bullet,17:35,953,949,-4,loss,-1,black,1064,kaspwner,115,22,e4 e5 Nf3 Nc6 Bc4 a6 c3 Nf6 d4 exd4 cxd4 Bb4+ Bd2 Bxd2+ Nbxd2 d6 e5 dxe5 dxe5 Ng4 O-O O-O Re1 Qe7 h3 Ngxe5 Nxe5 Nxe5 Bb3 Qg5 Nf3 Nxf3+ Qxf3 c6 Rad1 Be6 Rxe6 fxe6 Bxe6+ Kh8 Qb3 Qf6 Rd7,C50
2026-01-12,efgfGiDm,blitz,21:06,1244,1238,-6,loss,-1,white,1231,heavenlyhpr,-7,33,e4 e5 Nf3 Nc6 Bb5 d6 d3 Bd7 Bxc6 Bxc6 h3 Nf6 Nc3 Be7 O-O O-O a3 a6 b4 h6 Be3 b5 Ne2 Nh7 Ng3 Bd7 c3 f5 Bd2 f4 Ne2 Ng5 Nh4 Nxe4 Ng6 Rf6 Nxe7+ Qxe7 dxe4 Raf8 f3 Qf7 Be1 Qg6 Bh4 R6f7 Qd5 Qh5 Be7 Re8 Bxd6 cxd6 Qxd6 Re6 Qb8+ Kh7 Qa8 Rg6 Kf2 Bxh3 gxh3 Qxh3 Ke1 Qh2 Qxa6 Rxa6,C62
2026-01-14,KQ9gbpuH,bullet,10:00,949,943,-6,loss,-1,white,937,joefizi,-6,49,e4 e5 Nf3 Nc6 Bb5 Bc5 d3 Qf6 Bxc6 dxc6 Nc3 h6 h3 a6 Ne2 Ne7 Ng3 Qg6 Nxe5 Qf6 Nf3 Qg6 O-O Qxg3 Be3 Bxe3 fxe3 Bxh3 Qe2 Bg4 Qf2 Qxf2+ Rxf2 Bxf3 Rxf3 f6 Raf1 O-O-O Rg3 Rh7 d4 h5 c4 b6 b4 h4 Rh3 Rh6 Rf4 g5 Rg4 Rg8 e5 fxe5 Re4 g4 Rh2 g3 Rh3 Ng6 dxe5 Re8 e6 Nh8 e7 Rh7 Rexh4 Rxh4 Rxh4 Ng6 Re4 Rxe7 Rxe7 Nxe7 Kf1 Kd7 Ke2 Ke6 Kf3 Nf5 e4 Nd4+ Kxg3 Nc2 Kf4 Nxb4 a3 Nd3+ Ke3 Ne1 g3 Ng2+ Kf3 Ne1+ Kf4 Nc2 g4 Nxa3,C64
2026-01-14,RnstqAGw,bullet,12:04,943,936,-7,loss,-1,black,918,Gerinho11,-18,20,d4 d5 f4 Nc6 Nf3 a6 b3 Bg4 Bb2 Nf6 Nbd2 e6 h3 Bxf3 gxf3 Bd6 e4 dxe4 fxe4 Bxf4 Qe2 Bxd2+ Qxd2 Nxe4 Qe3 Nf6 O-O-O O-O h4 Nd5 Qg3 Qf6 Qxc7 Qh6+ Kb1 Ne3 Bc1 Rac8 Qg3 Nxd4 Bxe3,D00
2026-01-16,XBMNnTvg,bullet,18:08,936,942,6,win,1,black,881,VLevitskiy,-61,45,e4 d5 exd5 Qxd5 Nc3 Qe5+ Qe2 Qxe2+ Bxe2 Nc6 Nf3 Bg4 Bc4 Bxf3 gxf3 e6 d4 Bb4 d5 Nd4 Bd3 Nxf3+ Ke2 Nd4+ Ke1 exd5 a3 Bxc3+ bxc3 Ne6 Kd2 Nf6 Bb2 O-O-O c4 dxc4 Ke2 cxd3+ cxd3 Nd5 Bxg7 Rhg8 Be5 Rg5 Rhc1 Rxe5+ Kd2 Ndf4 Rc4 Re2+ Kd1 Rxd3+ Kc1 Rxf2 Rc2 Rf1+ Kb2 Rxa1 Kxa1 Rxa3+ Ra2 Rxa2+ Kxa2 Nd4 Kb2 c5 Kc3 b5 Kb2 a5 Kc3 a4 Kb2 b4 Ka2 Nfe2 h4 c4 Kb2 f5 Ka2 f4 Kb2 f3 Ka2 f2 Kb2 f1=Q Ka2 Qf2,B01
2026-01-16,LT21zUcb,bullet,20:06,942,948,6,win,1,white,1010,brohovo,62,28,e3 e5 e4 Qh4 Nc3 Bb4 Nf3 Qf6 Nd5 Qd6 a3 c6 Nxb4 a5 Nd3 Nf6 Ndxe5 Nxe4 d3 Nxf2 Kxf2 Qc5+ Be3 d6 Bxc5 dxc5 Be2 Nd7 Nxd7 Bxd7 Re1 O-O Ne5 Be6 Bg4 Bd5 c4 Be6 Bxe6 fxe6+ Kg1 Rae8 Qh5 g6 Qh6 Kh8 Nxg6+ Kg8 Nxf8 Rxf8 Rxe6 Rf7 Re8+ Rf8 Qxf8#,A00
2026-01-16,eST76eLt,blitz,20:46,1238,1245,7,win,1,white,1295,Andru228777,50,16,e4 e5 Nf3 Nc6 Bb5 Nf6 Bxc6 dxc6 d3 Bg4 Nc3 Bxf3 Qxf3 Qd4 Bg5 Bb4 O-O O-O Bxf6 gxf6 Ne2 Qxb2 Rab1 Qa3 Rb3 Qa4 c3 Bd6 Qxf6 Qxa2 Nc1 Rfe8 Nxa2,C65
2026-01-21,XBz4Oh4M,bullet,17:20,948,943,-5,loss,-1,black,992,stallworth,49,26,d4 d5 c4 e6 cxd5 exd5 Nc3 Bb4 Nf3 Bg4 a3 Bxc3+ bxc3 f6 Bf4 Nc6 e3 a6 h3 Bxf3 Qxf3 Nge7 Bd3 Qd7 Rb1 O-O-O O-O Na5 Rb2 Qa4 Rfb1 Qxa3 Bg3 h5 Qf4 Qd6 Bf5+ Kb8 Qf3 Qc6 e4 Nxf5 exf5 Rhe8 Qxh5 Qxc3 Qf7 Qc6 Bf4 Nc4 Rc1 Qa4 Qxc7+,D30
2026-01-22,S43iIpkJ,blitz,17:16,1245,1251,6,win,1,white,1259,Lord1k_com,8,38,e4 c5 Nf3 Nc6 Bb5 d6 d4 cxd4 Nxd4 Bd7 Bxc6 bxc6 Be3 Nf6 Nc3 c5 Nf3 g6 h3 Bg7 O-O e5 Nd5 O-O Bg5 h6 Bxf6 Bxf6 c4 Bc6 b3 Rb8 Qd2 Bg7 Ne3 Bxe4 Ng4 Kh7 Nfh2 Qb6 f3 Bf5 Ne3 e4 Rad1 Rbd8 Nxf5 gxf5 fxe4 fxe4 Ng4 f5 Ne3 Bd4 Kh1 f4 Nd5 e3 Qd3+ Rf5 Nxb6 Rf8 Nd5 f3 Rxf3 Kh8 Rxf5 e2 Rxf8+ Kg7 Qxe2 Kxf8 Qe7+ Kg8 Rf1,B30
2026-01-23,rcDQY0c3,bullet,13:56,943,938,-5,loss,-1,black,944,Michael1_sanchez1,6,40,e4 e5 Bc4 Nc6 Bxf7+ Kxf7 Qf3+ Nf6 g4 Nd4 Qd3 Nxg4 c3 Ne6 Nf3 Nf4 Qc4+ d5 exd5 Ng2+ Kf1 Nf4 Nxe5+ Nxe5 Qxf4+ Qf6 Qxf6+ gxf6 Na3 Bh3+ Ke1 Nd3+ Ke2 Bf5 Nb5 Re8+ Kd1 Bg4+ Kc2 Ne1+ Kb3 Nd3 Nxc7 Rb8 Nb5 Bd7 c4 Nc5+ Kb4 b6 d6 Ra8 d4 a5+ Kc3 Ne4+ Kd3 Bf5 f3 Nf2+ Ke3 Nxh1 Bd2 Re8+ Kf4 Bg6 Rxh1 h5 Kg3 h4+ Kh3 Bf5+ Kg2 h3+ Kg3 Rg8+ Kf4 Rh8 Kxf5,C23
2026-01-24,BMofx6GY,blitz,10:59,1251,1257,6,win,1,black,1234,Ivanchel,-23,65,e4 e5 Nf3 Nc6 d4 exd4 Nxd4 Nxd4 Qxd4 Nf6 Bc4 b6 Bg5 Bc5 Qc3 Qe7 e5 O-O Bxf6 gxf6 O-O Qxe5 Qxe5 fxe5 Bd5 c6 Bf3 Bb7 Nc3 d6 Ne4 d5 Nxc5 bxc5 Rfe1 Rfe8 Rad1 Rad8 a4 Bc8 Bh5 Bf5 Rd2 e4 Re3 Bg6 Bxg6 hxg6 f3 f5 h4 Kg7 Kh2 Rb8 b3 Rb4 g4 f4 Re1 e3 Rg2 d4 h5 g5 c3 Rxb3 cxd4 cxd4 a5 c5 Kh1 Kh6 Rh2 Re6 Kg1 Ra6 Rc1 Rxa5 Rhc2 Rbb5 Kg2 a6 Kf1 Kh7 Ke2 Kh6 Kd3 Ra4 Rxc5 Ra3+ Kxd4 Ra4+ Kd5 Raa5 Kc6 Rxc5+ Rxc5 Rxc5+ Kxc5 a5 Kb5 a4 Kxa4 e2 Kb4 e1=Q+ Kc5 Qf2+ Kd5 Qxf3+ Ke6 Qxg4+ Kf7 Qxh5+ Kg8 f3 Kh8 f2 Kg8 f1=Q Kh8 g4 Kg8 g3 Kh8 g2 Kg8 g1=Q+ Kh8 Kg5+,C44
2026-01-24,W8lMZTQ4,bullet,13:40,938,929,-9,loss,-1,white,799,maikelpor,-130,26,e4 Nc6 Nf3 e6 Bb5 d5 Nc3 d4 Ne2 Bc5 d3 a6 Bxc6+ bxc6 Ne5 Bb7 Nf3 Ba7 Bg5 f6 Bh4 g5 Bg3 e5 h3 Ne7 O-O O-O Nh2 h5 Nf3 g4 Nh4 f5 exf5 Nxf5 Bxe5 Nxh4 Nf4 Nxg2 Kxg2 Qh4 hxg4 hxg4 Ng6 Qg5 Ne7+ Kf7 Kg3 Qxe7 Qxg4 Qxe5+,B00
2026-01-24,3UYuZzAP,bullet,13:57,929,934,5,win,1,white,862,drMohamed89,-72,40,e4 e5 Nf3 Nc6 Bb5 Nf6 d3 Bc5 Bg5 O-O h3 Be7 Bxc6 bxc6 Nxe5 Bb7 Bxf6 Bxf6 Nc4 Ba6 c3 d5 Ne3 dxe4 dxe4 Qxd1+ Nxd1 Rad8 Nd2 Bg5 Ne3 Rb8 b3 c5 c4 Rbd8 Nf3 Bf6 e5 Bxe5 Nxe5 Rde8 Nc6 f5 O-O Bb7 Nxa7 f4 Nd5 Bxd5 cxd5 Rd8 Rad1 Rf6 Nc6 Rd7 a4 Rg6 a5 Rf7 a6 Rf8 a7 f3 Ne7+ Kf7 Nxg6 hxg6 g3 Ra8 d6 cxd6 Rxd6 Rxa7 Rc6 Ra5 Rc1 Kg8 R1xc5 Kh7 Rxa5,C65
2026-01-24,bYzuNKL7,bullet,14:03,934,929,-5,loss,-1,black,995,makaimwila,66,28,e4 e5 d4 Bd6 d5 Nf6 Nc3 h6 b3 a6 Bb2 Qe7 Qf3 b5 O-O-O Bb7 g4 Nh7 h4 Nf6 g5 hxg5 hxg5 Rxh1 gxf6 Qxf6 Qxh1 Qf4+ Kb1 Ke7 Nh3 Qh4 Be2 g5 Qg2 f6 Bg4 Bc5 Bf5 d6 f3 Bc8 Bxc8 Nd7 Bxd7 Kxd7 Qg4+ Qxg4 fxg4 Ke7 Ne2 Be3 Ng3 Rh8 Nh5 Kf7 Ng1,C20
2026-01-24,cGBZsvoI,bullet,14:55,929,925,-4,loss,-1,black,1002,freemasonscrank,77,26,e4 e5 Qf3 Nc6 Bc4 Nf6 Qb3 Nd4 Bxf7+ Ke7 Qc4 Nxe4 b3 b5 Ba3+ d6 Qd5 Nxc2+ Kd1 Nxa3 Nxa3 Nf6 Qc6 Be6 Nxb5 Bxf7 Nxc7 Rc8 Nd5+ Nxd5 Qxd5 Bxd5 Ne2 Bxg2 Rg1 Bf3 Ke1 Qb6 Ng3 Qd4 Nf5+ Ke6 Nxd4+ exd4 Rg3 Be4 Rg4 Kd5 b4 Be7 d3 Bf3 Rxg7,C20
2026-01-24,9a9YlBOi,bullet,15:26,925,920,-5,loss,-1,white,1014,Shouvik_02,94,19,e4 e5 Nf3 d5 Nc3 Nf6 d3 d4 Ne2 Nc6 Ng3 Bb4+ Bd2 O-O a3 Bxd2+ Qxd2 Ng4 Be2 Nxf2 Kxf2 Bg4 Rhf1 h5 Ng5 h4 Nf5 Bxf5 Kg1 Bd7 Bh5 f6 Nh3 g5 Bf3 Ne7 Nxg5 Ng6,C40
2026-01-24,IGtTS4nI,bullet,15:30,920,926,6,win,1,black,909,UUenkhamgalan,-17,34,e4 e5 Nf3 Nc6 Bc4 h6 O-O Bc5 c3 Nf6 d4 exd4 cxd4 Bb4 e5 Ne4 d5 Ne7 Qe2 Nc5 a3 Bxa3 bxa3 d6 Nc3 Bg4 Qe3 Bxf3 Qxf3 O-O a4 dxe5 Ba3 Qd6 Bxc5 Qxc5 Qe3 Qxc4 Ne4 Qxd5 Rad1 Qe6 Nc3 Nf5 Qe4 c6 Rde1 Rad8 Qxe5 Qxe5 Rxe5 Nd4 Ree1 Rfe8 Rxe8+ Rxe8 Nd1 Ne2+ Kh1 Nd4 Kg1 b5 f3 bxa4 Kf2 a3 Nc3 c5,C50
2026-01-24,BNAokhA6,bullet,15:37,926,932,6,win,1,white,928,takis66,-4,22,e4 c6 Nf3 d5 e5 d4 Bd3 h6 c3 c5 Qb3 a6 Bc4 e6 O-O b6 cxd4 cxd4 d3 Bb7 Bxe6 fxe6 Nfd2 Bd5 Qd1 Qg5 Nf3 Qg4 h3 Qg6 Bf4 Be7 Nh4 Bxh4 f3 Ne7 Na3 Nf5 Qa4+ Bc6 Qc4 Qf7 Nc2 g5 Bh2,B10
2026-01-24,WwetftRb,bullet,15:44,932,936,4,win,1,white,870,Radagast13,-66,24,e4 b6 Nf3 Bb7 Nc3 d6 d3 g6 Be3 a6 Qd2 h6 O-O-O e6 g3 Nd7 Nd4 c5 Nb3 Ne7 d4 f5 Bg2 Bg7 Rhe1 cxd4 Bxd4 Bxd4 Nxd4 Rf8 Nxe6 Qc8 Nxf8 Nxf8 Qxd6 Nd7 exf5 gxf5 Qg6+ Kd8 Rxe7 Bxg2 Qe8+ Kc7 Rdxd7+ Qxd7 Qxd7+ Kb8 Re8#,B00
2026-01-25,r4amBhS3,bullet,13:39,936,931,-5,loss,-1,black,960,RapidTroll,29,42,g3 e5 Bg2 d5 Nc3 Nf6 e4 d4 Na4 Nc6 d3 a6 Bg5 h6 Bxf6 Qxf6 Nf3 Bd7 Nc5 Bxc5 c3 O-O Qe2 Bg4 O-O dxc3 bxc3 Ba3 d4 exd4 cxd4 Nxd4 Qd3 Nxf3+ Bxf3 Qxf3 Qxf3 Bxf3 Rfe1 Bd6 Rac1 c5 Re3 Bg4 f3 Bd7 Rd1 Bf4 gxf4 Bh3 Kh1 b5 Rd5 c4 e5 Bf5 Re2 c3 Rc5 b4 Rd5 c2 Re1 Rac8 Rd3 c1=Q Rxc1 Rxc1+ Kg2 Bxd3 Kg3 a5 Kg4 a4 f5 Rg1+ Kh5 f6 Kh4 fxe5 Kh3 Rxf5 Kh4 Rxf3 Kh5,A00
2026-01-26,qfMm3Ano,bullet,14:03,931,937,6,win,1,black,922,nahkog,-15,17,e4 e5 Nf3 Nc6 Bc4 h6 Nc3 Nf6 d3 Bc5 O-O O-O Na4 Bb6 Nxb6 axb6 Be3 d6 a3 Bg4 h3 Bxf3 gxf3 Nh5 Qd2 Qh4 Kh2 Nd4 Bxd4 Nf4 Be3 Qxh3+ Kg1 Qg2#,C50
2026-01-26,u1UcrneS,bullet,18:48,937,930,-7,loss,-1,black,828,LorentzoL,-102,24,d4 d5 Bf4 e6 e3 a6 Nf3 Nc6 c3 Nf6 Bd3 h6 Nbd2 Bd6 Bg3 Qe7 a3 Bd7 Ne5 Bxe5 dxe5 Ng4 Qxg4 O-O-O Bxa6 bxa6 Qa4 Nxe5 Qxa6+ Kb8 Bxe5 Qg5 Nf3 Qxg2 Ke2 Bc6 Qxc6 Qg4 Qxc7+ Ka8 Qc6+ Ka7 Bd4+ Kb8 Qb6+ Kc8 Be5 Rd7 Qb8#,D00
2026-01-26,Iy3oVuZe,bullet,18:57,930,937,7,win,1,white,1011,pudiyapura,74,22,e4 e5 Nf3 Nc6 Bb5 Qf6 Bxc6 Qxc6 d3 Nf6 Nxe5 Qb6 Qf3 Qa5+ Bd2 Qxe5 Nc3 Bb4 Bf4 Bxc3+ bxc3 Qxc3+ Ke2 Qxc2+ Bd2 d6 Rac1 Bg4 Qxg4 Nxg4 Rxc2 O-O-O Rc4 Ne5 Ra4 a6 Bf4 Nc6 Rc1 Nb8 Rac4 Nc6 d4 b5 Rxc6,C60
2026-01-26,zNfv311N,bullet,19:47,937,940,3,win,1,white,786,kavse,-154,24,e4 e5 Nf3 Nf6 Nxe5 Nxe4 Nf3 Bc5 d4 Bxd4 Nxd4 Qf6 Be3 Nc6 Nxc6 bxc6 Bd3 d5 Bxe4 dxe4 O-O c5 c3 Bb7 Bxc5 e3 Bxe3 Qg6 g3 Qc6 f3 Qb5 Re1 Qxb2 Bc1+ Qe2 Rxe2+ Kf8 Ba3+ Kg8 Qd7 Bxf3 Re7 g5 Rxf7 Rf8 Rg7#,C42
2026-01-26,JZXjMcMY,bullet,19:54,940,944,4,win,1,white,885,Verouge,-59,16,e4 e5 Nf3 d6 h3 Be7 Nc3 a6 d4 f6 d5 Bd7 Bd3 b5 O-O Nh6 Bxh6 gxh6 Nh4 Bf8 Qh5+ Ke7 Be2 Rg8 Bg4 Bxg4 hxg4 Kd7 Qf5+ Ke7 Qe6#,C41
2026-01-26,UFHfHwS9,bullet,20:12,944,950,6,win,1,black,938,Sunny-13,-12,22,d4 d5 Nc3 e6 Be3 Nf6 f3 Bb4 Qd2 h6 a3 Bxc3 Qxc3 Nc6 g4 Bd7 h4 Ng8 h5 f5 Qd2 Qf6 g5 hxg5 Bxg5 Qf7 O-O-O g6 h6 Nge7 Bxe7 Qxe7 e4 fxe4 fxe4 dxe4 d5 exd5 Qxd5 O-O-O Bg2 Bf5 Qb3 Qg5+,D00
2026-01-27,yLk6Zjmp,blitz,16:52,1257,1252,-5,loss,-1,white,1326,elguarani,74,44,e4 c5 Nf3 d6 Bc4 Nf6 d3 e6 Bg5 Be7 Bxf6 Bxf6 c3 Nc6 Qe2 O-O O-O a6 Nbd2 Re8 Rfe1 d5 Bb3 dxe4 Nxe4 Qc7 Nxc5 Ne7 d4 b6 Ne4 Ng6 Bc2 Be7 h3 Bb7 Neg5 Bxg5 Nxg5 h6 Nf3 b5 Bxg6 fxg6 Qd3 g5 Ne5 Qd6 Qg6 Rf8 Ng4 Qd5 Nxh6+ Kh8 Nf7+ Rxf7 Qh5+ Kg8 f3 Raf8 Re3 Rf5 Rae1 Bc8 Qg4 Rf4 Qxe6+ Bxe6 Rxe6 Kh7 R6e5 Qxa2 Rxg5 Qxb2 Rh5+ Kg8 Re6 Qxc3 Rg5 Qxd4+ Kh2 b4 Reg6 b3 Rxg7+ Qxg7 Rxg7+ Kxg7,B50
2026-01-27,xvRg4HB3,bullet,17:30,950,945,-5,loss,-1,black,984,sefahoca55,39,24,e4 e5 f3 Nc6 Ne2 f6 c3 d5 d4 dxe4 d5 Nce7 fxe4 Bg4 h3 Bxe2 Bxe2 Qd7 O-O O-O-O Bg4 f5 Bxf5 Nxf5 exf5 Qxf5 Rxf5 Bc5+ Kh2 Nf6 Bg5 Ne4 Bxd8 Kxd8 Rxe5 Bd6 Nd2 Nxd2 Kh1 Bxe5 Qxd2 Re8 Re1 Kd7 Qg5 Bf6 Qg4+ Kd6 Rxe8,C20
2026-01-27,L07DTBwi,bullet,17:34,945,941,-4,loss,-1,white,1016,nutron0x,75,23,e4 e5 Nf3 Nc6 Bb5 a6 Bxc6 dxc6 d3 Bc5 Nxe5 Qe7 Nf3 Be6 h3 Nf6 Bg5 h6 Bxf6 Qxf6 O-O O-O-O Nc3 Qg6 Nh4 Qg5 Nf3 Qg6 Nh4 Qg5 Nf3 Qf4 Ne2 Qf6 Ng3 g5 Nh5 Qg6 Ng3 g4 Ne5 Qg7 d4 Bxd4 Qxd4 Rxd4,C68
2026-01-28,VjQCvWnN,bullet,16:58,941,933,-8,loss,-1,black,826,GiorgioPiedifreddi,-107,26,e4 e5 f4 Nc6 fxe5 Nxe5 Nc3 Bb4 d4 Nc6 d5 Ne5 Bf4 Qh4+ Bg3 Qg5 Nf3 d6 Nxg5 Bxc3+ bxc3 Bg4 Qd2 f6 Ne6 Ne7 Nxg7+ Kf7 Ne6 Rhg8 Bc4 Rac8 h3 Bh5 Bxe5 fxe5 O-O+ Ke8 Qh6 Rxg2+ Kxg2 Bg6 Qf8+ Kd7 Bb5+ c6 dxc6+ bxc6 Qg7 Kxe6 Ba4,C30
2026-01-29,iKd5lPYk,bullet,12:19,933,928,-5,loss,-1,black,945,Dmitrash_91,17,10,e4 e5 Qh5 Nc6 Bc4 g6 Qf3 Nf6 d3 Nd4 Qd1 Bc5 Bg5 d6 h3 O-O Nf3 Nxf3+ Qxf3,C20
2026-01-29,BeMNPQSt,bullet,12:29,928,932,4,win,1,white,803,alllam,-129,28,e4 e5 Nf3 Nc6 Bb5 f6 c3 Bd6 d3 Nge7 Be3 O-O Nbd2 b6 Nf1 Bb7 Bxc6 Bxc6 Ng3 h6 O-O Bb7 a4 a5 Qd2 c5 d4 exd4 cxd4 cxd4 Nxd4 Bxg3 fxg3 Bxe4 Bxh6 gxh6 g4 Rf7 Qxh6 Nd5 Nf5 Rh7 Qg6+ Rg7 Nh6+ Kf8 Qxe4 Qe8 Qxd5 Qe3+ Kh1 Re8 Rxf6+ Rf7 Qxf7#,C60
2026-01-29,0nVRR2Pa,bullet,16:15,932,938,6,win,1,black,975,brass_monkey,37,17,e4 d5 exd5 Nf6 Nf3 Nxd5 Nc3 Nxc3 bxc3 Bg4 Be2 Bxf3 Bxf3 c6 O-O e6 Bb2 Bd6 d3 Qh4 g3 Qh3 Bg2 Qf5 c4 f6 Re1 O-O Be4 Qg5 Bc1 Qa5 Qh5 Qxh5,B01
2026-01-29,L8KLjo90,bullet,16:21,938,944,6,win,1,black,937,Estil,-7,12,e4 e5 Bc4 Nf6 Nf3 Nc6 Ng5 d5 exd5 Na5 Bb5+ c6 dxc6 bxc6 Ba4 h6 Nf3 e4 Nh4 Ng4 O-O Qxh4 d3 Qxh2#,C58
2026-01-29,y7tteg4w,bullet,16:49,944,937,-7,loss,-1,white,833,RazeenNajeeb,-104,37,e4 e5 Nf3 Nc6 Bb5 f6 Bxc6 dxc6 d3 Bg4 Nc3 Bb4 Bd2 Ne7 h3 Bxf3 Qxf3 Qd7 O-O O-O Rad1 Ng6 Ne2 Qd6 c3 Ba5 b4 Bb6 Ng3 Ne7 Qg4 Ng6 Qf3 c5 Nf5 Qd7 Be3 cxb4 Bxb6 axb6 cxb4 Rxa2 d4 Ra3 Qxa3 exd4 Qb3+ Kh8 Nxd4 f5 Nf3 Qf7 e5 Qxb3 Rb1 Qc3 e6 Qf6 Rfe1 Re8 Ne5 h6 Nd7 Re7 Ne5 Qg5 Nxg6+ Qxg6 Re3 Rxe6 Rxe6 Qxe6 Rc1 Qe5,C60
2026-01-30,GeukidCa,bullet,16:31,937,941,4,win,1,white,925,Shauryasinghrajpoot,-16,10,e4 e5 Nf3 Nc6 Bb5 Nf6 d3 Bb4+ Bd2 Bxd2+ Qxd2 d6 Qg5 O-O Bxc6 bxc6 Qg3 Bg4 Ng5,C65
2026-01-30,JTHykuKM,bullet,16:33,941,937,-4,loss,-1,black,1011,xNeoMatrix,74,24,e3 e5 Nc3 d5 b3 Bb4 Bb2 Bxc3 Bxc3 e4 d4 Nf6 Qd2 O-O O-O-O Nc6 Kb2 a6 Ne2 Ng4 Nc1 b6 f3 Nf6 Be2 a5 Rdf1 Qd6 g4 Nb4 Bxb4 axb4 h3 Ra3 Qd1 Be6 Bb5 Rfa8 f4 Bd7 Bxd7 Nxd7 Qe1 Nb8 f5 Nc6 g5 Qg3 Qxg3,A00
2026-02-01,tyKqYA1c,bullet,16:32,937,930,-7,loss,-1,white,900,manuevang,-30,23,e4 d6 Nf3 e5 d4 exd4 Nxd4 Nf6 Bd3 Bg4 f3 Bh5 Nc3 Be7 Be3 O-O O-O Qd7 Nf5 Nc6 Qe1 a6 Qh4 Bg6 Ng3 Nd5 Bg5 Nxc3 Bxe7 Nxe7 bxc3 Nc6 Rab1 b5 e5 Nxe5 Bxg6 Nxg6 Qe4 Rfe8 Qd5 c6 Qd3 Re6 Nf5 Rae8,C41
2026-02-03,3E5Qj2if,bullet,13:36,930,926,-4,loss,-1,white,1041,Lc_an,115,33,e4 e6 Nf3 d5 e5 Bd7 d4 a6 Nc3 c5 a3 Nc6 Be3 cxd4 Bxd4 Nge7 Ne2 h6 Ng3 g6 c3 Qc7 Bd3 b6 O-O Rg8 Qb3 Rb8 Bxa6 Bg7 Bd3 Nxe5 Bxe5 Bxe5 Nxe5 Qxe5 Bb5 Qd6 Bxd7+ Qxd7 Rad1 Qc6 Ne2 Nf5 g3 Nd6 Nd4 Qd7 f4 Nc4 Nb5 Ne3 a4 Nxf1 Kxf1 Ke7 c4 Qc6 cxd5 exd5 Rxd5 Rgd8 Re5+ Kf8 Qb4+ Kg7,C00
2026-02-03,SKQ16GLr,bullet,13:42,926,933,7,win,1,black,959,tripitrapa,26,36,f4 f5 Nf3 Nc6 e3 a6 Be2 Nf6 O-O e6 d3 Bc5 c3 Ng4 Nd4 Bxd4 cxd4 Nf6 Nd2 d5 Bf3 O-O e4 b5 e5 Nd7 Nb3 Ne7 Be3 Ng6 Qc2 Bb7 Nc5 Nxc5 dxc5 c6 d4 Qh4 g3 Qe7 a4 Bc8 axb5 cxb5 b4 Bd7 Bh5 Be8 Ra2 Nh8 Be2 Ng6 Rfa1 Nh4 Rxa6 Rxa6 Rxa6 Ng6 Rb6 Nxf4 Bxf4 Bg6 Bxb5 Ra8 Qb3 Ra1+ Kf2 Qa7 Ke3 Re1+ Kd3 Rf1,A02
2026-02-03,SRdXq2IR,bullet,15:10,933,940,7,win,1,white,1032,Dasha4357,92,18,e4 e5 Nf3 Nf6 d3 Nc6 Bg5 Bc5 Nc3 O-O Be2 h6 Bxf6 Qxf6 Nd5 Qe6 O-O Nb4 Nxc7 Qc6 Nxa8 b5 c3 Na6 d4 exd4 cxd4 Be7 Qb3 Bb7 Bxb5 Qxe4 Bxa6 Bxa8 Rfe1 Qh4 Nxh4,C42
2026-02-03,HKLR6nkp,bullet,15:24,940,936,-4,loss,-1,black,1056,nickzakirov,120,32,f4 f5 Nf3 c6 g3 d5 Bg2 e6 O-O Nf6 d4 Bd6 Ne5 Bxe5 dxe5 Ne4 Nd2 Nxd2 Bxd2 Bd7 Bb4 Na6 Bd6 b6 Qd3 Qc8 b4 c5 b5 Nb4 Qb3 Bxb5 Rfe1 Bc4 Qc3 Nc6 e3 Nb4 a3 Nc6 Bh3 Qd7 g4 g6 gxf5 gxf5 Qd2 Rg8+ Kh1 d4 Rg1 Bd5+ Bg2 Rxg2 Rxg2 dxe3 Qe2 Nd4 Qh5+ Kd8 Rg1 Bxg2+ Rxg2 Qe8 Qxh7,A02
2026-02-03,FRWUXLZd,bullet,15:46,936,931,-5,loss,-1,white,963,CanAvarrrr,32,40,e4 e5 Nf3 Nc6 Bb5 d6 d4 a6 Bxc6+ bxc6 d5 cxd5 Qxd5 Nf6 Qd1 Nxe4 O-O a5 Qd5 Ba6 Re1 Nf6 Qc6+ Nd7 Nxe5 dxe5 Rxe5+ Be7 Rxe7+ Qxe7 Qxa8+ Qd8 Qxa6 O-O Be3 Nb6 Nc3 Re8 Qd3 Qxd3 cxd3 Nc4 dxc4 g5 Kf1 g4 g3 f5 Rd1 h5 Rd5 f4 Bxf4 h4 gxh4 c6 Rxa5 Rf8 Bg3 Rf3 Ne4 Kf7 Ra7+ Kg6 Re7 Kh5 Re5+ Kh6 Ng5 Rd3 Re6+ Kh5 Rxc6 Rd1+ Ke2 Ra1 Ra6 Rb1 Ne4 Rxb2+,C62
2026-02-04,ZFs7Ktrr,bullet,09:44,931,925,-6,loss,-1,black,899,SuaveJ,-26,30,e4 e5 Nf3 Nc6 Bc4 Nf6 Ng5 d5 exd5 Na5 Qe2 Nxc4 Qxc4 Bd6 Nc3 O-O d3 h6 Nf3 Bg4 Ng1 Qd7 f3 Bf5 g4 Bh7 Ne4 Nxe4 dxe4 b5 Qd3 Rab8 g5 hxg5 Bxg5 Be7 Be3 Bh4+ Kd2 a5 Ne2 c6 Rhg1 cxd5 Qxd5 Qxd5+ exd5 Rbd8 Nc3 Bf6 Bh6 b4 Ne4 Rxd5+ Ke3 Bxe4 Bxg7 Bxg7 fxe4 Rd6 Rg2,C58
2026-02-04,UTkGUOcD,bullet,10:16,925,921,-4,loss,-1,black,1069,sir_Mercy_please,148,36,e4 e5 f4 exf4 Nf3 d6 d4 Bg4 Bxf4 Nf6 Nc3 Nc6 Bb5 a6 Ba4 b5 Bb3 Bxf3 Qxf3 Nxd4 Qf2 c5 Bxf7+ Kxf7 O-O Be7 b4 Rf8 bxc5 dxc5 e5 Ng4 e6+ Kg8 Qe1 Nxc2 Rd1 Nxe1 Rxd8 Raxd8 Rxe1 Rxf4 h3 Nf6 Ne2 Re4 Kf2 Rd2 a4 bxa4 Kf3 Rd3+ Kf2 Nd5 Nc3 Nxc3 Rxe4 Nxe4+ Ke2 Ra3 g4 c4 Kd1 c3 Kc2 Nf2 h4 Ne4 g5 Ra2+ Kd3,C34
2026-02-04,2eHplDqQ,bullet,10:33,921,914,-7,loss,-1,white,809,Zafira_16,-105,38,e4 e5 Nf3 Nc6 Bb5 Nf6 d3 Bc5 Bg5 h6 Bxf6 Qxf6 Nc3 a6 Bxc6 dxc6 h3 Be6 Qe2 O-O-O O-O-O Qf4+ Kb1 Qf6 a3 a5 g3 Qe7 Nd2 f5 Nb3 fxe4 dxe4 Bxb3 cxb3 Rxd1+ Rxd1 Rd8 Rxd8+ Qxd8 Qg4+ Qd7 Qxd7+ Kxd7 f4 Bf2 fxe5 Bxg3 Na4 Bxe5 Nc5+ Kd6 Nxb7+ Kd7 Nxa5 Kd6 b4 Bf6 Nc4+ Ke6 a4 Kd7 b5 cxb5 axb5 Kc8 b4 Kb7 Kc2 Ka7 Kd3 Kb7 e5 Be7 Ke4 Kc8,C65
2026-02-04,wOD3xREO,bullet,10:54,914,920,6,win,1,black,961,Montezi,41,27,a3 e5 h3 d5 g4 Nc6 d3 Nf6 Qd2 d4 c3 h6 cxd4 Nxd4 b3 Nxb3 Qb2 Nxa1 Qxa1 Bd6 Bd2 O-O Bb4 a6 Nd2 Bxb4 axb4 Qd6 b5 Qd5 Ngf3 Qxb5 Nxe5 Re8 Bg2 Rxe5 Nc4 Qb4+ Kf1 Re7 Bf3 b5 Ne3 Ra7 Kg2 Bb7 Bxb7 Rxb7 Rc1 a5 Qa2 Qf4 Nf5 Re5,A00
2026-02-04,zOmRhsvU,bullet,13:29,920,925,5,win,1,white,879,ShitalVA,-46,22,e4 d5 e5 d4 Nf3 Nc6 Bb5 a6 Bxc6+ bxc6 O-O Bf5 d3 e6 Bf4 Ne7 h3 Ng6 Bh2 Be7 Qd2 Nh4 Nxh4 Bxh4 Qb4 Be7 Qb7 Rb8 Qxc6+ Kf8 b3 a5 Nd2 Bb4 Nf3 Bc3 Rab1 Rb6 Qc4 Qd7 Nxd4 Rb4 Qc5+ Kg8 Nc6,B01
2026-02-04,b1wljcok,bullet,13:55,925,931,6,win,1,white,914,KPranavi,-17,12,e4 e5 Nf3 Nf6 Nxe5 d6 Nxf7 Kxf7 Nc3 Nc6 Bc4+ Ke8 O-O Be7 Nd5 Bg4 Nxf6+ Bxf6 Qxg4 Ne5 Qe6+ Kf8 Bd5 Nd7 Qf7#,C42
2026-02-04,h5HGDvZm,bullet,14:31,931,925,-6,loss,-1,white,929,geosocio,4,25,e4 d5 e5 e6 d4 f6 Nf3 fxe5 Nxe5 g6 Bd3 Bg7 Qf3 Nf6 Bg5 O-O O-O Qd6 Bxg6 Ne4 Bxh7+ Kxh7 Qh5+ Kg8 Ng6 Nxg5 Qxg5 Rf5 Qe3 Nd7 Nc3 Rh5 h3 Bh6 Qf3 Rf5 Qg4 Kh7 Nb5 Qb4 Nxc7 Rb8 Nxe6 Rg5 Qf4 Rf5 Qd6 Qxd6 Nef8+ Nxf8,C02
2026-02-04,NaNh5qAw,bullet,14:54,925,930,5,win,1,black,859,MAHMOUDMOHAMEDE,-71,28,e3 d5 d3 e5 Ne2 Nc6 Nd2 Nf6 Ng3 h6 Nb3 Be6 Be2 d4 O-O Bxb3 cxb3 Bb4 e4 O-O a3 Bd6 Nf5 Ne7 Nxd6 Qxd6 b4 Ng6 Bh5 a6 Bxg6 fxg6 Bd2 b6 Rc1 c6 Qc2 Rac8 Rfe1 c5 bxc5 Rxc5 Qb3+ Kh7 Rxc5 bxc5 Ba5 Rb8 Qc4 Rb5 Bd2 Qc6 Rc1 Rxb2 Qxc5 Qxc5,A00
2026-02-04,P3Jvsovr,bullet,15:54,930,936,6,win,1,black,983,burakbarka,47,37,d4 d5 e3 e6 Bd2 a6 Be2 Nc6 Nf3 Nf6 O-O Bd6 Nc3 Ng4 Ne5 Ncxe5 dxe5 Bxe5 Bxg4 Bxc3 Bxc3 O-O Qf3 Qg5 Rad1 Bd7 Rd4 Bc6 e4 e5 exd5 exd4 dxc6 dxc3 cxb7 Rab8 Bc8 cxb2 Qb3 Qc1 Qe3 Qxf1+ Kxf1 b1=Q+ Qe1 Qxc2 g3 Qc4+ Kg2 Qd5+ f3 Rxb7 Bxb7 Qxb7 Qe5 h6 h4 f6 Qe6+ Kh8 Kh3 Qxf3 Qxa6 Qf5+ Kg2 Qd5+ Kh3 Ra8 Qe2 Rxa2 Qe8+ Kh7 g4 Qg2#,D00
2026-02-05,mRPLZL6Z,bullet,12:37,936,929,-7,loss,-1,white,867,javier_garcia,-62,28,e4 c5 Nf3 Nc6 Bb5 d6 d4 cxd4 Nxd4 Bd7 Nxc6 Bxc6 Bd3 e5 O-O h6 Nc3 Nf6 a3 Be7 Be3 O-O h3 a6 Qf3 d5 Bd2 dxe4 Bxe4 Nxe4 Nxe4 Bxe4 Qxe4 Qxd2 Rad1 Qg5 Rd7 Bf6 Rxb7 Rad8 Rb6 Rd4 Qe2 Rd2 Qxa6 Rxc2 Rb5 Qh4 Qb6 e4 Qe3 Bxb2 Rb4 Qf6 Rxe4 Rc3,B30
2026-02-05,XABrH39B,bullet,14:05,929,936,7,win,1,black,995,han_238,59,11,e3 e5 b3 d5 Bb2 d4 a3 Bc5 Nf3 Nc6 Ng5 Qxg5 exd4 Nxd4 b4 Bb6 c3 Ne6 c4 Qf4 g3 Qxf2#,A00
2026-02-05,j8IsmAJU,blitz,18:05,1252,1257,5,win,1,black,1159,patraules,-98,29,e4 d5 exd5 Qxd5 Nf3 Bg4 Be2 Qe6 O-O Bxf3 Bxf3 c6 Re1 Qg6 d4 e6 Nc3 Bb4 Bd2 Bxc3 Bxc3 Ne7 Bb4 Nd5 Bxd5 cxd5 c3 Nc6 Bd6 Rd8 Bc7 Rd7 Be5 O-O Bg3 Ne7 Qa4 Nc6 f3 a6 Rad1 Re7 Bd6 f5 Bxe7 Nxe7 Qb4 Rf7 a4 f4 Qd6 Nf5 Qd8+ Rf8 Qd7 Nh4 Rxe6 Qxg2#,B01
2026-02-05,ecmTMY8A,bullet,18:13,936,931,-5,loss,-1,white,940,Bomboclater,9,41,e4 e5 Nf3 Nc6 Bb5 d6 h3 Bd7 Bxc6 Bxc6 d3 Nf6 Nc3 d5 Bg5 d4 Ne2 Be7 Bxf6 Bxf6 Ng3 O-O O-O g6 a3 Bh4 Qd2 Bxg3 fxg3 Bd7 Ng5 c5 Nf3 Qe7 Qa5 b6 Qd2 b5 b3 c4 b4 cxd3 cxd3 a6 h4 f6 Rac1 g5 Rc5 gxh4 gxh4 Bg4 Nh2 Bh5 g4 Bg6 h5 Bf7 Qh6 Be8 Nf3 Kh8 Rf2 Rg8 Nh4 Qg7 Rg2 Qxh6 Nf5 Qc1+ Kh2 Qxc5 bxc5 Rc8 Nd6 Rxc5 Nxe8 Rc8 Nxf6 Rgf8 Nd5 Rc3,C62
2026-02-05,Z7H77bKz,bullet,19:40,931,924,-7,loss,-1,black,889,LiAgr,-35,40,e4 e5 d4 Nc6 d5 Nd4 Nf3 Bc5 c3 Nxf3+ Qxf3 Nf6 Bc4 d6 Be3 Bxe3 Qxe3 Ng4 Qf3 Qg5 Nd2 O-O h4 Qg6 h5 Qg5 O-O-O h6 Rh4 Nf6 Rhh1 Bg4 Qg3 Nxe4 f4 Nxg3 fxg5 Nxh1 Rxh1 hxg5 h6 gxh6 Rxh6 Kg7 Rh1 Rh8 Rf1 Rh2 Ne4 Rxg2 Nxg5 Kg6 Nf3 Bxf3 Rxf3 Rh8 Bf1 Rg1 Kc2 Rh2+ Kb3 e4 Rf4 Rhh1 Bc4 Rg3 Be2 Re3 Bg4 Rg1 Bd7 f5 Rh4 Kg5 Rh8 Kf6 Rf8+ Ke5 Rxf5#,B00
2026-02-06,3TUlOqHf,bullet,05:59,924,919,-5,loss,-1,white,982,Mm-66,63,15,e4 e5 Nf3 d6 Bc4 Be6 Bxe6 fxe6 d3 Nf6 Nc3 Nc6 Bg5 Be7 Bxf6 Bxf6 O-O Nd4 Nxd4 exd4 Ne2 c5 Nf4 Qd7 Qh5+ g6 Nxg6 hxg6 Qxh8+ Bxh8,C41
2026-02-06,y87HyG4T,bullet,06:01,919,912,-7,loss,-1,white,842,LeBitcorn,-70,22,e4 e6 Nf3 d5 e5 Bc5 d4 Bb4+ c3 Ba5 Nbd2 f6 Bd3 fxe5 Nxe5 Nf6 Nf1 O-O Ng3 h6 O-O c6 Nh5 Nxh5 Qxh5 Bc7 Bxh6 Qf6 Bxg7 Qxg7 Ng6 Rf6 Rae1 Nd7 Re3 Nf8 Rg3 Nxg6 Bxg6 Bxg3 fxg3 Qxg6 Qxg6+ Rxg6,C00
2026-02-06,iRqSqhxh,bullet,06:06,912,906,-6,loss,-1,black,889,mnc623,-17,30,e4 e5 Nf3 Nc6 c3 d6 Bc4 Bg4 Be2 Nf6 d3 Be7 Bg5 h6 Bxf6 Bxf6 Nbd2 Bxf3 Bxf3 Qd7 Bg4 Qe7 O-O g6 Re1 h5 Bh3 Bg5 d4 Qf6 d5 Ne7 Nf3 Ng8 Nxg5 Qxg5 c4 Nh6 g3 f5 exf5 gxf5 c5 Ng4 cxd6 cxd6 Qa4+ Ke7 Rac1 Nxf2 Rc7+ Kf6 Kxf2 Qd2+ Kf1 Qd3+ Re2 Qxd5 Qh4+,C44
2026-02-06,ulQnR68T,bullet,06:13,906,900,-6,loss,-1,black,866,Wynton87,-34,24,e4 e5 Nc3 Nc6 Bc4 Bc5 Qg4 Nf6 Qxg7 d5 Nxd5 Nxd5 Qxh8+ Ke7 Qxd8+ Nxd8 Bxd5 c6 Bb3 Be6 Bxe6 Nxe6 Nf3 Nf4 O-O Rg8 g3 Nh3+ Kh1 Nxf2+ Rxf2 Bxf2 Nxe5 Bd4 Nf3 c5 d3 b5 Bf4 a5 Rc1 Bxb2 Rb1 c4 Rxb2 cxd3 cxd3 Rb8 Bxb8,C25
2026-02-07,tzexn0X7,bullet,12:21,900,897,-3,loss,-1,white,1071,josephnsomb,174,46,e4 c6 Nf3 d5 e5 Bg4 d4 e6 Be2 Nd7 Nfd2 Bxe2 Qxe2 Be7 Nb3 b6 Nc3 c5 Be3 cxd4 Bxd4 Bb4 O-O-O Be7 Nb5 Nc5 Bxc5 bxc5 Nd6+ Bxd6 exd6 Qxd6 Qb5+ Qd7 Qxd7+ Kxd7 Nxc5+ Ke7 Rhe1 f6 Rxd5 e5 Rd7+ Ke8 Rxg7 Ne7 Nb7 Nf5 Rc7 Rb8 Nc5 Rg8 g3 Nd4 b3 Nf3 Re3 Rd8 h4 Nd4 Rxa7 Nf5 Re2 Nd4 Re4 Nf5 Ne6 Rc8 Ng7+ Kf8 Ne6+ Ke8 Nc7+ Kd8 Nd5 Ke8 Nxf6+ Kf8 Nxg8 Kxg8 Rxe5 Nd4 Ree7 Nf3 Rg7+ Kh8 Rxh7+ Kg8 Rhg7+ Kh8 Rg6 Ne1,B10
2026-02-07,82ixgArc,bullet,17:42,897,903,6,win,1,black,882,huwa,-21,26,e4 e5 h4 Nc6 c3 d5 f3 d4 c4 h6 Bd3 Bd6 a3 Nf6 b4 Nh5 Kf2 Nf4 Bc2 d3 Bb3 Nd4 g3 Nfe2 Bb2 Nxg1 Rxg1 Ne2 Rh1 Qf6 Ke3 Nxg3 Rh3 Qf4+ Kf2 Bxh3 Qg1 Be7 Qxg3 Bxh4 Ba4+ c6 Bxe5 Bxg3+ Kg1 Qxe5 Nc3 Qd4+ Kh1 Qf2 Rg1 Qh2#,C20
2026-02-07,u8I8hC2H,bullet,17:47,903,909,6,win,1,white,917,pepeelmudu,8,20,e4 e5 Nf3 Nf6 d3 Bc5 Bg5 h6 Bxf6 Qxf6 Nc3 g5 Nd5 Qf4 Nxc7+ Kf8 Nd5 Qg4 Be2 Qxg2 Rg1 Qxf2+ Kd2 Nc6 Rf1 Qg2 Nh4 gxh4 Kc3 Bd4+ Kb3 Na5+ Ka4 b6 Bh5 d6 Rxf7+ Kg8 Nf6#,C42
2026-02-08,4zyz5nfD,bullet,08:46,909,914,5,win,1,white,870,flamfranky,-44,24,e4 c5 Nf3 e6 d4 cxd4 Nxd4 Nc6 Nxc6 bxc6 e5 Qc7 Bf4 Rb8 b3 Bb7 Bd3 Ne7 c4 c5 f3 Nc6 O-O Nxe5 Re1 Bd6 Bxe5 Bxe5 Rxe5 Qxe5 Nd2 Qd4+ Kh1 Qxd3 Rc1 O-O Qe1 Rfd8 Nf1 d5 Ng3 dxc4 bxc4 Ba6 Nh5 Bxc4 Nf4 Qd4,B44
2026-02-08,yedZG7E7,bullet,10:40,914,908,-6,loss,-1,black,913,chess64block,5,30,d4 d5 Nf3 e6 Ne5 Nf6 e3 a6 g4 h6 h4 Bd6 Nd3 Ne4 Qe2 Nc6 Rh3 Bd7 f3 Bg3+ Kd1 Nf2+ Nxf2 Bxf2 Qxf2 e5 dxe5 Nxe5 Qg1 O-O g5 Bxh3 Bxh3 Nxf3 Qg3 d4 Qxf3 dxe3+ Ke1 e2 Be3 Qd1+ Kf2 e1=Q+ Kg2 Qxf3+ Kxf3 Qh1+ Bg2 Qh2 Bf4 Qg1 Be3 Qd1+ Kg3 Rae8 Bf3 Qd6+ Bf4 Qb6 Nc3,D02
2026-02-08,uYfq7a8D,bullet,17:46,908,903,-5,loss,-1,white,953,CognitiMaestro,50,16,e4 e5 Nf3 Nc6 Bb5 d6 c3 a6 Bxc6+ bxc6 h3 Be7 d4 Nf6 Bg5 h6 Bxf6 gxf6 Qd2 Rg8 O-O Bxh3 Nh4 f5 Qxh6 Bxh4 Kh2 Bxg2 Rg1 Bg5 Qh7 Bf4#,C62
2026-02-08,mzR898wH,bullet,17:50,903,908,5,win,1,white,898,BRILLANT94,-10,20,e4 e5 Nf3 d6 h3 Be6 Bd3 g5 Nc3 h6 Ne2 f5 Ng3 fxe4 Bxe4 g4 Bg6+ Ke7 Nh4 gxh3 Nhf5+ Bxf5 Nxf5+ Kf6 Qh5 hxg2 Rg1 Nd7 Rxg2 Ne7 Nxe7 Qxe7 Qf5+ Kg7 Be8+ Qg5 Rxg5+ hxg5 Qxd7+ Kg8 Qf7#,C41
2026-02-08,AZF0o9cQ,bullet,17:56,908,902,-6,loss,-1,black,866,levastra,-36,30,e4 e5 d4 exd4 Nf3 Nc6 Nxd4 Nxd4 Qxd4 Nf6 e5 Qe7 Be2 Ng8 Be3 b6 Nc3 c5 Qe4 Rb8 Nd5 Bb7 Qf4 Bxd5 Bd3 Bxg2 Rg1 g5 Qg3 Bh6 Rxg2 f6 O-O-O Qxe5 Qxe5+ fxe5 f4 exf4 Bf2 Ne7 Be4 Rg8 Bxh7 Rg7 Be4 Kf8 c3 Rd8 Kc2 d6 Bb7 Rf7 h4 g4 Rxg4 f3 Bxf3 Rxf3 Rd3,C44
2026-02-08,EHhEPlNE,bullet,18:04,902,908,6,win,1,black,869,artrit228,-39,19,e4 e5 f4 exf4 Nf3 d5 Nc3 dxe4 Nxe4 Bg4 Be2 Bxf3 Bxf3 Nc6 O-O Qd4+ Rf2 Nf6 Nxf6+ gxf6 Qe1+ Ne5 Be2 Bc5 Bb5+ c6 Bd3 Rg8 Bxh7 O-O-O Bxg8 Nf3+ gxf3 Rxg8+ Kf1 Kd7 Re2 Rg1#,C36
2026-02-08,lLRLgX0V,bullet,18:14,908,916,8,win,1,white,1057,vucko86,141,22,e4 e6 Nf3 d6 d4 Be7 Bc4 Bd7 Nc3 h6 Bf4 Nc6 O-O Na5 Bd3 Nf6 e5 Ng8 a3 f6 Qe1 fxe5 dxe5 d5 Nxd5 exd5 Qxa5 c6 Qxd8+ Bxd8 Bg6+ Kf8 Rfe1 Ne7 e6 Bc8 Bd6 a6 Ne5 Kg8 Bf7+ Kf8 Ng6#,C00
2026-02-08,z4BrwXHB,bullet,18:20,916,908,-8,loss,-1,black,754,pirry10,-154,26,e4 e5 Nf3 Nc6 Bb5 a6 Ba4 Nf6 O-O Bc5 Nxe5 Nxe5 d4 Qe7 dxc5 Qxc5 Bf4 O-O Nc3 d6 Nd5 Nxd5 exd5 Bg4 Qd2 Nc4 Qc3 Qxd5 Rad1 Bxd1 h3 Bh5 b3 Na3 Qg3 Bg6 c4 Qd2 Qe3 Qxe3 Bxe3 f6 Bd7 Nc2 Bc1 Nd4 Rd1 Ne2+ Kh2 Nf4 g3,C78
2026-02-08,gXfroKLO,bullet,18:33,908,904,-4,loss,-1,black,1009,Zeams,105,14,d4 d5 Nc3 e6 Bf4 Bb4 a3 Bxc3+ bxc3 Nc6 e3 Nf6 c4 O-O cxd5 Qxd5 Nf3 Qd8 Bc4 Ne4 O-O Nc3 Qd3 Na4 Ng5 Nb6 Qxh7#,D01
2026-02-08,MvzehiMg,bullet,18:35,904,910,6,win,1,white,935,SudarsunSG,25,56,e4 e5 Nf3 Nc6 Bb5 d5 Nxe5 a6 Nxc6 bxc6 Bxc6+ Bd7 Bxa8 Qxa8 e5 d4 O-O Bc8 e6 Qc6 exf7+ Kxf7 d3 Bb7 Qh5+ g6 Qf3+ Qxf3 gxf3 Bxf3 Bf4 Nf6 Be5 c6 Bxd4 Bd6 Nd2 Rg8 Nxf3 Ng4 Ng5+ Ke7 f3 Nxh2 Rae1+ Kd7 Rf2 Rf8 Ne4 c5 Nxc5+ Bxc5 Bxc5 Nxf3+ Rxf3 Rxf3 Kg2 Rf5 Re7+ Kc6 Bd4 h5 a4 h4 Rg7 Rh5 Rxg6+ Kd7 Rxa6 h3+ Kh2 Ke7 Rf6 Kd7 Rf3 Kd6 Rxh3 Rd5 c3 Ra5 Rh6+ Kd5 Rh5+ Kc6 Rxa5 Kb7 b4 Kc6 c4 Kb7 Be5 Kc6 d4 Kb7 c5 Kc6 b5+ Kb7 Ra6 Kc8 d5 Kb7 c6+ Kc8 Ra7 Kd8 b6 Kc8 d6 Kd8 Ra8#,C60
2026-02-08,W81no0JO,bullet,18:46,910,915,5,win,1,white,887,b0uffon,-28,8,e4 c6 Nf3 d5 e5 Bg4 d4 e6 Be2 Bxf3 Bxf3 c5 h3 cxd4 Qxd4 Bb4+ Qxb4,B10
2026-02-08,CW25h4uL,bullet,21:27,915,909,-6,loss,-1,white,908,Night-Eyes,-1,32,e4 d5 e5 Nc6 d4 Bf5 h3 Nb4 Bd3 Nxd3+ cxd3 f6 Nf3 Nh6 Bxh6 gxh6 O-O Rg8 Nh4 Bg6 exf6 exf6 Re1+ Be7 Qf3 Kf7 Nd2 Bb4 Re5 Bxd2 Rxd5 Qe7 Nf5 Bxf5 Qxf5 Rg5 Qxh7+ Ke6 Qe4+ Kf7 Qxe7+ Kxe7 Rxg5 fxg5 f3 Rd8 Rd1 Be3+ Kh2 Rxd4 Re1 Rxd3 Kg3 Kd6 Kg4 Bf2 Re2 Bh4 Kh5 c5 Kxh6 c4 Rc2 b5,B00
2026-02-11,14oNDgHc,bullet,13:36,909,915,6,win,1,white,908,Alibek_888,-7,30,e4 e5 Nf3 Nf6 Nxe5 Nc6 Nxc6 dxc6 d3 Bd6 Nc3 O-O h3 Be5 Bg5 b5 Be2 Bb7 Bg4 h6 Bxf6 Qxf6 O-O a5 a3 a4 Ne2 Bc8 Bxc8 Raxc8 c3 c5 Rb1 Rcd8 d4 cxd4 cxd4 Bxd4 Ng3 Be5 Qf3 Qxf3 gxf3 Rd2 Nf5 g6 Nxh6+ Kg7 Ng4 f5 Nxe5 Re8 Nc6 fxe4 fxe4 Rxe4 Nb4 Rh4 Kg2,C42
2026-02-11,VwQPqCrD,bullet,15:43,915,911,-4,loss,-1,black,1029,deutwanger,118,32,d4 d5 Bf4 Nc6 e3 a6 c4 Nf6 cxd5 Bf5 Nc3 Nb4 Rc1 Bd3 Bxd3 Nxd3+ Qxd3 e5 dxe5 Ng4 Nf3 Nxf2 Kxf2 Bb4 a3 Bxc3 Qxc3 Qxd5 Qxc7 O-O Rhd1 Qb5 b4 h6 Rd7 Rac8 Qxc8 Rxc8 Rxc8+ Kh7 Rcc7 Qa4 Rxf7 Qc2+ Kg3 Qg6+ Kf2 h5 Rxg7+ Qxg7 Rxg7+ Kxg7 Ng5 Kg6 Kf3 Kf5 Kg3 b6 Kh4 Kg6 a4 b5 axb5 axb5 e6,D00
2026-02-11,EvDJ9q2M,bullet,16:45,911,906,-5,loss,-1,white,980,frozenman28,74,35,e4 e6 Nf3 d5 e5 d4 c3 c5 cxd4 cxd4 Qa4+ Nc6 Bb5 Qd5 Bxc6+ bxc6 d3 Bd7 O-O c5 Qa6 f6 Bf4 fxe5 Bxe5 Nf6 Bxf6 gxf6 Nbd2 Rg8 Ne4 Be7 Qa5 e5 g3 Bh3 Rfc1 h5 Nxf6+ Bxf6 Rxc5 Qxf3 Rxe5+ Bxe5 Qxe5+ Kf7 Qc7+ Kf8 Qc5+ Kf7 Qxd4 Kg6 Qd6+ Kh7 Qe7+ Rg7 Qe4+ Qxe4 dxe4 Re8 Re1 Rge7 f3 Rb7 b3 Rc7 Kf2 Rc2+ Ke3 Rxh2,C00
2026-02-11,2fbtLTsS,bullet,20:59,906,902,-4,loss,-1,black,1018,kon-gusev,116,24,e4 e5 Nf3 Nc6 Bb5 a6 Ba4 Nf6 O-O Bc5 c3 O-O d4 exd4 cxd4 Ba7 e5 Nd5 Bb3 Nde7 Bg5 h6 Bh4 d6 exd6 Qxd6 Nc3 Bxd4 Bg3 Qc5 Ne4 Bxf2+ Bxf2 Qf5 Re1 Be6 Bc2 Nd8 Nd6 Qf4 Bg3 Qb4 Nxb7 Qxb7 Be4 Qb6+ Bf2,C78
2026-02-12,IZgib0dg,bullet,10:44,902,897,-5,loss,-1,black,904,ucft1,7,30,d4 d5 e3 e6 c3 a6 f3 Nf6 h4 h6 g4 Bd6 Kf2 Nbd7 Kg2 Nf8 f4 e5 g5 Ng4 Be2 Ng6 Bxg4 Bxg4 Qxg4 exf4 exf4 O-O Qd1 Bxf4 Nh3 Bxc1 Qxc1 Nxh4+ Kg3 Nf5+ Kg4 Qd7 Kf3 Nh4+ Kg3 Nf5+ Kf3 Qd6 Nf4 hxg5 Nh5 Nh4+ Kg4 f6 Rxh4 gxh4 Kxh4 Qh2+ Kg4 f5+ Kg5 Qg3+ Nxg3,D00
2026-02-13,RJq3s2xl,bullet,09:39,897,903,6,win,1,black,907,Fultonius,4,23,e4 e5 Nf3 Nc6 Bc4 Nf6 Ng5 d5 exd5 Na5 Bb5+ c6 dxc6 bxc6 Bd3 h6 Ne4 Bf5 b4 Bxe4 Bxe4 Nxe4 Ba3 Nc4 d3 Nxa3 Nxa3 Nc3 Qd2 Bxb4 Nc4 Nd5 c3 Bxc3 Qxc3 Nxc3 Rd1 Nxd1 Kxd1 Qxd3+ Kc1 Qxc4+ Kb2 Rb8+ Ka3 Qb4#,C58
2026-02-13,9qyY7Id8,bullet,10:38,903,898,-5,loss,-1,white,953,Montezi,55,26,e4 h6 Nf3 d5 e5 g6 d4 Bg7 Nc3 Nc6 Be3 Nb4 a3 Nc6 Bb5 Bd7 Bxc6 Bxc6 O-O a6 b4 Ra7 Ne2 b5 c3 Qa8 Ng3 Bd7 Qd3 f6 Qxg6+ Kf8 Rae1 fxe5 dxe5 Be8 Qf5+ Bf6 Bxa7 Qxa7 exf6 Nxf6 Ne5 Kg7 Nh5+ Nxh5 Qg4+ Kf8 Nd7+ Bxd7 Qxd7 Rg8,B00
2026-02-13,xkhxgKxv,bullet,15:06,898,895,-3,loss,-1,black,1039,Turbofish15,144,24,e4 e5 Nf3 Nc6 Bb5 a6 Ba4 Nf6 O-O Bc5 c3 O-O Bxc6 dxc6 d4 exd4 cxd4 Ba7 e5 Ng4 h3 Nxe5 dxe5 Bxh3 Qxd8 Raxd8 gxh3 Bxf2+ Kxf2 f6 Nc3 fxe5 Kg1 Rd3 Nxe5 Rxf1+ Kxf1 Rxh3 Kg2 Rh5 Bf4 Rf5 Kg3 g5 Kg4 Rxf4+ Kxg5 h6+ Kxf4,C78
2026-02-13,NGIptcRo,bullet,16:21,895,900,5,win,1,white,891,arsany213,-9,24,e4 e5 Nf3 Nf6 d3 Be7 Nxe5 O-O Nc3 d6 Nc4 Bg4 f3 Be6 Ne3 Nc6 Ne2 b5 Ng3 d5 Qe2 dxe4 fxe4 Bb4+ Bd2 Bxd2+ Qxd2 Nd4 O-O-O Bxa2 b3 Qb8 Qc3 Ne2+ Bxe2 Qb6 Ngf5 Qa6 Ne7+ Kh8 N3f5 Qa3+ Kd2 Ng4 Ra1 Rfe8 Qxg7#,C42
2026-02-13,gZfaDQHx,bullet,16:30,900,894,-6,loss,-1,white,880,nitishsh,-14,32,e4 e5 Nf3 Nc6 Bb5 d5 Nxe5 Nf6 Nxc6 bxc6 Bxc6+ Bd7 Bxa8 Qxa8 e5 Ng4 d4 Be7 O-O O-O a3 f6 Bf4 fxe5 Bxe5 c6 Nd2 Nxf2 Rxf2 Rxf2 Kxf2 Qf8+ Nf3 Bh4+ g3 Bg5 Kg2 Bg4 Qf1 Be3 Re1 Bd2 Nxd2 Qxf1+ Kxf1 Bh3+ Kf2 c5 dxc5 h5 c6 Kh7 Bf4 Kg8 Nf3 Kf7 Ng5+ Kf6 Re5 Kg6 Rxd5 Kh6 Rd6+ g6,C60
2026-02-13,cvmb5Gxc,bullet,21:51,894,887,-7,loss,-1,black,783,FarhanEn,-104,18,e4 e5 Nf3 Nc6 Bc4 Nf6 d3 Bc5 Be3 Bxe3 fxe3 O-O Nc3 d6 Qd2 Bg4 O-O-O a6 a4 b5 axb5 axb5 Bxb5 Ra1+ Nb1 Qa8 Bxc6 Qa2 Qb4 Rxb1+ Kd2 Rxb2 Ra1 Rxc2+ Kd1 Qxa1+ Kxc2,C50
2026-02-13,T0hN8vgc,bullet,21:57,887,895,8,win,1,white,1037,BigBadRascal,142,28,e4 e6 Nf3 b6 e5 Bb7 Nd4 Ne7 d3 Ng6 Rg1 Nc6 Nxc6 Bxc6 d4 Be7 Bd3 O-O Bxg6 fxg6 Be3 Bh4 Qd2 d6 Nc3 dxe5 O-O-O exd4 Bxd4 Bf6 Qe3 Bxd4 Rxd4 Qf6 f3 Bd5 Nb5 c5 Nc7 Rac8 Rxd5 exd5 Nxd5 Qd6 Ne7+ Kh8 Nxc8 Rxc8 Rd1 Qxh2 Qe7 Qc7 Rd7 Qb8 Rb7 Qa8 Qxg7#,C00
2026-02-13,AenI8TA8,bullet,22:03,895,900,5,win,1,black,893,fredo599,-7,10,e4 e5 Nf3 Nc6 d4 exd4 Nxd4 Nxd4 Qxd4 Nf6 e5 Qe7 Qe3 Nd5 Qe4 Nb4 Bd2 d5 Qd4 Nxc2+,C44
2026-02-14,ycfp0Cuj,bullet,08:48,900,896,-4,loss,-1,black,997,Prieditism,101,40,e4 e5 Nf3 Nc6 Na3 Bxa3 bxa3 a6 Bb2 d6 c4 Bg4 Be2 Bxf3 Bxf3 Nf6 Qa4 O-O O-O b5 cxb5 axb5 Qxb5 Ne7 Rac1 Rb8 Qc4 Rxb2 Qxc7 Qxc7 Rxc7 Rxd2 Rxe7 Rxa2 Rd1 Nxe4 Bxe4 Rxa3 f3 f5 Bd5+ Kh8 Rd7 Ra6 Bb7 Rb6 R1xd6 Rb1+ Rd1 Rb2 h3 g6 Kh2 Rb8 Ba6 R2b6 Be2 g5 Rd8+ Rxd8 Rxd8+ Kg7 Rd5 Kf6 Bd3 h5 Ra5 Rd6 Rb5 Rxd3 f4 exf4 g3 Rxg3 Rb6+ Ke5 Rb5+ Ke4 Rb4+,C44
2026-02-14,V7lFop4K,bullet,11:31,896,902,6,win,1,white,915,daintygoose,13,11,e4 c5 d4 cxd4 Qxd4 Nc6 Qd1 Nf6 Nc3 Qa5 Bb5 Nxe4 Bxc6 bxc6 Qd4 Qf5 Nxe4 Qe6 Be3 d5 Nc5 Qg4,B21
2026-02-14,ZDp6ykaZ,bullet,14:50,902,897,-5,loss,-1,black,909,Hamizhashiq,12,22,f4 d5 Nf3 Bg4 e3 Nc6 h3 Bxf3 Qxf3 Qd6 b3 O-O-O Bb2 f6 Be2 Nb4 Bd1 Qc6 c3 Nd3+ Ke2 Nxb2 Bc2 Qb5+ d3 e6 Qf2 Bc5 Nd2 d4 cxd4 Bxd4 exd4 Rxd4 Qxd4 e5 Qxb2 exf4 Qd4 Ne7 Qe4 Re8 a4,A03
2026-02-14,LQmMmYtW,bullet,16:55,897,902,5,win,1,white,850,queenofthecastle1986,-52,22,e4 d6 Nf3 Nf6 d3 g6 Bg5 Bg7 Nc3 O-O Be2 Nc6 Bxf6 Bxf6 Nd5 Bg7 c3 e6 Ne3 Bd7 d4 e5 d5 Ne7 Nf1 f5 Bd3 fxe4 Bxe4 Bf5 Ng3 Bg4 O-O Bxf3 Bxf3 Nf5 Qd3 Nh4 Qe4 Nxf3+ gxf3 Qf6 Kg2,B00
2026-02-14,5w8LcMMA,bullet,17:03,902,898,-4,loss,-1,black,1001,sandockan9,103,18,e4 e5 b3 Nc6 Bb2 Nf6 Nf3 Bd6 d3 O-O Qd2 h6 d4 Re8 dxe5 Nxe5 Nxe5 Bxe5 Bxe5 Rxe5 f3 Nxe4 fxe4 Qh4+ Kd1 Qxe4 Bd3 Qg4+ Kc1 d6 Re1 Rxe1+ Qxe1 Qxg2 Qe8#,C20
2026-02-14,pptWiLoH,bullet,17:08,898,893,-5,loss,-1,white,972,Giangi_KR,79,19,e4 c5 e5 f6 d4 cxd4 Qxd4 Nc6 Qh4 Qa5+ Bd2 Qxe5+ Be2 Nd4 Nc3 Nxc2+ Kf1 Nxa1 Nf3 Qd6 Ne4 Qb6 Bh6 Nxh6 Nxf6+ gxf6 Qh5+ Nf7 Bc4 e6 Ne5 fxe5 Ke2 Qxb2+ Kf3 Qc3+ Kg4 Qxc4+,B20
2026-02-14,molSJboe,bullet,17:19,893,899,6,win,1,black,929,fvev,30,33,e4 e5 Nf3 Nc6 Bb5 a6 Bxc6 dxc6 Nxe5 Qd4 Nf3 Qxe4+ Qe2 Qxe2+ Kxe2 Bg4 Re1 O-O-O Kf1 Bxf3 gxf3 Nf6 d3 Bd6 h3 b5 Bg5 h6 Bh4 g5 Bg3 Nd5 Kg2 h5 a3 h4 Bxd6 cxd6 Nd2 Nf4+ Kh2 Rd7 Ne4 Rh6 Nxg5 f6 Ne4 Rg6 Rg1 Rxg1 Kxg1 Nxh3+ Kh2 Nf4 Nxf6 Rg7 Ng4 h3 Rg1 Kb7 Ne3 Rxg1 Kxg1 c5 Kh2 d5,C68
2026-02-14,oblKn8KF,bullet,17:32,899,907,8,win,1,black,989,richbeggarplays,82,32,e4 e5 Nf3 Nc6 Bb5 a6 Bxc6 dxc6 Nxe5 Qd4 Nxf7 Qxe4+ Qe2 Qxe2+ Kxe2 Kxf7 Re1 Bg4+ Kf1 Bd6 d3 Nf6 Nc3 Bxh2 g3 Bf3 Bg5 Ng4 Re7+ Kg6 Ne4 Bxe4 Rxe4 Kxg5 Kg2 Bxg3 Kxg3 h5 f3 Nf6 Re7 g6 Rxc7 h4+ Kh3 Nh5 Rxb7 Nf4+ Kh2 h3 Rg1+ Kf5 Rb6 g5 Rxc6 Rae8 Kg3 h2 Rh1 Rh3+ Kf2 Re2+ Kf1 Rxf3#,C68
2026-02-14,9sTVxIVl,bullet,17:53,907,911,4,win,1,white,820,PerchikChili,-91,18,e4 e6 d4 d5 e5 Be7 Nf3 Nc6 Bb5 Bd7 Bxc6 Bxc6 c3 Qd7 b4 f6 Be3 Ba4 Qe2 fxe5 Nxe5 Qb5 Qh5+ g6 Nxg6 Bf6 Nxh8+ Kd7 Qf7+ Be7 Nd2 Rf8 Qxh7 Qd3 Nf7 Bb5 Ne5+,C02
2026-02-14,HyIUXqf3,bullet,18:00,911,917,6,win,1,white,961,knutisak,44,38,e4 e5 Nf3 Nc6 Bb5 Bc5 O-O Nf6 d3 Ng4 h3 Bxf2+ Rxf2 Nxf2 Kxf2 Nd4 Nxd4 exd4 Bf4 Qh4+ Bg3 Qf6+ Kg1 Qb6 a4 O-O b3 a6 Bc4 Qc5 Nd2 c6 Nf3 d5 exd5 cxd5 Ne5 dxc4 Nxc4 Be6 Bd6 Rad8 Bxc5 Rfe8 Nd6 Re7 Qf3 Rdd7 Nc8 Rc7 Nxe7+ Kh8 Bxd4 Rxc2 Qg3 f6 Bxf6 gxf6 Qb8+ Kg7 Qxb7 Kf7 Nd5+ Kg6 Nf4+ Kf5 Nxe6 Kxe6 Qb8 Rc3 Re1+ Kf7 Qe8+ Kg7 Re7+,C65
2026-02-14,3NZ8gjSU,bullet,18:13,917,925,8,win,1,black,1051,Andrieudude,126,19,e4 e5 Nf3 Nc6 Bc4 Nf6 Ng5 d5 exd5 Na5 Bb5+ c6 dxc6 bxc6 Ba4 h6 Nf3 Bg4 O-O Qd5 h3 Bxf3 gxf3 Bd6 Nc3 Qe6 b4 Nc4 Bxc6+ Ke7 Bxa8 Rxa8 d4 Qxh3 dxe5 Bxe5 Qe2 Qh2#,C58
2026-02-14,hIRUt5Tq,bullet,21:06,925,931,6,win,1,black,911,victor-hill,-20,5,e4 e5 d4 exd4 Qxd4 Nc6 Qe3 Nf6 Bb5 Ne5,C22
2026-02-15,829QrVNu,bullet,16:41,931,937,6,win,1,white,964,odd-o,27,32,e4 d6 d4 Nf6 Nc3 c6 Bg5 e5 d5 Be7 Bxf6 Bxf6 Nf3 Nd7 Bd3 c5 h3 b6 Bb5 Bb7 O-O O-O Bxd7 Qxd7 a4 Ba6 Re1 b5 axb5 Bxb5 Ra5 a6 Re3 Qc7 Ra3 Rab8 b3 a5 Qd2 Ra8 Nxb5 Qb7 Nxd6 Qd7 Nc4 a4 Ncxe5 Bxe5 Nxe5 Qe7 Nf3 axb3 Rxa8 Rxa8 cxb3 Qd6 Ng5 Ra1+ Re1 Rxe1+ Qxe1 Qb6 Qe3 c4 Qxb6,B07
2026-02-15,r1wnN1T2,blitz,16:54,1257,1250,-7,loss,-1,white,1278,onurdinckurt,28,73,e4 e5 Nf3 d6 Bc4 Nf6 d3 h6 Nc3 Qe7 h3 Be6 Nd2 Bxc4 Nxc4 Nc6 Nb5 a6 Nba3 Nd4 O-O g6 Be3 Bg7 Na5 Rb8 c3 Nc6 N5c4 O-O Nc2 b6 Ne1 d5 Nd2 dxe4 dxe4 Rbd8 Qe2 Rd6 Nef3 Rfd8 Rfd1 Nh5 Nc4 Rxd1+ Rxd1 Nf4 Rxd8+ Qxd8 Bxf4 exf4 e5 Qe7 Qe4 Nd8 Qxf4 Ne6 Qe4 Ng5 Qa8+ Kh7 Nxg5+ hxg5 Qe4 f6 h4 fxe5 Ne3 gxh4 Ng4 Kg8 Qd5+ Kh7 Qe4 Kh8 Qxg6 Kg8 Qe4 Qg5 Qd5+ Kh7 Qe4+ Kh8 f3 Qc1+ Kh2 Qf4+ Qxf4 exf4 Kh3 Bf8 Kxh4 Bd6 Kg5 Kg7 Nh6 b5 Nf5+ Kf7 Nd4 Ke7 Nc6+ Ke6 Nd4+ Ke5 a3 a5 Kg6 b4 cxb4 Kxd4 bxa5 Kc5 a6 Kb6 a7 Kxa7 b4 Kb6 Kf5 Kb5 Ke4 Ka4 Kd5 Kxa3 Kc4 Bxb4 Kb5 Bd6 Kc6 Kb3 Kd5 Kc3 Ke4 Kd2 Kf5 Ke2 Kg4 Kf2 Kh3 c6 g3 fxg3 f4 Bxf4,C41
2026-02-15,clBYbbtP,bullet,17:07,937,941,4,win,1,black,791,xxxpaulxxx,-150,9,e4 e5 Nf3 Nc6 d4 exd4 Nxd4 Nxd4 Qxd4 Qe7 e5 c5 Qe4 Nf6 Qe3 Ng4 Qf4 d6,C44
2026-02-15,4LLzN1fo,bullet,21:07,941,936,-5,loss,-1,black,983,amgine91,47,20,e4 e5 Nf3 Nc6 Bc4 Nf6 O-O Bc5 d3 d6 h3 O-O Bg5 h6 Bxf6 Qxf6 Nc3 Be6 Nb5 Bxc4 dxc4 a6 Nxc7 Rac8 Nd5 Qg6 a3 Qxe4 b3 Bd4 Rb1 Nd8 Ne7+ Kh7 Nxc8 Ne6 Nxd6 Nf4 Nxe4 Ne2+ Qxe2,C55
2026-02-17,BKDoXEBm,blitz,04:00,1250,1243,-7,loss,-1,black,1260,Muhammad_Ya,17,14,e4 e5 Nf3 Nc6 Bc4 Nf6 d3 Bc5 Nc3 O-O Bg5 h6 Bh4 g5 Nxg5 hxg5 Bxg5 Kg7 Nd5 Kg6 Bxf6 Bxf2+ Kxf2 Qe8 Qg4+ Kh7 Qh5+,C50
2026-02-17,4V0hFN4k,blitz,04:10,1243,1236,-7,loss,-1,white,1264,chrisspiderman,28,52,e4 e5 Nf3 d5 Nxe5 Nf6 d3 Qd6 Nxf7 Kxf7 Qf3 dxe4 dxe4 Bg4 Bc4+ Ke8 Qd3 Qxd3 cxd3 Nc6 O-O Bd6 Bg5 Nd4 f3 Bd7 Nc3 h6 Be3 Nc2 Rac1 Nxe3 Rfe1 Nxc4 dxc4 Nh7 e5 Bc5+ Kf1 Bc6 e6 b5 a3 bxc4 b4 Bd4 Nb1 c3 Nxc3 Bxc3 Rxc3 Bb5+ Kf2 Ke7 Rxc7+ Kd8 Rxg7 Ng5 e7+ Ke8 Re5 Rc8 Rxb5 Rc2+ Kg3 Ne6 Rb7 Nxg7 Rxa7 Ne6 Ra8+ Kxe7 Rxh8 Rc3 Rxh6 Rxa3 Kg4 Ra4 f4 Rxb4 Rh7+ Kd6 Rh6 Rxf4+ Kh5 Kd5 Rg6 Rf5+ Kg4 Ke5 h4 Nd4 g3 Ne6 h5 Nc7 h6 Ne8 h7 Nf6+ Kh3 Nxh7 Rh6 Nf6,C40
2026-02-17,pYz7lOUe,blitz,05:39,1236,1244,8,win,1,white,1265,Dadhwal21,21,26,e4 c5 Nf3 Nc6 Bb5 a6 Bxc6 dxc6 d4 cxd4 Nxd4 e5 Nf3 Qxd1+ Kxd1 Bg4 Re1 Nf6 Bg5 O-O-O+ Kc1 Be7 Bxf6 Bxf6 Nc3 Bxf3 gxf3 Bg5+ Kb1 Bd2 Rd1 Bxc3 Rxd8+ Rxd8 bxc3 Rd1+ Kb2 Rd2 Rf1 g6 c4 h5 Kc3 g5 Kxd2 g4 fxg4 hxg4 Ke3 f5 exf5,B30
2026-02-17,Ha5MpPnL,bullet,07:03,936,931,-5,loss,-1,black,949,Hamzaladoul,18,20,e4 e5 Nf3 Nc6 Bc4 d6 Nc3 Nf6 d3 h6 h3 Be7 Be3 O-O O-O a6 a3 Be6 b4 Bxc4 dxc4 b5 cxb5 axb5 Nxb5 Nxe4 Qd5 Nf6 Qxc6 e4 Nfd4 d5 Bf4 Qd7 Nxc7 Qxc6 Nxc6 Rac8 Nxe7+,C50
2026-02-17,KxMIqBnz,bullet,08:25,931,926,-5,loss,-1,black,936,CrazyAlperen52,10,42,e4 e5 d3 Nc6 Nc3 Bb4 a3 Bxc3+ bxc3 d5 exd5 Qxd5 c4 Qd4 Rb1 b6 Be3 Qc3+ Bd2 Qxa3 Rb3 Qd6 g3 Nd4 f4 Nf6 Rb1 O-O fxe5 Qxe5+ Ne2 Bg4 Bf4 Bxe2 Bxe2 Qxe2+ Qxe2 Nxe2 Kxe2 Rac8 Ra1 a5 Rhb1 Ng4 h3 Nf6 g4 h6 g5 Nh5 Bd2 Ng3+ Kf2 Nf5 gxh6 gxh6 Rg1+ Kh7 Rg4 Nd6 Rh4 h5 Rxh5+ Kg6 Rh6+ Kf5 Rh5+ Ke6 Rh6+ Kd7 Rh5 f5 Rg1 a4 Kg2 a3 Kh2 a2 Rh7+ Kc6 Rh6 Ra8 Bc3 Kc5 Rh4,C20
2026-02-17,wYN76I3i,bullet,11:37,926,919,-7,loss,-1,white,876,Dark_Knight_Basel,-43,30,e4 e5 Nf3 f6 Bc4 a6 a3 b5 Ba2 d6 d3 Qe7 h3 Be6 Nc3 Bxa2 Rxa2 Nc6 Nd5 Qd7 Bg5 fxg5 Nxg5 Nge7 Nxe7 Nxe7 Qf3 Rg8 Qf7+ Kd8 Ne6+ Kc8 Nxf8 Qc6 Qxe7 Kb7 Ne6 Qxc2 O-O Rae8 Qd7 Qb3 Nc5+ dxc5 Qd5+ Qxd5 exd5 c4 dxc4 bxc4 b3 cxb3 Rb2 e4 Rxb3+ Kc8 Rc1 Re7 d6 Rd7,C40
2026-02-17,BHGwJnMn,bullet,13:46,919,914,-5,loss,-1,black,964,Beber12,50,38,d4 d5 g3 e6 Bg2 a6 e3 Nf6 Ne2 Bd6 O-O Nc6 a3 Bd7 b4 b5 Nd2 Ne7 c3 Ng6 e4 Bc6 e5 Bxe5 dxe5 Nxe5 Nd4 Bb7 N2f3 Neg4 Ng5 O-O Qd3 g6 h3 Ne5 Qe3 Nc4 Qf4 Ne4 Qh4 Nxg5 Qxg5 Qxg5 Bxg5 h5 f3 e5 Nc2 e4 fxe4 dxe4 Nd4 Ne3 Bxe3 Rae8 Rae1 f5 Bh6 Rf6 Rf4 Bd5 Nf3 exf3 Rxe8+ Kf7 Bg5 f2+ Rxf2 Bxg2 Bxf6 Kxf6 Rxg2 f4 Rge2 fxg3 R2e6+,D00
2026-02-17,VWfvKr2b,bullet,13:57,914,919,5,win,1,white,872,domche59,-47,46,e4 c6 Nf3 d5 e5 Bf5 d4 e6 Bd3 Ne7 Nc3 Bxd3 Qxd3 Ng6 Bg5 Be7 Bxe7 Qxe7 Na4 b6 O-O O-O Qe3 f5 Ng5 h6 Nh3 f4 Qd3 f3 Qxg6 Rf5 g3 Rg5 Nxg5 Qxg5 Qxg5 hxg5 Nc3 g4 Nd1 Nd7 Ne3 Nf8 Nxg4 Ng6 c3 c5 Rad1 c4 b3 b5 b4 a5 Rb1 a4 a3 Kh7 h4 Ne7 Kh2 Nf5 Kh3 Nh6 Ne3 g6 g4 Rf8 g5 Nf5 Nxf5 Rxf5 Kg4 Rf7 Rg1 Kg7 Rg3 Kh7 Rxf3 Rf5 Rxf5 gxf5+ Kf4 Kg6 f3 Kh5 Rh1 Kg6 h5+ Kg7 h6+,B12
2026-02-17,k2jlHYgJ,bullet,15:10,919,925,6,win,1,black,902,Rajeevan1234,-23,30,e4 e5 Nf3 Nc6 Bc4 d6 d3 h6 O-O Bg4 h3 Bxf3 Qxf3 Nf6 Nc3 Nd4 Qd1 Be7 Nb5 Nxb5 Bxb5+ c6 Bc4 d5 exd5 cxd5 Bb5+ Nd7 Bxd7+ Qxd7 d4 e4 Qh5 O-O Qe5 Bf6 Qh5 Bxd4 Qh4 Qe6 Qg3 Rae8 c3 Bf6 Be3 Be5 Qf3 f5 Qg4 fxg4 hxg4 Qxg4 g3 Bxg3 fxg3 Qxg3+ Kh1 Rxf1+ Bg1 Qh3#,C50
2026-02-17,I2cAoWe9,bullet,15:27,925,919,-6,loss,-1,white,923,ntr0py,4,28,e4 c6 Nf3 d5 e5 Bf5 d4 e6 Bd3 Bxd3 Qxd3 Ne7 Nc3 Nf5 Bg5 Be7 Bxe7 Qxe7 Na4 O-O Nc5 b6 Nb3 Nd7 a3 c5 O-O c4 Qd2 cxb3 cxb3 Rfc8 Ng5 h6 Nf3 a5 h3 Qd8 g4 Ne7 Nh4 a4 b4 b5 f4 Ng6 Ng2 Nb6 g5 hxg5 fxg5 Nc4 Qe2 Qxg5 Rf6 gxf6,B12
2026-02-17,u3XHcBTA,bullet,15:48,919,914,-5,loss,-1,black,957,Mistercheesy,43,10,d4 d5 Bf4 e6 e3 Nc6 Bb5 a6 Bxc6+ bxc6 Nc3 Rb8 Nf3 Rxb2 O-O Bb4 Na4 Rxc2 Qxc2,D00
2026-02-17,70TEYGKh,bullet,16:10,914,909,-5,loss,-1,black,919,Sweethurt,10,20,e4 e5 Nf3 Nc6 d4 exd4 Nxd4 Nxd4 Qxd4 c5 Qc3 d6 Bh6 Nf6 e5 Qe7 Bf4 Ne4 Qe3 Bf5 Bg3 Nxg3 Qxg3 Bxc2 Nc3 dxe5 Nd5 Qd6 Bb5+ Kd8 Nc3 a6 Rc1 axb5 Rxc2 Qe6 Rd2+ Bd6 Nxb5 Re8 Rxd6+,C44
2026-02-17,hXLotzde,bullet,18:12,909,914,5,win,1,white,939,Botlias,25,40,e4 d6 d4 Nc6 Bb5 Bd7 Bxc6 Bxc6 d5 Bd7 Nc3 Nf6 Bg5 e6 Nf3 g6 O-O Bg7 Re1 O-O Ne2 e5 Ng3 Bg4 Qd3 Qe8 Bxf6 Bxf6 Nd2 a6 h3 Bh5 Nxh5 gxh5 Qg3+ Kh8 Qf3 Qe7 Qxh5 Rg8 Re3 Rg5 Qf3 Rag8 g4 R5g6 Nf1 Bh4 Nh2 h5 Kf1 Qd7 Ke2 Bg5 Rb3 hxg4 hxg4 a5 Rxb7 Bf4 Rh1 Rxg4 Nxg4+ Kg7 Rg1 Kf8 Nxe5 Rxg1 Nxd7+ Ke7 Nc5 Be5 Rxc7+ Kd8 Na6 Ke8 Qxf7+ Kd8 Qd7#,B00
2026-02-17,3VL2NbJy,bullet,18:30,914,921,7,win,1,white,979,FidgetMeharder,58,26,e4 d6 d4 Nf6 Nc3 g6 Bg5 Bg7 Bxf6 Bxf6 Nf3 O-O h3 b6 Bd3 Bb7 Qe2 Qd7 Nd1 c5 d5 e6 O-O exd5 Bb5 Qe6 exd5 Qxe2 Bxe2 Bxd5 Nc3 Bb7 Nh2 Re8 Bf3 Bxf3 Nxf3 Bxc3 bxc3 Nc6 Nd2 Re2 Nc4 d5 Ne3 a5 Nxd5 Rxc2 Nxb6 Rxc3 Nxa8,B07
2026-02-17,jKGuFvxG,bullet,19:10,921,927,6,win,1,black,892,SawdustCookie,-35,26,e4 e5 Nf3 Nc6 Bc4 Nf6 d3 Bc5 O-O d6 a3 a6 c3 O-O b4 Ba7 Re1 h6 Be3 Bg4 d4 exd4 cxd4 Nxe4 Qd3 Bxf3 gxf3 Nf6 Bxh6 Bxd4 Bxg7 Kxg7 Ra2 Rh8 Qf5 Rxh2 Qg5+ Kf8 Kxh2 Ne5 Qh6+ Ke7 Qg7 Qd7 Qxf7+ Kd8 Qxf6+ Kc8 Qf8+ Qd8 Be6+ Kb8,C50
2026-02-18,rDUpYihn,bullet,08:16,927,920,-7,loss,-1,white,879,kkrasilov,-41,28,e4 e5 Nf3 Nc6 Bb5 d6 h3 Bd7 Bxc6 Bxc6 d3 Nf6 Bg5 h6 Bxf6 Qxf6 Nbd2 Be7 b3 O-O a4 d5 c4 dxe4 dxe4 Rad8 Qe2 b6 O-O Bb4 Rad1 Rd7 c5 bxc5 Nc4 Rxd1 Rxd1 Rd8 Rxd8+ Qxd8 Nfxe5 Qd6 Qf3 Qd4 Qxf7+ Kh7 Qg6+ Kg8 Qf7+ Kh7 Qf5+ Kg8 Ng6 Qd1+ Kh2 Bxe4,C62
2026-02-19,aXU8XSDh,bullet,13:24,920,914,-6,loss,-1,black,895,JIuIniOr28,-19,18,e4 e5 Nf3 Nc6 Bc4 Nf6 d3 Bc5 Ng5 d5 exd5 Na5 d6 Nxc4 dxc4 cxd6 Qf3 Bg4 Qg3 O-O h3 Bf5 Nc3 Bxc2 Nd5 Qa5+ Bd2 Bb4 Nxf6+ Kh8 Nxf7+ Rxf7 Ne4 Bxd2+ Nxd2,C50
2026-02-19,EesshGPg,bullet,14:08,914,919,5,win,1,white,906,mantovnikas,-13,54,e4 e5 Nf3 d6 Bc4 Bg4 d3 Nf6 h3 c6 Bg5 Bxf3 Qxf3 h6 Bxf6 Qxf6 Qxf6 gxf6 g4 Rg8 f3 Nd7 Nd2 b5 Bb3 a5 a3 a4 Ba2 Nc5 Nf1 O-O-O Bxf7 Rg7 Be6+ Nxe6 Ng3 Nf4 O-O-O Ne2+ Nxe2 f5 exf5 h5 Ng3 hxg4 fxg4 Be7 Ne4 Bg5+ Kb1 d5 Nc5 Rh8 Ne6 Rgg8 Rde1 Bf4 d4 e4 Nxf4 Rh7 Ne6 Rgh8 Ng5 Kb7 Nxh7 Rxh7 h4 Kb6 h5 Ka5 g5 b4 g6 bxa3 bxa3 Kb5 gxh7 Kc4 h6 Kxd4 h8=Q+ Kc4 Qb2 d4 Rd1 d3 Qa2+ Kd4 cxd3 exd3 Rh4+ Ke3 Rh3+ Kd4 Qd2 c5 Qxd3+ Ke5 Re3+ Kf6 Qd6+ Kg5 Qxc5 Kh4 f6 Kg4 Rd4#,C41
2026-02-19,3p5FlNJe,bullet,14:18,919,915,-4,loss,-1,black,999,totomeneses,84,12,d4 d5 c4 e6 cxd5 Qxd5 Nc3 Qd8 e4 Bb4 Bd2 Qxd4 Nb5 Bxd2+ Qxd2 Qxe4+ Be2 Qe5 Rd1 Nc6 Nf3 Qf6 Nxc7+ Ke7 Qd6#,D30
2026-02-19,gpQ6qr5i,bullet,14:25,915,911,-4,loss,-1,black,1002,Pablitorz,91,30,d4 d5 Nc3 e6 e4 Bb4 Bd2 Bxc3 Bxc3 Nc6 e5 Nge7 Bb5 O-O Nf3 Bd7 O-O Nb8 Bxd7 Nxd7 Qd3 Re8 Bd2 Ng6 c4 h6 cxd5 exd5 b3 c6 a3 a6 e6 Rxe6 Ne5 Ndxe5 dxe5 Rxe5 Rfe1 Qf6 Bc3 Nf4 Bxe5 Nxd3 Bxf6 Nxe1 Bd4 Nd3 Rd1 Nf4 g3 Ne6 Bb6 g5 f4 g4 Re1 h5 f5,C15
2026-02-19,6ZUXeotM,bullet,14:39,911,918,7,win,1,black,995,Sasha_Chess420,77,19,e4 e5 Nf3 Nc6 Bc4 Nf6 Ng5 d5 exd5 Na5 Bb5+ c6 dxc6 bxc6 Ba4 h6 b4 Bxb4 c3 Be7 Qe2 hxg5 Qxe5 O-O O-O Ng4 Qe2 Bd6 g3 Ne5 Re1 Bg4 Qe4 Nf3+ Kf1 Nxe1 Kxe1 Re8,C58
2026-02-19,TClUwwhE,bullet,15:10,918,922,4,win,1,white,850,simbajustin,-72,22,e4 e5 Nf3 Nc6 Bb5 Bd6 d3 a6 Bxc6 dxc6 a3 Bg4 h3 Bh5 Be3 Nf6 Nbd2 O-O O-O Qc8 Bg5 Nd7 g4 Bg6 Nh4 f6 Nxg6 hxg6 Bh4 g5 Bg3 Kf7 Nf3 Rh8 Kg2 Rh6 Rh1 Qh8 Ng1 Qh7 f3 Nc5 b4 Na4 Qd2,C60
2026-02-19,3aS3hJnA,bullet,17:39,922,917,-5,loss,-1,white,954,Shchiparenkov,37,8,e4 e5 Nf3 Nc6 Bb5 Nd4 Nxd4 exd4 d3 c6 Bc4 b5 Bb3 Nf6 a3,C61
2026-02-20,LKaOt4ql,bullet,13:22,917,913,-4,loss,-1,white,1036,Rajraina11,123,34,e4 e5 Nf3 d6 Bc4 Bg4 d3 Nc6 Be3 Nf6 Nbd2 g6 O-O Bg7 c3 O-O Qb3 Rb8 Bg5 a6 Bd5 Nxd5 Bxd8 Bxf3 Bxc7 Nxc7 Nxf3 b5 Ng5 h6 Nf3 Kh7 d4 exd4 cxd4 f5 d5 fxe4 dxc6 exf3 gxf3 Rf5 Rab1 Rbf8 Rfd1 Rxf3 Qc2 Rxf2 Qxf2 Rxf2 Kxf2 Ne6 Rxd6 h5 Re1 Ng5 c7 Nh3+ Kg3 Ng5 c8=Q h4+ Kxh4 Nf3+ Kg3 Nxe1 Qh3+ Bh6,C41
2026-02-20,Ws5oZX4o,bullet,14:01,913,918,5,win,1,black,859,Mojojoe,-59,24,d4 d5 Bf4 Nc6 e3 a6 Nc3 Bf5 Bd3 Bxd3 Qxd3 e6 Nf3 Nf6 O-O Bd6 Bxd6 Qxd6 Rfe1 O-O h3 Nb4 Qd2 b5 a3 Nc6 a4 b4 Ne2 a5 b3 Ne7 Ne5 Ng6 Nf4 Nxe5 dxe5 Qxe5 Rad1 Ne4 Qd4 Qf5 c4 bxc3 Qc5 Nxc5 b4 axb4,D00
2026-02-20,NTy5YeFY,bullet,14:20,918,923,5,win,1,white,876,anton_logoyskiy,-47,20,e4 c6 Nf3 d5 e5 e6 d4 c5 Nc3 c4 Be2 Nc6 Be3 Nge7 a3 a5 Ng5 Nf5 Bg4 Nxe3 Qf3 Qxg5 fxe3 b6 O-O b5 Qxf7+ Kd8 Bxe6 Qxe3+ Kh1 Bxe6 Qxe6 Nxd4 Qxd5+ Ke7 Rf7+ Ke8 Qd7#,B10
2026-02-20,ssYuvznw,bullet,14:28,923,917,-6,loss,-1,black,934,Bmladbuchen,17,10,e4 e5 Nf3 Nc6 Bc4 Nf6 d4 exd4 e5 Qe7 O-O Ng4 Bg5 f6 exf6 Qd6 Re1+ Nge5 Nxe5 Nxe5 f7#,C44
2026-02-20,G3UzJiLP,bullet,15:57,917,914,-3,loss,-1,black,1030,TOMACG,116,32,e4 e5 Nf3 Nc6 c3 a6 d3 d6 Be3 Bg4 h3 Bxf3 Qxf3 Nf6 Be2 Be7 Nd2 Qd7 O-O-O O-O-O g4 b6 Bg5 Ne8 Bxe7 Qxe7 b3 f6 Nb1 Na7 d4 b5 dxe5 Qxe5 Rd5 Qe6 Nd2 c6 Rd3 c5 Rd5 Nc7 Rd3 b4 cxb4 cxb4 Rd1 Rd7 Nc4 Nab5 Nb6+ Kd8 Nxd7 Kxd7 Rxd6+ Nxd6 Bc4 Qe5 a4 Rc8 Qd3 Qa1+ Kd2 Qb2+ Ke1,C44
2026-02-20,1YIAXrNQ,bullet,17:53,914,920,6,win,1,white,963,Corlis,43,10,e4 e5 Nf3 Nc6 Bb5 d6 d3 Bd7 Bxc6 Bxc6 h3 Be7 Nc3 f6 a3 g5 Nh2 Nh6 Qh5+,C62
2026-02-20,83tCxUjY,bullet,18:04,920,927,7,win,1,white,1014,elpotrillo78,87,24,e4 c5 Nf3 Nc6 Bb5 Nd4 Nxd4 cxd4 d3 Qa5+ c3 Qxb5 cxd4 g6 Nc3 Qb4 a3 Qxd4 Be3 Qf6 Nd5 Qc6 Bd4 Nf6 Nxf6+ exf6 Rc1 Qd6 Rc4 Bg7 Bc5 Qe5 O-O d6 Qa4+ Bd7 Qb4 dxc5 Qxb7 Qb8 Qd5 O-O Qxd7 Rd8 Qc6 Rxd3 Qxc5,B30
2026-02-20,ygdRjkjo,bullet,19:44,927,921,-6,loss,-1,white,940,Emilo_Ayora10,19,49,e4 Nc6 Nf3 e5 Bb5 Nf6 d3 a6 Bxc6 bxc6 Nxe5 Bb7 Bg5 d5 Nc3 Bd6 Nf3 h6 Bxf6 Qxf6 Ne2 dxe4 dxe4 Bb4+ c3 Bc5 e5 Qg6 Nf4 Qf5 O-O O-O Nh3 Bb6 Qe2 c5 Rae1 Bxf3 Qxf3 Qxf3 gxf3 c4 f4 Rfe8 f5 g5 fxg6 fxg6 Nf4 Rad8 Nxg6 Rd2 e6 Rxb2 e7 Bxf2+ Rxf2 Rxf2 Kxf2 Kf7 Nh8+ Rxh8 e8=Q+ Rxe8 Rxe8 Kxe8 Kf3 Kf7 Kf4 Ke6 h4 Kd6 Kf5 Kd5 Kg6 Ke4 Kxh6 Kd3 Kg5 Kxc3 h5 Kd3 h6 c3 h7 c2 h8=Q c1=Q+ Kf6 Qf1+ Ke5 Qe1+ Kf6 Qf1+ Ke7 Qe1+ Kd8 Qa5,C65
2026-02-21,3CqiyVAb,bullet,16:39,921,915,-6,loss,-1,white,903,munkhnaran_g,-12,26,e4 e5 Nf3 Nc6 Bb5 Bc5 d3 a6 Bxc6 dxc6 h3 Nf6 Nxe5 O-O Nf3 b5 Bg5 h6 Bxf6 Qxf6 Nbd2 Qxb2 Nb3 Qc3+ Nfd2 a5 O-O a4 Nxc5 Qxc5 Qf3 f5 Rae1 fxe4 Qxe4 Bf5 Qh4 Kh7 d4 Qxd4 Qxd4 Rad8 Qe3 Bxc2 Ne4 b4 Qg3 b3 axb3 axb3 Qc3 Rf4,C64
2026-02-24,UbPSOgdQ,bullet,13:57,915,921,6,win,1,black,936,Shmaga,15,28,e4 e5 Nf3 Nc6 d4 exd4 c3 dxc3 Nxc3 a6 e5 Bb4 Qb3 Bxc3+ bxc3 d5 c4 d4 c5 Bg4 Bc4 Bxf3 gxf3 Nh6 Bxh6 gxh6 Bxf7+ Kf8 Qe6 d3 Qf5 d2+ Ke2 Nd4+ Kf1 Nxf5 Rg1 Qd3+ Kg2 Nh4+ Kg3 Kxf7 Kxh4 Rag8 f4 Rxg1 Rxg1 d1=Q Rxd1 Qxd1 f3 Qxf3 h3 Qxf4+ Kh5 Qg5#,C44
2026-02-25,yRBqIuis,bullet,12:56,921,916,-5,loss,-1,white,965,afofa,49,34,e4 e5 Nf3 d6 Bb5+ Bd7 Bc4 Nc6 Bb5 Nf6 Bxc6 Bxc6 d3 Be7 Bg5 h6 Bxf6 Bxf6 O-O O-O Nc3 b5 a4 a6 a5 b4 Ne2 Rb8 Nd2 d5 c3 bxc3 bxc3 dxe4 dxe4 Bb5 c4 Bc6 Qc2 Re8 Ng3 Re7 Nf3 Rd7 h3 Bh4 Nf5 Bg5 Rfd1 Rxd1+ Rxd1 Qf6 Ng3 Bf4 Nf5 Rd8 Rxd8+ Qxd8 Nxh6+ gxh6 Nh4 Bg5 Nf5 Qd2 Qb3 Qe1+ Kh2 Qxe4,C41
2026-02-25,La5GfIXw,bullet,15:04,916,910,-6,loss,-1,black,901,TheGreatMarker,-9,28,e4 e5 d3 Nf6 f4 Nc6 fxe5 Nxe5 Bf4 d6 Bxe5 dxe5 Nc3 Bb4 Qd2 Bxc3 Qxc3 Ng4 h3 Ne3 d4 exd4 Qd2 Be6 c3 dxc3 Qxe3 cxb2 Rb1 Qf6 Qd2 O-O Rxb2 Rfd8 Qf2 Qc3+ Rd2 Qc1+ Ke2 Rxd2+ Kf3 Rxf2+ Kxf2 Qc2+ Kg3 Qxa2 Nf3 Qb3 Bc4 Qxc4 Rf1 Qc3 Rf2 Bd7 Kh2 Qf6 g4,C20
2026-02-25,kC91AgGN,bullet,15:51,910,905,-5,loss,-1,black,892,Genie5,-13,30,e4 e5 Nf3 Nc6 c3 a6 d4 Bd6 Be3 Nf6 Bd3 Ng4 Qe2 Nxe3 Qxe3 h6 d5 Ne7 Nbd2 Ng6 g3 b6 Nc4 Bc5 Qd2 d6 b4 Bxb4 cxb4 b5 Na5 Qf6 Be2 Bg4 Qd3 O-O-O Nc6 Rd7 Rc1 Bxf3 Bxf3 Qg5 Ra1 Ne7 Nxe7+ Rxe7 a4 Kd7 axb5 Ra8 bxa6 Rxa6 Rxa6 Qc1+ Ke2 Qb2+ Ke3 Qxb4 Rb1 Qc5+ Ke2,C44
2026-02-26,27S7Zqws,bullet,12:44,905,899,-6,loss,-1,black,933,Ringhio08,34,38,e4 e5 Nf3 Nc6 Bb5 a6 Bxc6 dxc6 O-O Bg4 h3 Bxf3 Qxf3 Nf6 c3 Bc5 d4 exd4 cxd4 Bxd4 Rd1 c5 Nd2 O-O Nb3 b6 Bg5 Qd6 e5 Qxe5 Nxd4 cxd4 Bxf6 Qxf6 Qxf6 gxf6 Rxd4 Rad8 Rad1 Rxd4 Rxd4 c5 Rd6 Rb8 Rxf6 Kg7 Rc6 a5 a4 f6 g4 Kg6 f4 h6 Kf2 Kf7 Ke3 Ke7 Ke4 Kd7 Rxf6 Re8+ Kf3 Re6 Rxe6 Kxe6 f5+ Kf6 Ke4 c4 Kd5 Kg5 Kxc4 h5 gxh5 Kxf5 Kb5,C69
